[
    {
        "type": "message",
        "user": "U08F438SK",
        "text": "Pay to vote on Ethereum from Ethan Buchman: <http:\/\/thecoinfront.com\/crypto-swartz-will-get-you-paid-for-your-great-content\/>",
        "attachments": [
            {
                "service_name": "The CoinFront",
                "title": "Crypto Swartz Will Get You Paid For Your Great Content | The CoinFront | Bitcoin News",
                "title_link": "http:\/\/thecoinfront.com\/crypto-swartz-will-get-you-paid-for-your-great-content\/",
                "text": "The Crypto Swartz platform, named after Aaron Swartz, is looking to help monetize content in an open source cryptocurrency platform.",
                "fallback": "The CoinFront: Crypto Swartz Will Get You Paid For Your Great Content | The CoinFront | Bitcoin News",
                "image_url": "http:\/\/thecoinfront.com\/wp-content\/uploads\/2014\/06\/crypto-swartz-the-coinfront-on-the-front-lines-of-the-bitcoin-world.jpg",
                "ts": 1403521256,
                "from_url": "http:\/\/thecoinfront.com\/crypto-swartz-will-get-you-paid-for-your-great-content\/",
                "image_width": 430,
                "image_height": 250,
                "image_bytes": 55703,
                "id": 1
            }
        ],
        "ts": "1441291942.000103"
    },
    {
        "type": "message",
        "user": "U08F438SK",
        "text": "(vote on content)",
        "ts": "1441291955.000105"
    },
    {
        "type": "message",
        "user": "U08F438SK",
        "text": "And it's an old one. Great to see so many people excited about these ideas.",
        "ts": "1441291983.000106"
    },
    {
        "type": "message",
        "user": "U07GDL0H5",
        "text": "that sounds very similar to backfeed",
        "ts": "1441301639.000107"
    },
    {
        "user": "U0A4S9SRJ",
        "type": "message",
        "subtype": "channel_join",
        "text": "<@U0A4S9SRJ|ashok> has joined the channel",
        "ts": "1441313206.000108"
    },
    {
        "user": "U0A4S79H6",
        "type": "message",
        "subtype": "channel_join",
        "text": "<@U0A4S79H6|justin> has joined the channel",
        "ts": "1441313286.000109"
    },
    {
        "type": "message",
        "user": "U07GDL0H5",
        "text": "What are Users Paying For and Why? <http:\/\/blog.datt.co\/articles\/2015-09-03-why-pay\/>",
        "ts": "1441319021.000110",
        "reactions": [
            {
                "name": "+1",
                "users": [
                    "U08EZP01H",
                    "U08E6MSBH"
                ],
                "count": 2
            }
        ]
    },
    {
        "type": "message",
        "user": "U08EZP01H",
        "text": "You did a really awesome job of breaking that down into something digestible. Really awesome!",
        "ts": "1441320436.000111"
    },
    {
        "type": "message",
        "user": "U07GDL0H5",
        "text": "thx :simple_smile:",
        "ts": "1441320471.000112"
    },
    {
        "type": "message",
        "user": "U08E6MSBH",
        "text": "nice!!",
        "ts": "1441320482.000113"
    }
]