[
    {
        "user": "U08D641AP",
        "type": "message",
        "subtype": "channel_join",
        "text": "<@U08D641AP|martindale> has joined the channel",
        "ts": "1438844683.000418"
    },
    {
        "type": "message",
        "user": "U08D641AP",
        "text": "<@U08EZP01H>: would you mind uploading some cropped assets?  no padding",
        "ts": "1438844688.000419"
    },
    {
        "type": "message",
        "user": "U08C464NS",
        "text": "no I've been busy",
        "ts": "1438844778.000420"
    },
    {
        "type": "message",
        "user": "U08C464NS",
        "text": "you're more than welcome to do it yourself, all the assets are on github (including the draft html template)",
        "ts": "1438844804.000421"
    },
    {
        "type": "message",
        "user": "U08EZP01H",
        "text": "<@U08D641AP> sure thing. i'll get you those this morning. PNG transparents?",
        "ts": "1438876071.000422"
    },
    {
        "type": "message",
        "user": "U08EZP01H",
        "text": "<@U08C464NS>: Yea I've been trying to use this week to finish up some freelance projects myself. I can look into it over the weekend; I may need to do some learning and ask questions.",
        "ts": "1438876263.000423"
    },
    {
        "type": "message",
        "user": "U08EZP01H",
        "text": "also, if anyone wants to learn about WebRTC, I'm halfway through this video and it's been great: <https:\/\/youtu.be\/p2HzZkd2A40>",
        "attachments": [
            {
                "service_name": "YouTube",
                "service_url": "https:\/\/www.youtube.com\/",
                "title": "Real-time communication with WebRTC: Google I\/O 2013",
                "title_link": "https:\/\/youtu.be\/p2HzZkd2A40",
                "author_name": "Google Developers",
                "author_link": "https:\/\/www.youtube.com\/user\/GoogleDevelopers",
                "thumb_url": "https:\/\/i.ytimg.com\/vi\/p2HzZkd2A40\/hqdefault.jpg",
                "thumb_width": 480,
                "thumb_height": 360,
                "fallback": "YouTube Video: Real-time communication with WebRTC: Google I\/O 2013",
                "video_html": "<iframe width=\"400\" height=\"225\" src=\"https:\/\/www.youtube.com\/embed\/p2HzZkd2A40?feature=oembed\" frameborder=\"0\" allowfullscreen><\/iframe>",
                "video_html_width": 400,
                "video_html_height": 225,
                "from_url": "https:\/\/youtu.be\/p2HzZkd2A40",
                "id": 1
            }
        ],
        "ts": "1438904169.000424",
        "reactions": [
            {
                "name": "+1",
                "users": [
                    "U08ERPTQF",
                    "U07GDL0H5",
                    "U08DD8LNP"
                ],
                "count": 3
            }
        ]
    },
    {
        "type": "message",
        "user": "U08EZP01H",
        "text": "<@U08ERPTQF>: i uploaded that theme i mentioned to dropbox. i think we can make it work for now. <https:\/\/www.dropbox.com\/s\/bk4krzo4qn40hwr\/products-WB0T91XF9.zip?dl=0>",
        "ts": "1438925324.000426",
        "reactions": [
            {
                "name": "+1",
                "users": [
                    "U08ERPTQF"
                ],
                "count": 1
            }
        ]
    },
    {
        "type": "message",
        "user": "U08EZP01H",
        "text": "I'd put it in GitHub by I'm still learning the rope there.",
        "ts": "1438925355.000427"
    },
    {
        "type": "message",
        "user": "U08EZP01H",
        "text": "ropes*",
        "ts": "1438925360.000428"
    },
    {
        "type": "message",
        "user": "U08EZP01H",
        "text": "here's the preview again: <https:\/\/wrapbootstrap.com\/theme\/influence-one-page-business-template-WB0T91XF9>",
        "attachments": [
            {
                "text": "Influence - One Page Business Template Influence is fully responsive professional one page template, based on the newest Bootstrap 3.3. Incredible quick start thanks to detailed documentation and LESS",
                "fallback": "Influence - One Page Business Template Influence is fully responsive professional one page template, based on the newest Bootstrap 3.3. Incredible quick start thanks to detailed documentation and LESS",
                "from_url": "https:\/\/wrapbootstrap.com\/theme\/influence-one-page-business-template-WB0T91XF9",
                "id": 1
            }
        ],
        "ts": "1438925391.000429"
    },
    {
        "type": "message",
        "user": "U08EZP01H",
        "text": "I think the 'LATEST NEWS' section could be a really cool timeline",
        "ts": "1438925408.000431"
    },
    {
        "type": "message",
        "user": "U08EZP01H",
        "text": "that FAQ you mentioned would also look pretty awesome on this",
        "ts": "1438925665.000432"
    }
]