[
    {
        "type": "message",
        "user": "U08ERPTQF",
        "text": "Building a Decentralized, Bitcoin-Powered Reddit  <http:\/\/coinde.sk\/1NKbzWu> ",
        "attachments": [
            {
                "service_name": "CoinDesk",
                "title": "Inside the Movement to Build a Bitcoin-Powered Reddit",
                "title_link": "http:\/\/coinde.sk\/1NKbzWu",
                "text": "CoinDesk previews developer Ryan X Charles' forthcoming decentralized Reddit project, now known as DATT.",
                "fallback": "CoinDesk: Inside the Movement to Build a Bitcoin-Powered Reddit",
                "thumb_url": "http:\/\/media.coindesk.com\/2015\/08\/Reddit-e1440609187553.jpg",
                "ts": 1441101878,
                "from_url": "http:\/\/coinde.sk\/1NKbzWu",
                "thumb_width": 1500,
                "thumb_height": 1000,
                "id": 1
            }
        ],
        "ts": "1441099254.000078",
        "reactions": [
            {
                "name": "+1",
                "users": [
                    "U08MAKT70",
                    "U08DH3ESU",
                    "U08CG8V89",
                    "U08EZP01H",
                    "U09VDPQAU",
                    "U07GDL0H5",
                    "U08F438SK"
                ],
                "count": 7
            }
        ]
    },
    {
        "user": "U09V2FAR4",
        "type": "message",
        "subtype": "channel_join",
        "text": "<@U09V2FAR4|vrontis> has joined the channel",
        "ts": "1441104825.000080"
    },
    {
        "user": "U09V864NR",
        "type": "message",
        "subtype": "channel_join",
        "text": "<@U09V864NR|udi> has joined the channel",
        "ts": "1441112579.000081"
    },
    {
        "user": "U09VD8E7L",
        "type": "message",
        "subtype": "channel_join",
        "text": "<@U09VD8E7L|alexiveson> has joined the channel",
        "ts": "1441117288.000082"
    },
    {
        "user": "U09VDLJ4A",
        "type": "message",
        "subtype": "channel_join",
        "text": "<@U09VDLJ4A|tobo> has joined the channel",
        "ts": "1441117674.000083"
    },
    {
        "type": "message",
        "user": "U09VDLJ4A",
        "text": "Is there an ETA for launch?",
        "ts": "1441117728.000084"
    },
    {
        "user": "U09VDPQAU",
        "type": "message",
        "subtype": "channel_join",
        "text": "<@U09VDPQAU|briceb8e> has joined the channel",
        "ts": "1441118061.000085"
    },
    {
        "type": "message",
        "user": "U08EZP01H",
        "text": "<@U09VDLJ4A> There's a week 4 update on our blog. We're aiming for a finished prototype by Sept 10th. Read more: <http:\/\/blog.datt.co\/>",
        "ts": "1441119594.000086"
    },
    {
        "type": "message",
        "user": "U08C464NS",
        "text": "<https:\/\/www.reddit.com\/r\/Bitcoin\/comments\/3j79li\/inside_the_movement_to_build_a_bitcoinpowered\/>",
        "attachments": [
            {
                "service_name": "reddit",
                "title": "Inside the Movement to Build a Bitcoin-Powered Reddit \u2022 \/r\/Bitcoin",
                "title_link": "https:\/\/www.reddit.com\/r\/Bitcoin\/comments\/3j79li\/inside_the_movement_to_build_a_bitcoinpowered\/",
                "text": "22 points and 5 comments so far on reddit",
                "fallback": "reddit: Inside the Movement to Build a Bitcoin-Powered Reddit \u2022 \/r\/Bitcoin",
                "thumb_url": "https:\/\/i.redditmedia.com\/05-asectzk8iYuHUeT088IV08etTq11bpQIjm_qurYU.jpg?w=320&s=9ba677c3895c42de024d122d1cdc22f7",
                "from_url": "https:\/\/www.reddit.com\/r\/Bitcoin\/comments\/3j79li\/inside_the_movement_to_build_a_bitcoinpowered\/",
                "thumb_width": 320,
                "thumb_height": 213,
                "id": 1
            }
        ],
        "ts": "1441120291.000087"
    },
    {
        "type": "message",
        "user": "U09VDLJ4A",
        "text": "Great! I just started to read this project. It sounds awesome. In term of data storage, I wonder if it is possible for datt in the future to utilized a third party decentralized storage platform like Sia platform - <https:\/\/bitcointalk.org\/index.php?topic=1060294.0>",
        "attachments": [
            {
                "text": "[ANN] Sia - Decentralized Storage - Working Beta - Currency has been released",
                "fallback": "[ANN] Sia - Decentralized Storage - Working Beta - Currency has been released",
                "from_url": "https:\/\/bitcointalk.org\/index.php?topic=1060294.0",
                "id": 1
            }
        ],
        "ts": "1441120549.000089"
    },
    {
        "type": "message",
        "user": "U09VDLJ4A",
        "text": "will there be a crowd fundraising for this project in the near future?",
        "ts": "1441120741.000091"
    },
    {
        "type": "message",
        "user": "U08C9E7J5",
        "text": "Cool whitepaper on a decentralized content voting system someone on reddit's been working on: <http:\/\/lucaa.org\/docs\/kudos.pdf>",
        "ts": "1441121241.000092"
    },
    {
        "user": "U0A05M5E3",
        "type": "message",
        "subtype": "channel_join",
        "text": "<@U0A05M5E3|josh.h> has joined the channel",
        "ts": "1441122761.000093"
    },
    {
        "type": "message",
        "user": "U07GDL0H5",
        "text": "<@U09VDLJ4A>: sia sounds extremely similar to ipfs.",
        "ts": "1441123179.000094"
    },
    {
        "type": "message",
        "user": "U07GDL0H5",
        "text": "<https:\/\/github.com\/ipfs\/ipfs>",
        "attachments": [
            {
                "service_name": "GitHub",
                "title": "ipfs\/ipfs",
                "title_link": "https:\/\/github.com\/ipfs\/ipfs",
                "text": "ipfs - IPFS - The Permanent Web",
                "fallback": "GitHub: ipfs\/ipfs",
                "thumb_url": "https:\/\/avatars2.githubusercontent.com\/u\/10536621?v=3&s=400",
                "from_url": "https:\/\/github.com\/ipfs\/ipfs",
                "thumb_width": 400,
                "thumb_height": 400,
                "id": 1
            }
        ],
        "ts": "1441123195.000095"
    },
    {
        "user": "U0A0DMZHB",
        "type": "message",
        "subtype": "channel_join",
        "text": "<@U0A0DMZHB|frankenmint> has joined the channel",
        "ts": "1441129574.000097"
    },
    {
        "user": "U0A0G2N2Y",
        "type": "message",
        "subtype": "channel_join",
        "text": "<@U0A0G2N2Y|ahazrat> has joined the channel",
        "ts": "1441131914.000098"
    },
    {
        "user": "U0A0JPGMV",
        "type": "message",
        "subtype": "channel_join",
        "text": "<@U0A0JPGMV|oferlehr> has joined the channel",
        "ts": "1441134143.000099"
    }
]