[
    {
        "type": "message",
        "user": "U08F438SK",
        "text": "<http:\/\/qz.com\/478732\/a-like-button-with-cash-attached-chinas-wechat-offers-the-option-to-tip-writers-for-posts\/>",
        "attachments": [
            {
                "service_name": "Quartz",
                "service_url": "http:\/\/qz.com",
                "title": "A \u201clike\u201d button with cash attached: China\u2019s WeChat offers the option to tip writers for posts",
                "title_link": "http:\/\/qz.com\/478732\/a-like-button-with-cash-attached-chinas-wechat-offers-the-option-to-tip-writers-for-posts\/",
                "author_name": "Josh Horwitz",
                "author_link": "https:\/\/qz.com\/author\/jhorwitzqz\/",
                "thumb_url": "https:\/\/i2.wp.com\/qzprod.files.wordpress.com\/2015\/08\/wechat.jpg?fit=200%2C150&quality=80&strip=all",
                "thumb_width": 200,
                "thumb_height": 112,
                "text": "The idea of paying for online media content by the piece has been floating around for some time now, but beyond the perennial think-piece and occasional startup, the concept hasn\u2019t gained much traction.\nIn China, however, media micropayments might get their moment now that one of the nation\u2019s largest online publishers has thrown its hat into the ring.\nWeChat, which has 600 million monthly active users in China and abroad, has announced that it will broaden a micropayment system for writers who release posts through \u201cofficial accounts\u201d\u2014public-facing chat rooms that in some cases double as publishing platforms for writers.\nAfter reading an article, users can opt to \u201cpraise\u201d the author, after which they can choose to donate cash to the author using WeChat payments, the app\u2019s Paypal-esque mobile wallet. Increments range from 5 yuan (less than $1) to 200 yuan (about $30).\nWeChat is possibly the only social network in the world, besides Facebook, with the muscle to make this possible. Andrew Schorr, who runs the WeChat-centric startup Grata from Beijing, says that WeChat\u2019s near-monopoly on smartphone usage in China makes such a foray feasible.\n\u201cBasically every smartphone owner in China is on WeChat, and there are no other alternative payment forms [besides WeChat Payments] that need to be offered\u2014it\u2019s WeChat-only article publishing, WeChat-only payments, and WeChat controls the tip button,\u201d says Schorr.\nThe feature is still in beta-testing and for now remains geared toward hobbyist writers. Payments are donation-based and not mandatory\u2014they\u2019re a \u201cLike\u201d button with cash attached. They\u2019re also only available for individual accounts attached to personal bank cards, rather than business accounts typically run by registered media companies. (WeChat offers various types of public-facing accounts for businesses and individuals looking to attract a following). But Schorr says it\u2019s possible the system could blossom into something impactful for the media industry.\n\u201cWhat WeChat has subtly done is condition users to get comfortable exchanging very small amounts of cash to groups of strangers. Now it\u2019s being extended to this praise button,\u201d says Schorr. \u201cWe could see this expand to business as the next logical step\u2014it\u2019s just a matter of speed to market so it\u2019s much easier [to start] with individuals,\u201d he adds.\nSelf-made media stars have been emerging throughout China through WeChat and on other social portals, like Youku Tudou, one of the country\u2019s many Youtube-esque websites. One such star, Luo Zhenyu, a former CCTV anchor, posts 60-second clips on WeChat and earns money from his followers by directing them to an e-commerce page with books for sale. Luo has more than 197,000 followers on Sina Weibo (WeChat doesn\u2019t reveal follower numbers for public accounts), and Youku Tudou just invested in his media business.\nMicropayments will unlikely take just any WeChat writer to those heights immediately. But the makers behind WeChat\u2019s next viral video might find themselves with some cash in a tip jar.",
                "fallback": "Quartz Link: A &#8220;like&#8221; button with cash attached: China&#8217;s WeChat offers the option to tip writers for posts",
                "from_url": "http:\/\/qz.com\/478732\/a-like-button-with-cash-attached-chinas-wechat-offers-the-option-to-tip-writers-for-posts\/",
                "id": 1
            }
        ],
        "ts": "1439729081.004142",
        "reactions": [
            {
                "name": "+1",
                "users": [
                    "U08CG8V89",
                    "U094X6WUT",
                    "U08ERPTQF",
                    "U08R1E07Q"
                ],
                "count": 4
            }
        ]
    },
    {
        "user": "U095LH6PL",
        "type": "message",
        "subtype": "channel_join",
        "text": "<@U095LH6PL|eblanshey> has joined the channel",
        "ts": "1439731731.004144"
    },
    {
        "type": "message",
        "user": "U08F438SK",
        "text": "Building <@U08BY8MGV> 's latest mockuo",
        "ts": "1439755970.004145"
    },
    {
        "type": "message",
        "user": "U08F438SK",
        "text": "Mockup*. Thanks again <@U08BY8MGV> ",
        "ts": "1439756012.004146"
    },
    {
        "type": "message",
        "user": "U08DD8LNP",
        "text": "<https:\/\/redecentralize.github.io\/alternative-internet\/>",
        "attachments": [
            {
                "text": "A collection of interesting new networks and tech aiming at decentralisation (in some form).",
                "fallback": "A collection of interesting new networks and tech aiming at decentralisation (in some form).",
                "from_url": "https:\/\/redecentralize.github.io\/alternative-internet\/",
                "id": 1
            }
        ],
        "ts": "1439765187.004147"
    },
    {
        "type": "message",
        "user": "U08DD8LNP",
        "text": "Saw that yesterday, lots of projects relevant to our interests.  <https:\/\/cryptosphere.io> seems especially relevant",
        "attachments": [
            {
                "text": "The Cryptosphere provides an encrypted peer-to-peer application platform for HTML5\/JS applications",
                "fallback": "The Cryptosphere provides an encrypted peer-to-peer application platform for HTML5\/JS applications",
                "from_url": "https:\/\/cryptosphere.io",
                "id": 1
            }
        ],
        "ts": "1439765217.004149",
        "reactions": [
            {
                "name": "+1",
                "users": [
                    "U08ERPTQF"
                ],
                "count": 1
            }
        ]
    },
    {
        "type": "message",
        "user": "U07GDL0H5",
        "text": "that last one looks super relevant ... reading now",
        "ts": "1439765530.004151"
    },
    {
        "type": "message",
        "user": "U08DD8LNP",
        "text": "it seems to be in planning stages still from what I looked at last night",
        "ts": "1439765564.004152"
    },
    {
        "type": "message",
        "user": "U07GDL0H5",
        "text": "yeah, looks like 1) it's written in ruby, 2) the README doesn't really explain how it works, other than \"it's based on git\"",
        "ts": "1439765589.004153"
    },
    {
        "type": "message",
        "user": "U07GDL0H5",
        "text": "looks like they have more documentation with more info",
        "ts": "1439765676.004154"
    },
    {
        "type": "message",
        "user": "U08F438SK",
        "text": "if we're looking at similar projects,  patchwork (built on the scuttlebutt project) overlaps significantly and has working code",
        "ts": "1439767744.004155"
    },
    {
        "type": "message",
        "user": "U08F438SK",
        "text": "screenshots:",
        "ts": "1439767748.004156"
    },
    {
        "type": "message",
        "user": "U08F438SK",
        "text": "<https:\/\/raw.githubusercontent.com\/ssbc\/patchwork-ui\/master\/screenshot2.jpg>",
        "attachments": [
            {
                "fallback": "1366x768px image",
                "image_url": "https:\/\/raw.githubusercontent.com\/ssbc\/patchwork-ui\/master\/screenshot2.jpg",
                "image_width": 1366,
                "image_height": 768,
                "image_bytes": 301468,
                "from_url": "https:\/\/raw.githubusercontent.com\/ssbc\/patchwork-ui\/master\/screenshot2.jpg",
                "id": 1
            }
        ],
        "ts": "1439767750.004157"
    },
    {
        "type": "message",
        "user": "U08F438SK",
        "text": "<https:\/\/raw.githubusercontent.com\/ssbc\/patchwork-ui\/master\/screenshot1.jpg>",
        "attachments": [
            {
                "fallback": "1366x768px image",
                "image_url": "https:\/\/raw.githubusercontent.com\/ssbc\/patchwork-ui\/master\/screenshot1.jpg",
                "image_width": 1366,
                "image_height": 768,
                "image_bytes": 392217,
                "from_url": "https:\/\/raw.githubusercontent.com\/ssbc\/patchwork-ui\/master\/screenshot1.jpg",
                "id": 1
            }
        ],
        "ts": "1439767771.004159"
    },
    {
        "type": "message",
        "user": "U08F438SK",
        "text": "project: <https:\/\/github.com\/ssbc\/patchwork>",
        "attachments": [
            {
                "service_name": "GitHub",
                "title": "ssbc\/patchwork",
                "title_link": "https:\/\/github.com\/ssbc\/patchwork",
                "text": "patchwork - Sharing, messaging, and browsing on a secure peer-to-peer network",
                "fallback": "GitHub: ssbc\/patchwork",
                "thumb_url": "https:\/\/avatars0.githubusercontent.com\/u\/10190339?v=3&s=400",
                "from_url": "https:\/\/github.com\/ssbc\/patchwork",
                "thumb_width": 420,
                "thumb_height": 420,
                "id": 1
            }
        ],
        "ts": "1439767801.004161"
    },
    {
        "type": "message",
        "user": "U08F438SK",
        "text": "the main difference is that they do not have a mission of supporting content creators or moderators",
        "ts": "1439767824.004163"
    },
    {
        "type": "message",
        "user": "U08F438SK",
        "text": "correction, the scuttlebutt gossip protocol \/ networking repos seem far along but the patchwork one seems pretty early stage",
        "ts": "1439767896.004164"
    },
    {
        "type": "message",
        "user": "U08F438SK",
        "text": "anyway back to coding for me :simple_smile:",
        "ts": "1439767922.004165"
    },
    {
        "type": "message",
        "user": "U08DD8LNP",
        "text": "<http:\/\/blocktech.com>",
        "attachments": [
            {
                "service_name": "Blocktech",
                "title": "Alexandria - The People's Library",
                "title_link": "http:\/\/blocktech.com",
                "text": "Decentralized peer-to-peer library for art, history, and culture.",
                "fallback": "Blocktech: Alexandria - The People's Library",
                "image_url": "http:\/\/blocktech.com\/img\/Alexandria-logo-thin-twitter.png",
                "from_url": "http:\/\/blocktech.com",
                "image_width": 483,
                "image_height": 250,
                "image_bytes": 21736,
                "id": 1
            }
        ],
        "ts": "1439772228.004166"
    },
    {
        "type": "message",
        "user": "U08T3P50D",
        "text": "just pointed <@U08DD8LNP> to alexandria. they also use a blockchain for indexing and naming content which is addressed via IPFS hashes. the client is inside a node-webkit container",
        "ts": "1439772504.004168"
    },
    {
        "type": "message",
        "user": "U08T3P50D",
        "text": "just that social stuff is lacking completely. looks more like itunes",
        "ts": "1439772532.004169"
    },
    {
        "type": "message",
        "user": "U08T3P50D",
        "text": "then there is also zeronet, who's core dev I recently met in budapest. censorship-free publishing incl. multiuser blogs\/forums",
        "ts": "1439772615.004170"
    },
    {
        "type": "message",
        "user": "U08T3P50D",
        "text": "neat thing is that every website has its BTC address <http:\/\/zeronet.io\/>",
        "ts": "1439772655.004171"
    },
    {
        "type": "message",
        "user": "U08DD8LNP",
        "text": "yeah I feel like in general we should try to collect a big tent of all these related projects and see how many we can get working on a unified compelling product.  there is a lot of interest around the idea of distributed\/uncensorable discourse right now",
        "ts": "1439772714.004172"
    },
    {
        "type": "message",
        "user": "U08DD8LNP",
        "text": "because a lot of the bigger social sites seem to be trying to pivot to profitability at the same time",
        "ts": "1439772752.004173"
    },
    {
        "type": "message",
        "user": "U08DD8LNP",
        "text": "reddit and twitter as well",
        "ts": "1439772764.004174"
    },
    {
        "type": "message",
        "user": "U08T3P50D",
        "text": "cash cows :wink:",
        "ts": "1439772772.004175"
    },
    {
        "type": "message",
        "user": "U08T3P50D",
        "text": "users getting milked",
        "ts": "1439772780.004176"
    },
    {
        "type": "message",
        "user": "U08DD8LNP",
        "text": "yeah, problem is their business model is predicated on the bait and switch.  attract users with little restrictions, and then start cleaning stuff up in the name of attracting more generalized growth and advertisement, but in general I think the bigger problem is that traditional advertisement is dieing as an industry because consumers are largely tired of it",
        "ts": "1439772857.004177",
        "reactions": [
            {
                "name": "+1",
                "users": [
                    "U08ERPTQF",
                    "U08F438SK",
                    "U07GDL0H5",
                    "U094X6WUT"
                ],
                "count": 4
            }
        ]
    },
    {
        "type": "message",
        "user": "U08DD8LNP",
        "text": "and now have the tools to avoid it.  ad blockers are getting very popular now",
        "ts": "1439772870.004178"
    },
    {
        "type": "message",
        "user": "U08ERPTQF",
        "text": "Our business model is predicated on getting the right mix of technologies &amp; incentives.\nI can't wait till we have something ready for testing in the wild to see how it flies",
        "ts": "1439774149.004179"
    },
    {
        "type": "message",
        "user": "U07GDL0H5",
        "text": "there are about \"144 million ad blockers\" - more than the entire population of the internet not too long ago <http:\/\/blog.pagefair.com\/2014\/adblocking-report\/>",
        "ts": "1439774405.004180"
    },
    {
        "type": "message",
        "user": "U08DH3ESU",
        "text": "the cryptosphere project seems to have stalled; No updates for nearly 2 years; It looks closer to bittorrent sync",
        "ts": "1439776056.004181"
    },
    {
        "type": "message",
        "user": "U08F438SK",
        "text": "<@U08T3P50D> <http:\/\/zeronet.io|zeronet.io> is awesome -- but I still think we're on to something by going much simpler (no need to start a webpage, just push \"posts\"\/\"tweets\") and focusing on empowering our users to get paid for the value they add to the platform",
        "ts": "1439778016.004182",
        "reactions": [
            {
                "name": "+1",
                "users": [
                    "U08ERPTQF"
                ],
                "count": 1
            }
        ]
    },
    {
        "type": "message",
        "user": "U08F438SK",
        "text": "\"Locking the web open: a call for a distributed web\": <http:\/\/brewster.kahle.org\/2015\/08\/11\/locking-the-web-open-a-call-for-a-distributed-web-2\/> \nWow. Captures all of the trends at once: p2p web via JS+webRTC , with micropayment via BTC",
        "ts": "1439793168.004183",
        "reactions": [
            {
                "name": "+1",
                "users": [
                    "U08CG8V89",
                    "U08EZP01H",
                    "U094X6WUT",
                    "U08DD8LNP"
                ],
                "count": 4
            }
        ]
    },
    {
        "type": "message",
        "user": "U08F438SK",
        "text": "Also spends some time in post on distributed authentication &amp; identity",
        "ts": "1439793218.004184"
    },
    {
        "type": "message",
        "user": "U08F438SK",
        "text": "Mostly a rah-rah article but good to see so much of our approach being hailed as the way forward. ",
        "ts": "1439793408.004185"
    }
]