[
    {
        "user": "U0A7514R1",
        "type": "message",
        "subtype": "channel_join",
        "text": "<@U0A7514R1|bubbly789> has joined the channel",
        "ts": "1441451963.000131"
    },
    {
        "type": "message",
        "user": "U08CG8V89",
        "text": "assumingly, many of you have already seen this: <http:\/\/zeronet.io\/> (Real-time updated, P2P websites\nusing Bitcoin cryptography and the BitTorrent network)",
        "edited": {
            "user": "U08CG8V89",
            "ts": "1441463048.000000"
        },
        "ts": "1441463016.000132"
    },
    {
        "type": "message",
        "user": "U08F438SK",
        "text": "Yes, zeronet is awesome. Just don't like the required install",
        "ts": "1441483643.000134"
    }
]