[
    {
        "type": "message",
        "subtype": "file_share",
        "text": "<@U08EZP01H|darrenm> uploaded a file: <https:\/\/dattnetwork.slack.com\/files\/darrenm\/F0A4Y8LET\/stickers_concept-01.png|stickers_concept-01.png>",
        "file": {
            "id": "F0A4Y8LET",
            "created": 1441319472,
            "timestamp": 1441319472,
            "name": "stickers_concept-01.png",
            "title": "stickers_concept-01.png",
            "mimetype": "image\/png",
            "filetype": "png",
            "pretty_type": "PNG",
            "user": "U08EZP01H",
            "editable": false,
            "size": 3016,
            "mode": "hosted",
            "is_external": false,
            "external_type": "",
            "is_public": true,
            "public_url_shared": false,
            "display_as_bot": false,
            "username": "",
            "url": "https:\/\/slack-files.com\/files-pub\/T07GDKW3U-F0A4Y8LET-4bda58fd09\/stickers_concept-01.png",
            "url_download": "https:\/\/slack-files.com\/files-pub\/T07GDKW3U-F0A4Y8LET-4bda58fd09\/download\/stickers_concept-01.png",
            "url_private": "https:\/\/files.slack.com\/files-pri\/T07GDKW3U-F0A4Y8LET\/stickers_concept-01.png",
            "url_private_download": "https:\/\/files.slack.com\/files-pri\/T07GDKW3U-F0A4Y8LET\/download\/stickers_concept-01.png",
            "thumb_64": "https:\/\/slack-files.com\/files-tmb\/T07GDKW3U-F0A4Y8LET-eefa7c4563\/stickers_concept-01_64.png",
            "thumb_80": "https:\/\/slack-files.com\/files-tmb\/T07GDKW3U-F0A4Y8LET-eefa7c4563\/stickers_concept-01_80.png",
            "thumb_360": "https:\/\/slack-files.com\/files-tmb\/T07GDKW3U-F0A4Y8LET-eefa7c4563\/stickers_concept-01_360.png",
            "thumb_360_w": 216,
            "thumb_360_h": 216,
            "thumb_160": "https:\/\/slack-files.com\/files-tmb\/T07GDKW3U-F0A4Y8LET-eefa7c4563\/stickers_concept-01_160.png",
            "image_exif_rotation": 1,
            "original_w": 216,
            "original_h": 216,
            "permalink": "https:\/\/dattnetwork.slack.com\/files\/darrenm\/F0A4Y8LET\/stickers_concept-01.png",
            "permalink_public": "https:\/\/slack-files.com\/T07GDKW3U-F0A4Y8LET-4bda58fd09",
            "channels": [
                "C09HR1JJW"
            ],
            "groups": [

            ],
            "ims": [

            ],
            "comments_count": 0,
            "reactions": [
                {
                    "name": "+1",
                    "users": [
                        "U07GDL0H5",
                        "U08CG8V89",
                        "U08ERPTQF"
                    ],
                    "count": 3
                }
            ]
        },
        "user": "U08EZP01H",
        "upload": true,
        "display_as_bot": false,
        "username": "<@U08EZP01H|darrenm>",
        "bot_id": null,
        "ts": "1441319473.000034"
    },
    {
        "type": "message",
        "subtype": "file_share",
        "text": "<@U08EZP01H|darrenm> uploaded a file: <https:\/\/dattnetwork.slack.com\/files\/darrenm\/F0A4XQSHW\/stickers_concept-02.png|stickers_concept-02.png>",
        "file": {
            "id": "F0A4XQSHW",
            "created": 1441319475,
            "timestamp": 1441319475,
            "name": "stickers_concept-02.png",
            "title": "stickers_concept-02.png",
            "mimetype": "image\/png",
            "filetype": "png",
            "pretty_type": "PNG",
            "user": "U08EZP01H",
            "editable": false,
            "size": 2300,
            "mode": "hosted",
            "is_external": false,
            "external_type": "",
            "is_public": true,
            "public_url_shared": false,
            "display_as_bot": false,
            "username": "",
            "url": "https:\/\/slack-files.com\/files-pub\/T07GDKW3U-F0A4XQSHW-c043209cf2\/stickers_concept-02.png",
            "url_download": "https:\/\/slack-files.com\/files-pub\/T07GDKW3U-F0A4XQSHW-c043209cf2\/download\/stickers_concept-02.png",
            "url_private": "https:\/\/files.slack.com\/files-pri\/T07GDKW3U-F0A4XQSHW\/stickers_concept-02.png",
            "url_private_download": "https:\/\/files.slack.com\/files-pri\/T07GDKW3U-F0A4XQSHW\/download\/stickers_concept-02.png",
            "thumb_64": "https:\/\/slack-files.com\/files-tmb\/T07GDKW3U-F0A4XQSHW-e937f1ae0c\/stickers_concept-02_64.png",
            "thumb_80": "https:\/\/slack-files.com\/files-tmb\/T07GDKW3U-F0A4XQSHW-e937f1ae0c\/stickers_concept-02_80.png",
            "thumb_360": "https:\/\/slack-files.com\/files-tmb\/T07GDKW3U-F0A4XQSHW-e937f1ae0c\/stickers_concept-02_360.png",
            "thumb_360_w": 216,
            "thumb_360_h": 216,
            "thumb_160": "https:\/\/slack-files.com\/files-tmb\/T07GDKW3U-F0A4XQSHW-e937f1ae0c\/stickers_concept-02_160.png",
            "image_exif_rotation": 1,
            "original_w": 216,
            "original_h": 216,
            "permalink": "https:\/\/dattnetwork.slack.com\/files\/darrenm\/F0A4XQSHW\/stickers_concept-02.png",
            "permalink_public": "https:\/\/slack-files.com\/T07GDKW3U-F0A4XQSHW-c043209cf2",
            "channels": [
                "C09HR1JJW"
            ],
            "groups": [

            ],
            "ims": [

            ],
            "comments_count": 0,
            "reactions": [
                {
                    "name": "+1",
                    "users": [
                        "U07GDL0H5",
                        "U08CG8V89"
                    ],
                    "count": 2
                }
            ]
        },
        "user": "U08EZP01H",
        "upload": true,
        "display_as_bot": false,
        "username": "<@U08EZP01H|darrenm>",
        "bot_id": null,
        "ts": "1441319476.000035"
    },
    {
        "type": "message",
        "subtype": "file_share",
        "text": "<@U08EZP01H|darrenm> uploaded a file: <https:\/\/dattnetwork.slack.com\/files\/darrenm\/F0A4Y1MJA\/stickers_concept-03.png|stickers_concept-03.png>",
        "file": {
            "id": "F0A4Y1MJA",
            "created": 1441319477,
            "timestamp": 1441319477,
            "name": "stickers_concept-03.png",
            "title": "stickers_concept-03.png",
            "mimetype": "image\/png",
            "filetype": "png",
            "pretty_type": "PNG",
            "user": "U08EZP01H",
            "editable": false,
            "size": 1610,
            "mode": "hosted",
            "is_external": false,
            "external_type": "",
            "is_public": true,
            "public_url_shared": false,
            "display_as_bot": false,
            "username": "",
            "url": "https:\/\/slack-files.com\/files-pub\/T07GDKW3U-F0A4Y1MJA-85cc3327ac\/stickers_concept-03.png",
            "url_download": "https:\/\/slack-files.com\/files-pub\/T07GDKW3U-F0A4Y1MJA-85cc3327ac\/download\/stickers_concept-03.png",
            "url_private": "https:\/\/files.slack.com\/files-pri\/T07GDKW3U-F0A4Y1MJA\/stickers_concept-03.png",
            "url_private_download": "https:\/\/files.slack.com\/files-pri\/T07GDKW3U-F0A4Y1MJA\/download\/stickers_concept-03.png",
            "thumb_64": "https:\/\/slack-files.com\/files-tmb\/T07GDKW3U-F0A4Y1MJA-5cee5f4482\/stickers_concept-03_64.png",
            "thumb_80": "https:\/\/slack-files.com\/files-tmb\/T07GDKW3U-F0A4Y1MJA-5cee5f4482\/stickers_concept-03_80.png",
            "thumb_360": "https:\/\/slack-files.com\/files-tmb\/T07GDKW3U-F0A4Y1MJA-5cee5f4482\/stickers_concept-03_360.png",
            "thumb_360_w": 216,
            "thumb_360_h": 216,
            "thumb_160": "https:\/\/slack-files.com\/files-tmb\/T07GDKW3U-F0A4Y1MJA-5cee5f4482\/stickers_concept-03_160.png",
            "image_exif_rotation": 1,
            "original_w": 216,
            "original_h": 216,
            "permalink": "https:\/\/dattnetwork.slack.com\/files\/darrenm\/F0A4Y1MJA\/stickers_concept-03.png",
            "permalink_public": "https:\/\/slack-files.com\/T07GDKW3U-F0A4Y1MJA-85cc3327ac",
            "channels": [
                "C09HR1JJW"
            ],
            "groups": [

            ],
            "ims": [

            ],
            "comments_count": 0
        },
        "user": "U08EZP01H",
        "upload": true,
        "display_as_bot": false,
        "username": "<@U08EZP01H|darrenm>",
        "bot_id": null,
        "ts": "1441319478.000036"
    },
    {
        "type": "message",
        "user": "U08EZP01H",
        "text": "Here's some mockup sticker concepts. Do you have a favorite <@U08F438SK>?",
        "ts": "1441319493.000037"
    },
    {
        "type": "message",
        "user": "U07GDL0H5",
        "text": "nice",
        "ts": "1441319498.000038"
    },
    {
        "type": "message",
        "user": "U08EZP01H",
        "text": "thanks! if anyone wants to see an idea mocked up, let me know!",
        "ts": "1441319633.000041"
    }
]