[
    {
        "type": "message",
        "user": "U08ERPTQF",
        "text": "Interesting read: @ev's perspectives on publishing, monetization, &amp; creating communities around content <http:\/\/www.forbes.com\/sites\/roberthof\/2015\/09\/09\/mediums-evan-williams-to-publishers-your-website-is-toast\/>",
        "attachments": [
            {
                "service_name": "Forbes",
                "title": "Medium's Evan Williams To Publishers: Your Website Is Toast",
                "title_link": "http:\/\/www.forbes.com\/sites\/roberthof\/2015\/09\/09\/mediums-evan-williams-to-publishers-your-website-is-toast\/",
                "text": "Photo: Kirsty Wigglesworth\/AP Websites are in about the same place as dinosaurs were at the tail end of the Cretaceous Period 65 million years ago. Which is to say, about to go extinct. So says Evan Williams, a confounder of Twitter and Blogger and now CEO of Medium, the publishing platform he [...]",
                "fallback": "Forbes: Medium's Evan Williams To Publishers: Your Website Is Toast",
                "thumb_url": "http:\/\/specials-images.forbesimg.com\/imageserve\/2ccfe54186184c0dadaa0fc2bcbf132d\/640x434.jpg?fit=scale",
                "from_url": "http:\/\/www.forbes.com\/sites\/roberthof\/2015\/09\/09\/mediums-evan-williams-to-publishers-your-website-is-toast\/",
                "thumb_width": 640,
                "thumb_height": 434,
                "id": 1
            }
        ],
        "ts": "1442400755.000084"
    },
    {
        "type": "message",
        "user": "U0ALSQB43",
        "text": "<@U07GDL0H5>: the meetup tonight in palo alto, is it more of a near-medium future type discussion, or theoretical stuff welcomed?",
        "ts": "1442423588.000086"
    },
    {
        "type": "message",
        "user": "U07GDL0H5",
        "text": "<@U0ALSQB43>: i dunno, ask the organizer, joel",
        "ts": "1442425164.000087",
        "reactions": [
            {
                "name": "ok_hand",
                "users": [
                    "U0ALSQB43"
                ],
                "count": 1
            }
        ]
    },
    {
        "type": "message",
        "user": "U07GDL0H5",
        "text": "Beacon Reader - \"Where journalism gets funded on the internet\" <http:\/\/www.beaconreader.com\/>",
        "attachments": [
            {
                "service_name": "Beacon",
                "title": "Beacon - Crowdfunding Journalism",
                "title_link": "http:\/\/www.beaconreader.com\/",
                "text": "Beacon is for crowdfunding journalism. Fund the stories you want to read with Beacon.",
                "fallback": "Beacon: Beacon - Crowdfunding Journalism",
                "image_url": "https:\/\/beacon-assets.s3.amazonaws.com\/img\/facepile.jpg",
                "from_url": "http:\/\/www.beaconreader.com\/",
                "image_width": 753,
                "image_height": 250,
                "image_bytes": 221514,
                "id": 1
            }
        ],
        "ts": "1442425973.000088"
    },
    {
        "user": "U0AQK0D9A",
        "type": "message",
        "subtype": "channel_join",
        "text": "<@U0AQK0D9A|moe> has joined the channel",
        "ts": "1442431774.000090"
    },
    {
        "type": "message",
        "user": "U08FJ080J",
        "text": "That's pretty cool",
        "ts": "1442442513.000091"
    },
    {
        "type": "message",
        "user": "U08FJ080J",
        "text": "Hmm... you know what i would have liked to have seen, a tendered crowd fund where the community proposes a story, and the curated collection of journalists put bid for the contract based on a starter piece or something.",
        "ts": "1442442614.000092"
    },
    {
        "type": "message",
        "user": "U08EZP01H",
        "text": "That's a cool concept. Kinda like if r\/writingprompts could place bounties on ideas.",
        "ts": "1442442932.000093"
    },
    {
        "type": "message",
        "user": "U08ERPTQF",
        "text": "<@U08FJ080J>: indeed. It seems most projects are funded based on the prior publishing history of the individual journalist, so there is a barrier to entry for a first time contributor",
        "ts": "1442443012.000094",
        "reactions": [
            {
                "name": "+1",
                "users": [
                    "U08FJ080J",
                    "U08F438SK"
                ],
                "count": 2
            }
        ]
    },
    {
        "type": "message",
        "user": "U08ERPTQF",
        "text": "I'd also love to see a model where a portion of the revenue generated by the final article can be shared with the backers (but that's more of a future Datt concept)",
        "edited": {
            "user": "U08ERPTQF",
            "ts": "1442443275.000000"
        },
        "ts": "1442443260.000095"
    },
    {
        "type": "message",
        "user": "U07GDL0H5",
        "text": "heading to the \"open source governance\" event tonight for anybody in the bay area: <http:\/\/www.meetup.com\/Decentralized-Autonomous-Society-Meetup-Palo-Alto\/events\/225232812\/>",
        "attachments": [
            {
                "service_name": "Meetup",
                "title": "Decentralized Autonomous Society Meetup (Palo Alto)",
                "title_link": "http:\/\/www.meetup.com\/Decentralized-Autonomous-Society-Meetup-Palo-Alto\/events\/225232812\/",
                "text": "Open Source governance? Yes, it is far overdue. Yes, but no better time than now. Meet Noah Thorp, Citizen Code, a consultancy and incubator organized with a open source dynamic constitution.&amp;nbsp; Me",
                "fallback": "Meetup: Decentralized Autonomous Society Meetup (Palo Alto)",
                "thumb_url": "http:\/\/img1.meetupstatic.com\/img\/004881038276245959070\/new_logo_big.png",
                "from_url": "http:\/\/www.meetup.com\/Decentralized-Autonomous-Society-Meetup-Palo-Alto\/events\/225232812\/",
                "thumb_width": 567,
                "thumb_height": 392,
                "id": 1
            }
        ],
        "ts": "1442449675.000097"
    }
]