[
    {
        "type": "message",
        "user": "U08BY8MGV",
        "text": "Saturday at 1. Starbucks on Townsend. See ya soon :)",
        "ts": "1442589946.000103",
        "reactions": [
            {
                "name": "+1",
                "users": [
                    "U07GDL0H5",
                    "U08F438SK"
                ],
                "count": 2
            }
        ]
    },
    {
        "type": "message",
        "user": "U07GDL0H5",
        "text": "at the \"open governance meetup\" on tues. we talked about different ways to organize people. on my reading list: <http:\/\/www.amazon.com\/s\/ref=nb_sb_noss?url=search-alias%3Daps&amp;field-keywords=holocracy>",
        "attachments": [
            {
                "text": "<http:\/\/Amazon.com|Amazon.com>: holocracy",
                "fallback": "<http:\/\/Amazon.com|Amazon.com>: holocracy",
                "from_url": "http:\/\/www.amazon.com\/s\/ref=nb_sb_noss?url=search-alias%3Daps&field-keywords=holocracy",
                "id": 1
            }
        ],
        "ts": "1442603569.000104"
    },
    {
        "type": "message",
        "user": "U07GDL0H5",
        "text": "<http:\/\/www.amazon.com\/Holacracy-Management-System-Rapidly-Changing\/dp\/162779428X\/ref=sr_1_1?ie=UTF8&amp;qid=1442603520&amp;sr=8-1&amp;keywords=holocracy>",
        "attachments": [
            {
                "text": "Holacracy: The New Management System for a Rapidly Changing World [Brian J. Robertson] on <http:\/\/Amazon.com|Amazon.com>. *FREE* shipping on qualifying offers. Holacracy is a revolutionary management system that redefines management and turns everyone into a leader. Holacracy distributes authority and decision-making throughout an organization",
                "fallback": "Holacracy: The New Management System for a Rapidly Changing World [Brian J. Robertson] on <http:\/\/Amazon.com|Amazon.com>. *FREE* shipping on qualifying offers. Holacracy is a revolutionary management system that redefines management and turns everyone into a leader. Holacracy distributes authority and decision-making throughout an organization",
                "from_url": "http:\/\/www.amazon.com\/Holacracy-Management-System-Rapidly-Changing\/dp\/162779428X\/ref=sr_1_1?ie=UTF8&qid=1442603520&sr=8-1&keywords=holocracy",
                "id": 1
            }
        ],
        "ts": "1442603581.000106"
    },
    {
        "type": "message",
        "user": "U08DDGSNQ",
        "text": "shameless plug - these great books are available for a discount on Purse :simple_smile:\n<https:\/\/app.purse.io\/product\/162779428X>\n<https:\/\/app.purse.io\/product\/2960133501>",
        "ts": "1442604671.000108",
        "reactions": [
            {
                "name": "+1",
                "users": [
                    "U07GDL0H5"
                ],
                "count": 1
            }
        ]
    },
    {
        "type": "message",
        "user": "U08EZP01H",
        "text": "Classic video on software holacracy <https:\/\/www.youtube.com\/watch?v=MAlnMWlvw9g>",
        "attachments": [
            {
                "service_name": "YouTube",
                "service_url": "https:\/\/www.youtube.com\/",
                "title": "Bettermeans Introduction",
                "title_link": "https:\/\/www.youtube.com\/watch?v=MAlnMWlvw9g",
                "author_name": "BetterMeans",
                "author_link": "https:\/\/www.youtube.com\/user\/BetterMeans",
                "thumb_url": "https:\/\/i.ytimg.com\/vi\/MAlnMWlvw9g\/hqdefault.jpg",
                "thumb_width": 480,
                "thumb_height": 360,
                "fallback": "YouTube Video: Bettermeans Introduction",
                "video_html": "<iframe width=\"400\" height=\"225\" src=\"https:\/\/www.youtube.com\/embed\/MAlnMWlvw9g?feature=oembed\" frameborder=\"0\" allowfullscreen><\/iframe>",
                "video_html_width": 400,
                "video_html_height": 225,
                "from_url": "https:\/\/www.youtube.com\/watch?v=MAlnMWlvw9g",
                "id": 1
            }
        ],
        "ts": "1442605133.000109",
        "reactions": [
            {
                "name": "+1",
                "users": [
                    "U07GDL0H5",
                    "U08ERPTQF"
                ],
                "count": 2
            }
        ]
    },
    {
        "user": "U0AV4U333",
        "type": "message",
        "subtype": "channel_join",
        "text": "<@U0AV4U333|praful> has joined the channel",
        "ts": "1442609871.000111"
    },
    {
        "type": "message",
        "user": "U07GDL0H5",
        "text": "The Master Plan And Other Status Updates <http:\/\/blog.datt.co\/articles\/2015-09-18-the-master-plan\/>",
        "ts": "1442621516.000112",
        "reactions": [
            {
                "name": "+1",
                "users": [
                    "U08EZP01H",
                    "U08F438SK",
                    "U08MAKT70",
                    "U08ERPTQF"
                ],
                "count": 4
            }
        ]
    },
    {
        "type": "message",
        "user": "U08F438SK",
        "text": "well done. love the master plan.",
        "ts": "1442644446.000113"
    }
]