[
    {
        "type": "message",
        "user": "U08DGB0F2",
        "text": "Was using Chrome. If it didn't give you an error not sure if it's a 1 time thing or what ...",
        "ts": "1440596529.000005"
    },
    {
        "user": "U09MNLGAX",
        "type": "message",
        "subtype": "channel_join",
        "text": "<@U09MNLGAX|katiejohnsonsf> has joined the channel",
        "ts": "1440631307.000006"
    },
    {
        "type": "message",
        "user": "U08ERPTQF",
        "text": "Interesting choice of metaphor - but it makes sense that publishers are going to get hurt in the fight against Adtech &amp; alternatives will emerge <https:\/\/blogs.law.harvard.edu\/doc\/2015\/08\/26\/apples-content-blocking-is-chemo-for-the-cancer-of-adtech\/>",
        "attachments": [
            {
                "service_name": "Doc Searls Weblog",
                "title": "Apple's content blocking is chemo for the cancer of adtech",
                "title_link": "https:\/\/blogs.law.harvard.edu\/doc\/2015\/08\/26\/apples-content-blocking-is-chemo-for-the-cancer-of-adtech\/",
                "text": "The tide of popular sentiment is turning against tracking-based advertising \u2014 and Apple knows it. That's why they're enabling \"content blocking\" in iOS 9 (the new mobile operating system that will ...",
                "fallback": "Doc Searls Weblog: Apple's content blocking is chemo for the cancer of adtech",
                "thumb_url": "http:\/\/blogs.law.harvard.edu\/doc\/files\/2015\/08\/drip.jpg",
                "ts": 1440606721,
                "from_url": "https:\/\/blogs.law.harvard.edu\/doc\/2015\/08\/26\/apples-content-blocking-is-chemo-for-the-cancer-of-adtech\/",
                "thumb_width": 276,
                "thumb_height": 467,
                "id": 1
            }
        ],
        "ts": "1440657043.000007"
    }
]