[
    {
        "type": "message",
        "user": "U07GDL0H5",
        "text": "we're using formspree for the beta signups ... for some reason, they send 7 emails per signup. i've now started getting emails from them saying we've reached out 1000 signups per month free limit, and we have to pay to keep getting them. i.e. we've had 142 signups in the past month.",
        "edited": {
            "user": "U07GDL0H5",
            "ts": "1442860766.000000"
        },
        "ts": "1442860742.000133"
    },
    {
        "type": "message",
        "user": "U08ERPTQF",
        "text": "<@U07GDL0H5>: that's weird. Initial testing with <http:\/\/Datt.co|Datt.co> had a single email - can you see when it changed to 7?",
        "ts": "1442861555.000135"
    },
    {
        "type": "message",
        "user": "U08ERPTQF",
        "text": "It's probably worth the hassle of switching to a free Mailchimp account than pay for Formspree",
        "ts": "1442861773.000136"
    },
    {
        "type": "message",
        "user": "U07GDL0H5",
        "text": "at least since Aug. 28",
        "ts": "1442861785.000137"
    }
]