[
    {
        "user": "U0EH4FVHV",
        "type": "message",
        "subtype": "channel_join",
        "text": "<@U0EH4FVHV|dfnisland> has joined the channel",
        "ts": "1447524416.000003"
    },
    {
        "user": "U0EH5QEJD",
        "type": "message",
        "subtype": "channel_join",
        "text": "<@U0EH5QEJD|desantis> has joined the channel",
        "ts": "1447528439.000004"
    },
    {
        "user": "U0EHALCNQ",
        "type": "message",
        "subtype": "channel_join",
        "text": "<@U0EHALCNQ|hostfat> has joined the channel",
        "ts": "1447558227.000005"
    }
]