[
    {
        "user": "U0B7U9TNH",
        "type": "message",
        "subtype": "channel_join",
        "text": "<@U0B7U9TNH|ivanling> has joined the channel",
        "ts": "1443069608.000027"
    },
    {
        "type": "message",
        "user": "U08F438SK",
        "text": "Ello is looking for someone to lead their privacy community: <https:\/\/ello.co\/elloprivacy\/post\/biAW_rbOXgqVgeVNUmfl6A?utm_content=buffer86519&amp;utm_medium=social&amp;utm_source=twitter.com&amp;utm_campaign=buffer> I nominate <@U08DD8LNP> :-)",
        "attachments": [
            {
                "service_name": "Ello",
                "title": "Ello | elloprivacy | Want to be the @elloprivacy",
                "title_link": "https:\/\/ello.co\/elloprivacy\/post\/biAW_rbOXgqVgeVNUmfl6A?utm_content=buffer86519&utm_medium=social&utm_source=twitter.com&utm_campaign=buffer",
                "text": "Want to be the @elloprivacy lead? We&amp;#39;re looking for someone new to take over this page and lead the @elloprivacy community. If you&amp;#39;re passionate and informed on all things online privacy and want to lead this excellent community, we want you. Shoot an email to <mailto:hello@ello.co|hello@ello.co> if you&amp;#39;d like to be considered for the role.",
                "fallback": "Ello: Ello | elloprivacy | Want to be the @elloprivacy",
                "image_url": "https:\/\/d324imu86q1bqn.cloudfront.net\/uploads\/asset\/attachment\/3033778\/ello-optimized-fa43806a.jpg",
                "from_url": "https:\/\/ello.co\/elloprivacy\/post\/biAW_rbOXgqVgeVNUmfl6A?utm_content=buffer86519&utm_medium=social&utm_source=twitter.com&utm_campaign=buffer",
                "image_width": 433,
                "image_height": 250,
                "image_bytes": 138536,
                "id": 1
            }
        ],
        "ts": "1443073089.000028"
    }
]