[
    {
        "user": "U0EHFMJ2G",
        "type": "message",
        "subtype": "channel_join",
        "text": "<@U0EHFMJ2G|pol5> has joined the channel",
        "ts": "1447580303.000006"
    },
    {
        "user": "U0EHGFV7E",
        "type": "message",
        "subtype": "channel_join",
        "text": "<@U0EHGFV7E|coolbearcjs> has joined the channel",
        "ts": "1447583959.000007"
    },
    {
        "user": "U0EHYFCH0",
        "type": "message",
        "subtype": "channel_join",
        "text": "<@U0EHYFCH0|dackdel> has joined the channel",
        "ts": "1447612307.000008"
    },
    {
        "user": "U0EJ8JQKZ",
        "type": "message",
        "subtype": "channel_join",
        "text": "<@U0EJ8JQKZ|chewbaccalypse> has joined the channel",
        "ts": "1447635701.000009"
    }
]