[
    {
        "user": "U0GMBM42G",
        "type": "message",
        "subtype": "channel_join",
        "text": "<@U0GMBM42G|advaith> has joined the channel",
        "ts": "1450194771.000027"
    },
    {
        "type": "message",
        "user": "U08C464NS",
        "text": "datt feeling <https:\/\/media.giphy.com\/media\/UO5elnTqo4vSg\/giphy.gif>",
        "attachments": [
            {
                "fallback": "355x325px image",
                "image_url": "https:\/\/media.giphy.com\/media\/UO5elnTqo4vSg\/giphy.gif",
                "image_width": 355,
                "image_height": 325,
                "image_bytes": 436860,
                "from_url": "https:\/\/media.giphy.com\/media\/UO5elnTqo4vSg\/giphy.gif",
                "id": 1
            }
        ],
        "edited": {
            "user": "U08C464NS",
            "ts": "1450221866.000000"
        },
        "ts": "1450217376.000028"
    },
    {
        "user": "U0GNLBLRH",
        "type": "message",
        "subtype": "channel_join",
        "text": "<@U0GNLBLRH|jeffreybpetersen> has joined the channel",
        "ts": "1450222555.000031"
    }
]