[
    {
        "type": "message",
        "user": "U08FMHVJ4",
        "text": "<https:\/\/blog.okturtles.com\/2015\/11\/dells-tumble-googles-fumble-and-how-government-sabotage-of-internet-security-works\/>\n:point_up_2: is about cert pinning backdoor in google chrome, and dell screwup",
        "ts": "1448481089.000014",
        "reactions": [
            {
                "name": "+1",
                "users": [
                    "U08EZP01H",
                    "U07GDL0H5"
                ],
                "count": 2
            }
        ]
    },
    {
        "type": "message",
        "user": "U08FMHVJ4",
        "text": "since Google is now deliberately ignoring this problem: <https:\/\/twitter.com\/okTurtles\/status\/669611198749372416>",
        "attachments": [
            {
                "fallback": "<https:\/\/twitter.com\/okTurtles|@okTurtles>: Alt Title: Google Chrome Devs Insist On Castrating Certificate Pinning, Compromising Users\n\n<https:\/\/blog.okturtles.com\/2015\/11\/dells-tumble-googles-fumble-and-how-government-sabotage-of-internet-security-works\/>",
                "ts": 1448482725,
                "author_name": "okTurtles",
                "author_link": "https:\/\/twitter.com\/okTurtles\/status\/669611198749372416",
                "author_icon": "https:\/\/pbs.twimg.com\/profile_images\/378800000838585004\/8d69dddb9c27979300eaf779150553bf_normal.jpeg",
                "author_subname": "@okTurtles",
                "text": "Alt Title: Google Chrome Devs Insist On Castrating Certificate Pinning, Compromising Users\n\n<https:\/\/blog.okturtles.com\/2015\/11\/dells-tumble-googles-fumble-and-how-government-sabotage-of-internet-security-works\/>",
                "service_name": "twitter",
                "service_url": "https:\/\/twitter.com\/",
                "from_url": "https:\/\/twitter.com\/okTurtles\/status\/669611198749372416",
                "id": 1
            }
        ],
        "ts": "1448484022.000015"
    },
    {
        "type": "message",
        "user": "U08FMHVJ4",
        "text": "thanks to whoever submitted it to HN. it needs just one or two more upvotes (this is your security we\u2019re talking about) <https:\/\/news.ycombinator.com\/newest>",
        "ts": "1448484721.000017"
    },
    {
        "type": "message",
        "user": "U08FMHVJ4",
        "text": "it\u2019s on FP. you guys are awesome. :simple_smile:",
        "ts": "1448486564.000018",
        "reactions": [
            {
                "name": "tada",
                "users": [
                    "U08EZP01H"
                ],
                "count": 1
            }
        ]
    },
    {
        "type": "message",
        "user": "U07GDL0H5",
        "text": "nice. looks like #4 right now.",
        "ts": "1448487873.000019"
    }
]