[
    {
        "type": "message",
        "user": "U08ERPTQF",
        "text": "Great talk by Eric Lombrozo about full nodes and incentives <https:\/\/soundcloud.com\/mindtomatter\/ltb-e272-exciting-possibilities>",
        "attachments": [
            {
                "service_name": "SoundCloud",
                "service_url": "http:\/\/soundcloud.com",
                "title": "LTB E272 - Exciting Possibilities by Let's Talk Bitcoin!",
                "title_link": "https:\/\/soundcloud.com\/mindtomatter\/ltb-e272-exciting-possibilities",
                "author_name": "Let's Talk Bitcoin!",
                "author_link": "https:\/\/soundcloud.com\/mindtomatter",
                "thumb_url": "http:\/\/i1.sndcdn.com\/artworks-000139324144-0bjoff-t500x500.jpg",
                "text": "##On Episode 272 ...\n\nLast month, I put on a suit and headed to San Francisco for the Future of Digital Currency and Blockchain conference.  \n\nThis time we'll hear from...\n\n* [Eric Lombrozo](<https:\/\/twitter.com\/ciphrex>) talks about the current reality behind Bitcoin Full nodes and some of his ideas for improving the situation in a talk called \"**Incentives for Full Nodes**\"\n\n* [Peter Todd](<https:\/\/twitter.com\/petertoddbtc>) talks about the motivations and rationale behind Proof of Work in a talk called \"**The Good, Bad and Ugly of Proof of Work**\"\n\n---\n\n##Sponsor Section\n\n[![](<http:\/\/counterparty.io\/wp-content\/uploads\/2015\/12\/devparty-banner3.png>)](<http:\/\/counterparty.io\/devparty\/>)\n\n----\n\n##Credits for Episode 272\n\nContent for today's episode was provided by Eric and Peter\n\nThis episode was minimally edited by Adam B. Levine.\n\nMusic for today's show was provided by **[Jared Rubens](<http:\/\/soundcloud.com\/jaredarubens>)** and [General Fuzz](<https:\/\/generalfuzz.net>)",
                "fallback": "SoundCloud Audio: Link: LTB E272 - Exciting Possibilities by Let's Talk Bitcoin!",
                "audio_html": "<iframe width=\"100%\" height=\"150\" scrolling=\"no\" frameborder=\"no\" src=\"https:\/\/w.soundcloud.com\/player\/?visual=true&url=https%3A%2F%2Fapi.soundcloud.com%2Ftracks%2F237257118&show_artwork=true&maxheight=150\"><\/iframe>",
                "audio_html_width": 100,
                "audio_html_height": 150,
                "from_url": "https:\/\/soundcloud.com\/mindtomatter\/ltb-e272-exciting-possibilities",
                "thumb_width": 500,
                "thumb_height": 500,
                "id": 1
            }
        ],
        "ts": "1450036797.000024",
        "reactions": [
            {
                "name": "+1",
                "users": [
                    "U08FELZL7"
                ],
                "count": 1
            }
        ]
    },
    {
        "user": "U0GHB833P",
        "type": "message",
        "subtype": "channel_join",
        "text": "<@U0GHB833P|shomat> has joined the channel",
        "ts": "1450068923.000026"
    }
]