[
    {
        "type": "message",
        "user": "U08EZP01H",
        "text": "sharing cause these sorts of infographics make my mind explode with understanding <https:\/\/raw.githubusercontent.com\/for-GET\/http-decision-diagram\/master\/httpdd.png>",
        "attachments": [
            {
                "fallback": "3250x2146px image",
                "image_url": "https:\/\/raw.githubusercontent.com\/for-GET\/http-decision-diagram\/master\/httpdd.png",
                "image_width": 3250,
                "image_height": 2146,
                "image_bytes": 869511,
                "from_url": "https:\/\/raw.githubusercontent.com\/for-GET\/http-decision-diagram\/master\/httpdd.png",
                "id": 1
            }
        ],
        "ts": "1450638831.000034"
    }
]