[
    {
        "type": "message",
        "user": "U07GDL0H5",
        "text": ":O ... rumors that bitpay laid off \"most\" of its staff ... true? <https:\/\/www.reddit.com\/r\/Bitcoin\/comments\/3m6sd4\/bitpay_api_problems_causing_customer_purchases_to\/cvco18f>",
        "attachments": [
            {
                "service_name": "reddit",
                "title": "BitPay API problems causing customer purchases to fail. BitPay needs to communicate with their merchants to ease the pain. \u2022 \/r\/Bitcoin",
                "title_link": "https:\/\/www.reddit.com\/r\/Bitcoin\/comments\/3m6sd4\/bitpay_api_problems_causing_customer_purchases_to\/cvco18f",
                "text": "And we laid off most of our remaining staff today.",
                "fallback": "reddit: BitPay API problems causing customer purchases to fail. BitPay needs to communicate with their merchants to ease the pain. \u2022 \/r\/Bitcoin",
                "thumb_url": "https:\/\/www.redditstatic.com\/icon.png",
                "from_url": "https:\/\/www.reddit.com\/r\/Bitcoin\/comments\/3m6sd4\/bitpay_api_problems_causing_customer_purchases_to\/cvco18f",
                "thumb_width": 256,
                "thumb_height": 256,
                "id": 1
            }
        ],
        "ts": "1443116953.000030"
    },
    {
        "type": "message",
        "user": "U08MAKT70",
        "text": ":open_mouth:",
        "ts": "1443135714.000032"
    },
    {
        "type": "message",
        "user": "U08F438SK",
        "text": "terrible",
        "ts": "1443143838.000033"
    },
    {
        "type": "message",
        "user": "U08F438SK",
        "text": "Really, really hope this is just a rumor.",
        "edited": {
            "user": "U08F438SK",
            "ts": "1443144357.000000"
        },
        "ts": "1443143872.000034"
    },
    {
        "type": "message",
        "user": "U08F438SK",
        "text": "BTW Datt stickers we spoke about before are finally coming in next week. Delay was due to me missing a proof approval email.",
        "ts": "1443145401.000042",
        "reactions": [
            {
                "name": "+1",
                "users": [
                    "U07GDL0H5",
                    "U08ERPTQF"
                ],
                "count": 2
            }
        ]
    },
    {
        "type": "message",
        "user": "U07GDL0H5",
        "text": "nice!",
        "ts": "1443147475.000043"
    },
    {
        "type": "message",
        "user": "U07GDL0H5",
        "text": "bitpay layoffs confirmed by coindesk <http:\/\/www.coindesk.com\/bitcoin-processor-bitpay-reduces-staff-in-cost-cutting-effort\/>",
        "attachments": [
            {
                "service_name": "CoinDesk",
                "title": "Bitcoin Processor BitPay Reduces Staff in Cost-Cutting Effort",
                "title_link": "http:\/\/www.coindesk.com\/bitcoin-processor-bitpay-reduces-staff-in-cost-cutting-effort\/",
                "text": "BitPay has reduced the size of its staff in an effort to cut costs, according to an email sent by CEO Stephen Pair to the firm's employees today.",
                "fallback": "CoinDesk: Bitcoin Processor BitPay Reduces Staff in Cost-Cutting Effort",
                "thumb_url": "http:\/\/media.coindesk.com\/2014\/04\/Screen-Shot-2014-05-08-at-6.34.02-PM.png",
                "ts": 1443150375,
                "from_url": "http:\/\/www.coindesk.com\/bitcoin-processor-bitpay-reduces-staff-in-cost-cutting-effort\/",
                "thumb_width": 1001,
                "thumb_height": 700,
                "id": 1
            }
        ],
        "ts": "1443157956.000044"
    },
    {
        "type": "message",
        "user": "U08F438SK",
        "text": "now you have to build another awesome open source Bitcoin company to pick up the pieces ;-)",
        "ts": "1443160533.000046"
    }
]