[
    {
        "user": "U0H3VL683",
        "type": "message",
        "subtype": "channel_join",
        "text": "<@U0H3VL683|edmund> has joined the channel",
        "ts": "1450705146.000036"
    },
    {
        "type": "message",
        "user": "U08E6MSBH",
        "text": "<https:\/\/medium.com\/@maciejolpinski\/decentralising-facebook-with-blockchain-and-userfeeds-fcd25e4de097#.y8hqho2aa>",
        "attachments": [
            {
                "service_name": "Medium",
                "title": "Decentralising Facebook with Blockchains and Userfeeds.",
                "title_link": "https:\/\/medium.com\/@maciejolpinski\/decentralising-facebook-with-blockchain-and-userfeeds-fcd25e4de097#.y8hqho2aa",
                "text": "Part 1. The Problem.",
                "fallback": "Medium: Decentralising Facebook with Blockchains and Userfeeds.",
                "image_url": "https:\/\/cdn-images-1.medium.com\/max\/800\/1*derVlXxadZhJgShz-cBXOw.png",
                "fields": [
                    {
                        "title": "Reading time",
                        "value": "8 mins :clock2:",
                        "short": true
                    },
                    {
                        "title": "Recommends",
                        "value": "24 :green_heart:",
                        "short": true
                    }
                ],
                "ts": 1450275302,
                "from_url": "https:\/\/medium.com\/@maciejolpinski\/decentralising-facebook-with-blockchain-and-userfeeds-fcd25e4de097#.y8hqho2aa",
                "image_width": 730,
                "image_height": 250,
                "image_bytes": 7472,
                "id": 1
            }
        ],
        "ts": "1450709380.000037"
    }
]