[
    {
        "user": "U0J5FDGJZ",
        "type": "message",
        "subtype": "channel_join",
        "text": "<@U0J5FDGJZ|crasch> has joined the channel",
        "ts": "1452514356.000055"
    },
    {
        "type": "message",
        "user": "U07GDL0H5",
        "text": "<@U08F438SK>: i think this is what happens after i focus on programming for too long.",
        "ts": "1452525905.000056",
        "reactions": [
            {
                "name": "grinning",
                "users": [
                    "U08F438SK",
                    "U08ERPTQF"
                ],
                "count": 2
            }
        ]
    },
    {
        "type": "message",
        "user": "U07GDL0H5",
        "text": "<https:\/\/ryanxcharlestimes.com\/wired-satoshi-nakamoto-is-a-homeless-person-in-san-francisco-9087ae28d0c6>",
        "attachments": [
            {
                "service_name": "Medium",
                "title": "Wired: Satoshi Nakamoto is a Homeless Person in San Francisco \u2014 Ryan X. Charles Times",
                "title_link": "https:\/\/ryanxcharlestimes.com\/wired-satoshi-nakamoto-is-a-homeless-person-in-san-francisco-9087ae28d0c6",
                "text": "Andy Greenberg and Gwern Branwen, Wired, November 30, 2017.",
                "fallback": "Medium: Wired: Satoshi Nakamoto is a Homeless Person in San Francisco \u2014 Ryan X. Charles Times",
                "image_url": "https:\/\/cdn-images-1.medium.com\/max\/800\/1*AUo9-OjOv4EE90PuMCppmQ.jpeg",
                "fields": [
                    {
                        "title": "Reading time",
                        "value": "2 mins :clock2:",
                        "short": true
                    },
                    {
                        "title": "Recommends",
                        "value": "0 :green_heart:",
                        "short": true
                    }
                ],
                "ts": 1452525376,
                "from_url": "https:\/\/ryanxcharlestimes.com\/wired-satoshi-nakamoto-is-a-homeless-person-in-san-francisco-9087ae28d0c6",
                "image_width": 444,
                "image_height": 250,
                "image_bytes": 116506,
                "id": 1
            }
        ],
        "ts": "1452525907.000057"
    }
]