[
    {
        "type": "message",
        "user": "U08F438SK",
        "text": "hmm <http:\/\/insight.bitpay.com|insight.bitpay.com> is giving me issues today. <http:\/\/insight.is\/> responds, but not <http:\/\/insight.bitpay.com|insight.bitpay.com> .",
        "attachments": [
            {
                "title": "insight",
                "title_link": "http:\/\/insight.is\/",
                "text": "An open-source bitcoin blockchain API",
                "fallback": "insight",
                "image_url": "http:\/\/insight.is\/legacy\/images\/og.png",
                "from_url": "http:\/\/insight.is\/",
                "image_width": 250,
                "image_height": 250,
                "image_bytes": 3673,
                "id": 1
            }
        ],
        "ts": "1452384128.000047"
    },
    {
        "type": "message",
        "user": "U08F438SK",
        "text": "Looks to be back up now",
        "ts": "1452386143.000049"
    },
    {
        "type": "message",
        "user": "U07GDL0H5",
        "text": "<https:\/\/ryanxcharlestimes.com\/entrepreneurs-launch-hacker-island-in-san-francisco-bay-62bf6116c688>",
        "attachments": [
            {
                "service_name": "Medium",
                "title": "Entrepreneurs Launch Hacker Island in San Francisco Bay \u2014 Ryan X. Charles Times",
                "title_link": "https:\/\/ryanxcharlestimes.com\/entrepreneurs-launch-hacker-island-in-san-francisco-bay-62bf6116c688",
                "text": "SAN FRANCISCO \u2014 In response to rising rents, Bay Area entrepreneurs have launched a hacker house on Alcatraz, the prison\u2026",
                "fallback": "Medium: Entrepreneurs Launch Hacker Island in San Francisco Bay \u2014 Ryan X. Charles Times",
                "image_url": "https:\/\/cdn-images-1.medium.com\/max\/800\/1*XoygqgwwfdHthxzsd1sMoQ.jpeg",
                "fields": [
                    {
                        "title": "Reading time",
                        "value": "1 min :clock12:",
                        "short": true
                    },
                    {
                        "title": "Recommends",
                        "value": "1 :green_heart:",
                        "short": true
                    }
                ],
                "ts": 1452403467,
                "from_url": "https:\/\/ryanxcharlestimes.com\/entrepreneurs-launch-hacker-island-in-san-francisco-bay-62bf6116c688",
                "image_width": 444,
                "image_height": 250,
                "image_bytes": 86441,
                "id": 1
            }
        ],
        "ts": "1452403947.000050",
        "reactions": [
            {
                "name": "simple_smile",
                "users": [
                    "U08F438SK"
                ],
                "count": 1
            }
        ]
    }
]