[
    {
        "user": "U0K9RKRMK",
        "type": "message",
        "subtype": "channel_join",
        "text": "<@U0K9RKRMK|tomz> has joined the channel",
        "ts": "1453713548.000002"
    },
    {
        "type": "message",
        "user": "U07GDL0H5",
        "text": "<https:\/\/ryanxcharlestimes.com\/thailand-vs-panama-vs-san-francisco-b4b47d5ca49b>",
        "attachments": [
            {
                "service_name": "Medium",
                "title": "Thailand vs. Panama vs. San Francisco \u2014 Ryan X. Charles Times",
                "title_link": "https:\/\/ryanxcharlestimes.com\/thailand-vs-panama-vs-san-francisco-b4b47d5ca49b",
                "text": "I visited Thailand and Panama with the explicit purpose of comparing them to San Francisco as locations for bootstrappin\u2026",
                "fallback": "Medium: Thailand vs. Panama vs. San Francisco \u2014 Ryan X. Charles Times",
                "image_url": "https:\/\/cdn-images-1.medium.com\/max\/800\/1*Irg8Sj8uXd_a4Xx3PhDwUw.jpeg",
                "fields": [
                    {
                        "title": "Reading time",
                        "value": "8 mins",
                        "short": true
                    }
                ],
                "ts": 1453751076,
                "from_url": "https:\/\/ryanxcharlestimes.com\/thailand-vs-panama-vs-san-francisco-b4b47d5ca49b",
                "image_width": 444,
                "image_height": 250,
                "image_bytes": 115004,
                "id": 1
            }
        ],
        "ts": "1453755993.000003"
    },
    {
        "type": "message",
        "user": "U08EKTS7P",
        "text": "Love the summary \u2014 I\u2019m interested to hear your conclusion on location.  I\u2019ve been eyeing Panama, but no serious intensions at the moment.",
        "ts": "1453763295.000005"
    }
]