[
    {
        "user": "U0KD881BL",
        "type": "message",
        "subtype": "channel_join",
        "text": "<@U0KD881BL|trashish> has joined the channel",
        "ts": "1453807103.000006"
    },
    {
        "user": "U0KDKUUSW",
        "type": "message",
        "subtype": "channel_join",
        "text": "<@U0KDKUUSW|roke> has joined the channel",
        "ts": "1453817641.000007"
    },
    {
        "user": "U0KDN0B9Q",
        "type": "message",
        "subtype": "channel_join",
        "text": "<@U0KDN0B9Q|alanmcsherry> has joined the channel",
        "ts": "1453818971.000008"
    },
    {
        "user": "U0KDPJH0S",
        "type": "message",
        "subtype": "channel_join",
        "text": "<@U0KDPJH0S|tanner> has joined the channel",
        "ts": "1453819958.000009"
    },
    {
        "user": "U0KDQJU0K",
        "type": "message",
        "subtype": "channel_join",
        "text": "<@U0KDQJU0K|vladimir> has joined the channel",
        "ts": "1453822090.000010"
    },
    {
        "user": "U0KDRDLJG",
        "type": "message",
        "subtype": "channel_join",
        "text": "<@U0KDRDLJG|shahriver> has joined the channel",
        "ts": "1453824330.000011"
    },
    {
        "user": "U0KEYFVPH",
        "type": "message",
        "subtype": "channel_join",
        "text": "<@U0KEYFVPH|satoshidragon> has joined the channel",
        "ts": "1453843711.000012"
    }
]