[
    {
        "type": "message",
        "user": "U08F438SK",
        "text": "RXT is starting to sound like the hacker onion :simple_smile:",
        "ts": "1452413149.000052"
    },
    {
        "type": "message",
        "user": "U08F438SK",
        "text": "RXCT*",
        "ts": "1452413157.000053"
    },
    {
        "user": "U0J4MHMP1",
        "type": "message",
        "subtype": "channel_join",
        "text": "<@U0J4MHMP1|datt_user> has joined the channel",
        "ts": "1452468854.000054"
    }
]