[
    {
        "type": "message",
        "user": "U07GDL0H5",
        "text": "Another experimental twitter poll: You care most about 1) Resisting censorship, 2) Getting paid, 3) Helping others, 4) Privacy <https:\/\/twitter.com\/ryanxcharles\/status\/689962784046583808>",
        "attachments": [
            {
                "fallback": "<https:\/\/twitter.com\/ryanxcharles|@ryanxcharles>: You care most about",
                "ts": 1453334921,
                "author_name": "Ryan X. Charles",
                "author_link": "https:\/\/twitter.com\/ryanxcharles\/status\/689962784046583808",
                "author_icon": "https:\/\/pbs.twimg.com\/profile_images\/2843317961\/06eecfd8db67d57ed4c5718c8db35aa5_normal.jpeg",
                "author_subname": "@ryanxcharles",
                "text": "You care most about",
                "service_name": "twitter",
                "service_url": "https:\/\/twitter.com\/",
                "from_url": "https:\/\/twitter.com\/ryanxcharles\/status\/689962784046583808",
                "id": 1
            }
        ],
        "ts": "1453335114.000062"
    },
    {
        "type": "message",
        "user": "U07GDL0H5",
        "text": "Another: You would write a blockchain social media application in 1) Javacript, 2) Go, 3) Rust <https:\/\/twitter.com\/ryanxcharles\/status\/689970868206878720>",
        "attachments": [
            {
                "fallback": "<https:\/\/twitter.com\/ryanxcharles|@ryanxcharles>: You would write a blockchain social media application in",
                "ts": 1453336848,
                "author_name": "Ryan X. Charles",
                "author_link": "https:\/\/twitter.com\/ryanxcharles\/status\/689970868206878720",
                "author_icon": "https:\/\/pbs.twimg.com\/profile_images\/2843317961\/06eecfd8db67d57ed4c5718c8db35aa5_normal.jpeg",
                "author_subname": "@ryanxcharles",
                "text": "You would write a blockchain social media application in",
                "service_name": "twitter",
                "service_url": "https:\/\/twitter.com\/",
                "from_url": "https:\/\/twitter.com\/ryanxcharles\/status\/689970868206878720",
                "id": 1
            }
        ],
        "ts": "1453336965.000064"
    }
]