[
    {
        "type": "message",
        "user": "U08C464NS",
        "text": "Have we mentioned that things like large data breaches aren't possible on a system like Datt? That might be a positive aspect that people can get behind",
        "ts": "1439112262.000101"
    },
    {
        "type": "message",
        "user": "U08ERPTQF",
        "text": "Good point <@U08C464NS> - we don't have any personally identifiable information, so we can't sell it to advertisers and it can't be stolen\/leaked either",
        "ts": "1439115051.000102",
        "reactions": [
            {
                "name": "+1",
                "users": [
                    "U08C464NS"
                ],
                "count": 1
            }
        ]
    },
    {
        "type": "message",
        "user": "U08DH3ESU",
        "text": "Fixed formatting in the community.md document. No significant content updation from the previous version.",
        "ts": "1439139389.000103"
    },
    {
        "type": "message",
        "user": "U08EZP01H",
        "text": "idea: pair thought leaders (or their content) with new collectives to give instant credibility to the level of content curation expected.",
        "ts": "1439154889.000104"
    },
    {
        "type": "message",
        "user": "U08EZP01H",
        "text": "for example, if you were creating a paleo collective, having some sort of partnership with top bloggers\/podcasters would be huge for growth",
        "ts": "1439154972.000105"
    },
    {
        "type": "message",
        "user": "U08ERPTQF",
        "text": "<@U08EZP01H>: Brilliant! Sort of like LinkedIn influencers, but they retain ownership of their content",
        "ts": "1439157464.000106"
    },
    {
        "type": "message",
        "user": "U08DH3ESU",
        "text": "I like the idea <@U08EZP01H>. We need either content curators or moderators or both in some form or the other.",
        "edited": {
            "user": "U08DH3ESU",
            "ts": "1439175414.000000"
        },
        "ts": "1439175056.000107"
    },
    {
        "type": "message",
        "user": "U08DH3ESU",
        "text": "<@U08ERPTQF>: We may not have personally identifiable information, but it might not be a bad idea to voluntarily ask people for demographic information. This might be 1 way to talk to advertisers but we need to be careful about anonymity of the users. The other point might be to go with the content served as part of the network. (The way RSS feeds used to contain ads. I am not sure of the implementation though) Irrespective of who is reading, if there is a community reading articles on museums and art then there might be an opportunity there. But, I would not want the network to be serving ads as this might use bandwidth. The ads can be served to the client directly thru' regular channels.",
        "ts": "1439175359.000108"
    },
    {
        "type": "message",
        "user": "U08ERPTQF",
        "text": "<@U08DH3ESU>: the current design is to avoid ads entirely, avoid collecting demographic information, and let users participate directly in the value chain",
        "ts": "1439175531.000110"
    },
    {
        "type": "message",
        "user": "U08DH3ESU",
        "text": "I understand, but just thinking aloud as far as opportunities go",
        "ts": "1439175558.000111"
    },
    {
        "type": "message",
        "user": "U08ERPTQF",
        "text": "That's cool, but I'd hate to repeat the bad will of sites like Voat and resort to advertising as a revenue stream",
        "ts": "1439175665.000112"
    },
    {
        "type": "message",
        "user": "U08DH3ESU",
        "text": "true, we sell the product not the users :simple_smile:",
        "ts": "1439175684.000113",
        "reactions": [
            {
                "name": "+1",
                "users": [
                    "U08ERPTQF"
                ],
                "count": 1
            }
        ]
    }
]