[
    {
        "type": "message",
        "user": "U08CFV27P",
        "text": "<@U08ERPTQF>: not sure i follow, voat doesn't have advertising.",
        "ts": "1439196203.000114"
    },
    {
        "type": "message",
        "user": "U08ERPTQF",
        "text": "<@U08CFV27P>: I could be mistaken, but I don't see how Voat will continue to cover server costs &amp; achieve a return on investment without resorting to advertising. But that's only my conjecture.",
        "ts": "1439197422.000115"
    },
    {
        "type": "message",
        "user": "U08CFV27P",
        "text": "they are raising VC.  maybe they eventually have to run ads...but it's a little unfair to say there is 'bad will' based on your assumptions. voat founders have been very clear that they hate ads and want to find another way to make money.",
        "ts": "1439197600.000116"
    },
    {
        "type": "message",
        "user": "U08ERPTQF",
        "text": "<@U08CFV27P>: fair enough",
        "ts": "1439197927.000117"
    },
    {
        "user": "U08CCGGG1",
        "type": "message",
        "subtype": "channel_join",
        "text": "<@U08CCGGG1|ryan_onename> has joined the channel",
        "ts": "1439229031.000118"
    },
    {
        "type": "message",
        "user": "U08DD8LNP",
        "text": "<@U08CFV27P>: they have to get money from somewhere with the central hosting model their costs will go up as participation increases.",
        "ts": "1439250585.000119"
    },
    {
        "type": "message",
        "user": "U08DD8LNP",
        "text": "when they also have complete control over what\u2019s on the site, this creates a moral hazard where they are are encouraged to manipulate things, and there is no effective check on that power other than the threat of a mass exodus and user hostility.  But network effects make mass exoduses increasingly difficult over time",
        "ts": "1439250648.000120"
    },
    {
        "type": "message",
        "user": "U08DD8LNP",
        "text": "voat is not structurally any different from reddit, it just has different rules and they are just as subject to change.  It\u2019s a pretty nice community at the moment though it has a 2007-ish reddit feel to it",
        "ts": "1439250716.000121"
    },
    {
        "type": "message",
        "user": "U08CFV27P",
        "text": "<@U08DD8LNP>: i was referring strictly to monetization. how they could monetize with no ads? i have no idea. they want to find another way and smart people with a lot of runway can do some interesting things.",
        "ts": "1439252030.000122"
    },
    {
        "type": "message",
        "user": "U08DD8LNP",
        "text": "well either way, the power over the site is centralized and so are the costs.  Best case scenario they get the users to fund things but that requires trusting them to not jump the shark",
        "ts": "1439252072.000123"
    },
    {
        "type": "message",
        "user": "U08DD8LNP",
        "text": "It\u2019s a fundamental problem with communities based on a traditional central server architecture.",
        "ts": "1439252113.000124"
    },
    {
        "type": "message",
        "user": "U08DD8LNP",
        "text": "Even if they come up with a reasonable monetization solution there is always the temptation that it\u2019s not enough and they get greedy and manipulative",
        "ts": "1439252150.000125"
    }
]