[
    {
        "type": "message",
        "user": "U08EZP01H",
        "text": "<@U08DD8LNP>:  I found the last bits most insightful. \u201cReddit is very much trying to establish itself as a curator of its own content and take back some of that space from BuzzFeed,\u201d  \u201cWe ask that the company make enough money to break even...\" \"The focus for now, he says, is product development and community growth. \"",
        "ts": "1439052960.000366"
    },
    {
        "type": "message",
        "user": "U08DD8LNP",
        "text": "<@U08EH4YG1>: <https:\/\/sp.reddit.com\/728x90A.gif>",
        "attachments": [
            {
                "fallback": "728x90px image",
                "image_url": "https:\/\/sp.reddit.com\/728x90A.gif",
                "image_width": 728,
                "image_height": 90,
                "image_bytes": 3832,
                "from_url": "https:\/\/sp.reddit.com\/728x90A.gif",
                "id": 1
            }
        ],
        "ts": "1439078149.000367"
    },
    {
        "type": "message",
        "user": "U08DD8LNP",
        "text": "err sorry <@U08EZP01H>",
        "ts": "1439078161.000369"
    }
]