[
    {
        "type": "message",
        "user": "U08DD8LNP",
        "text": "<@U08FW063C> that shouldn\u2019t be necessary if we go with the collective\/listing based moderation idea I\u2019ve suggested: <https:\/\/github.com\/dattnetwork\/dattdocs\/blob\/master\/data-models.md#collective>  It might still fit; but seems less necessary when communities can be \u201cforked\u201d without losing participation",
        "attachments": [
            {
                "service_name": "GitHub",
                "title": "dattnetwork\/dattdocs",
                "title_link": "https:\/\/github.com\/dattnetwork\/dattdocs\/blob\/master\/data-models.md#collective",
                "text": "dattdocs - Document all the things.",
                "fallback": "GitHub: dattnetwork\/dattdocs",
                "thumb_url": "https:\/\/avatars0.githubusercontent.com\/u\/13266895?v=3&s=400",
                "from_url": "https:\/\/github.com\/dattnetwork\/dattdocs\/blob\/master\/data-models.md#collective",
                "thumb_width": 214,
                "thumb_height": 214,
                "id": 1
            }
        ],
        "ts": "1439399654.000372"
    }
]