[
    {
        "type": "message",
        "user": "U07GDL0H5",
        "text": "Apple's commitment to your privacy <http:\/\/www.apple.com\/privacy\/>",
        "attachments": [
            {
                "service_name": "Apple",
                "title": "Privacy - Apple",
                "title_link": "http:\/\/www.apple.com\/privacy\/",
                "text": "At Apple, we respect your privacy and protect it with strong encryption, plus strict policies that govern how all data is handled.",
                "fallback": "Apple: Privacy - Apple",
                "from_url": "http:\/\/www.apple.com\/privacy\/",
                "id": 1
            }
        ],
        "ts": "1443543835.000013"
    }
]