[
    {
        "type": "message",
        "user": "U08DD8LNP",
        "text": "Reddit is now banning content for germany in addition to russia: <https:\/\/www.reddit.com\/r\/help\/comments\/3grujo\/403_forbidden_request_forbidden_by_administrative\/>",
        "attachments": [
            {
                "service_name": "reddit",
                "title": "403 Forbidden - Request forbidden by administrative rules. \u2022 \/r\/help",
                "title_link": "https:\/\/www.reddit.com\/r\/help\/comments\/3grujo\/403_forbidden_request_forbidden_by_administrative\/",
                "text": "<https:\/\/i.gyazo.com\/b676ba28e54ece638d4d3219a2e0debe.png> **EDIT**: To sum up what's come up in the comments: Only German users are affected. Not...",
                "fallback": "reddit: 403 Forbidden - Request forbidden by administrative rules. \u2022 \/r\/help",
                "thumb_url": "https:\/\/www.redditstatic.com\/icon.png",
                "from_url": "https:\/\/www.reddit.com\/r\/help\/comments\/3grujo\/403_forbidden_request_forbidden_by_administrative\/",
                "thumb_width": 256,
                "thumb_height": 256,
                "id": 1
            }
        ],
        "ts": "1439499112.000374"
    },
    {
        "type": "message",
        "user": "U08ERPTQF",
        "text": "I can understand Reddit responding to DMCA takedown requests, and requests for information from law enforcement, but bureaucratic content filtering is going way to far to curb free speech. Der Spiegel will have a field day with this if the sources line up",
        "ts": "1439499478.000376"
    },
    {
        "type": "message",
        "user": "U08DD8LNP",
        "text": "sure it makes sense for reddit to respond to legal takedowns in the US to ensure their continued existance",
        "ts": "1439501971.000377"
    },
    {
        "type": "message",
        "user": "U08DD8LNP",
        "text": "Russia and Germany have no jurisdiction over San Francisco though",
        "ts": "1439501984.000378"
    },
    {
        "type": "message",
        "user": "U08CG8V89",
        "text": "the formal post is here: <https:\/\/www.reddit.com\/r\/ChillingEffects\/comments\/3gw9g1\/2015813_ip_blocks\/>",
        "attachments": [
            {
                "service_name": "reddit",
                "title": "[2015-08-13] IP Blocks \u2022 \/r\/ChillingEffects",
                "title_link": "https:\/\/www.reddit.com\/r\/ChillingEffects\/comments\/3gw9g1\/2015813_ip_blocks\/",
                "text": "This week, Reddit received valid legal requests from Germany and Russia requesting the takedown of content that violated local law. As a result,...",
                "fallback": "reddit: [2015-08-13] IP Blocks \u2022 \/r\/ChillingEffects",
                "thumb_url": "https:\/\/www.redditstatic.com\/icon.png",
                "from_url": "https:\/\/www.reddit.com\/r\/ChillingEffects\/comments\/3gw9g1\/2015813_ip_blocks\/",
                "thumb_width": 256,
                "thumb_height": 256,
                "id": 1
            }
        ],
        "ts": "1439511223.000379"
    },
    {
        "type": "message",
        "user": "U08ERPTQF",
        "text": "Thanks <@U08CG8V89>",
        "ts": "1439513637.000381"
    },
    {
        "type": "message",
        "user": "U08ERPTQF",
        "text": "&gt; Generally the BPjM only removes results from google linking to these websites and does not actively censor content. As the law on what the BPjM acts says that content, books, movies, games etc. that are determined harmful to the youth etc. shall not be advertised for. Finding it in google would be advertisement.\nClassifying a Google search result as advertising is a bit of a stretch but I can see how a lawyer to spin \"Google being akin to a classified directory\"",
        "ts": "1439513856.000382"
    },
    {
        "type": "message",
        "user": "U08ERPTQF",
        "text": "Since links posted on Datt are distributed it starts to break down that argument IMHO",
        "ts": "1439513953.000383"
    }
]