[
    {
        "type": "message",
        "user": "U08CFV27P",
        "text": "<@U08ERPTQF>: not sure i follow, voat doesn't have advertising.",
        "ts": "1439196203.000114"
    },
    {
        "type": "message",
        "user": "U08ERPTQF",
        "text": "<@U08CFV27P>: I could be mistaken, but I don't see how Voat will continue to cover server costs &amp; achieve a return on investment without resorting to advertising. But that's only my conjecture.",
        "ts": "1439197422.000115"
    },
    {
        "type": "message",
        "user": "U08CFV27P",
        "text": "they are raising VC.  maybe they eventually have to run ads...but it's a little unfair to say there is 'bad will' based on your assumptions. voat founders have been very clear that they hate ads and want to find another way to make money.",
        "ts": "1439197600.000116"
    },
    {
        "type": "message",
        "user": "U08ERPTQF",
        "text": "<@U08CFV27P>: fair enough",
        "ts": "1439197927.000117"
    },
    {
        "user": "U08CCGGG1",
        "type": "message",
        "subtype": "channel_join",
        "text": "<@U08CCGGG1|ryan_onename> has joined the channel",
        "ts": "1439229031.000118"
    }
]