[
    {
        "type": "message",
        "user": "U08ERPTQF",
        "text": "<@U08EZP01H>: I felt Influence was doing too much, so I've gone fairly minimal with Jekyll &amp; Bootstrap and dark bg to contrast with the app mockups",
        "ts": "1438943470.000433"
    },
    {
        "type": "message",
        "user": "U08ERPTQF",
        "text": "Nothing committed yet, but I'll push my work to GitHub in the morning",
        "ts": "1438943520.000434"
    },
    {
        "type": "message",
        "user": "U08EZP01H",
        "text": "<@U08ERPTQF>: ahh I'm not familiar. I usually trim themes until they're minimal since everyone adds 50 features. I'll check it out Jekyll today and learn more",
        "ts": "1438959743.000435"
    },
    {
        "user": "U08K9N7PU",
        "type": "message",
        "subtype": "channel_join",
        "text": "<@U08K9N7PU|bitappend> has joined the channel",
        "ts": "1438977350.000436"
    },
    {
        "type": "message",
        "user": "U08EZP01H",
        "text": "<@U08ERPTQF>: what do you think about something like this? i can chop out all the sections we don't use pretty swiftly: <http:\/\/wrapbootstrap.com\/preview\/WB0915821>",
        "attachments": [
            {
                "text": "Live preview for Wolfram - Multipurpose One Page Template at WrapBootstrap",
                "fallback": "Live preview for Wolfram - Multipurpose One Page Template at WrapBootstrap",
                "from_url": "http:\/\/wrapbootstrap.com\/preview\/WB0915821",
                "id": 1
            }
        ],
        "ts": "1439003759.000437"
    },
    {
        "type": "message",
        "user": "U08ERPTQF",
        "text": "<@U08EZP01H>: checking it out now",
        "ts": "1439004899.000439"
    },
    {
        "type": "message",
        "user": "U08MEV56D",
        "text": "hello everyone, I joined this slack group a few days ago. I\u2019m a developer in Melbourne, Australia - I\u2019d love to help out with the front-end build (if you are looking). I\u2019m familiar with HTML, CSS, JS, jQuery, Angular, Meteor and some other things. :beer:",
        "ts": "1439004999.000440"
    },
    {
        "type": "message",
        "user": "U08ERPTQF",
        "text": "<@U08EZP01H>: I started with <http:\/\/jeromelachaud.github.io\/grayscale-theme\/> last night because it is really clean &amp; simple. I do like Wolfram, and I think that's the aesthetic we are working towards.",
        "edited": {
            "user": "U08ERPTQF",
            "ts": "1439005310.000000"
        },
        "ts": "1439005301.000441"
    },
    {
        "type": "message",
        "user": "U08ERPTQF",
        "text": "<@U08MEV56D>: Welcome",
        "ts": "1439005328.000444"
    },
    {
        "type": "message",
        "user": "U08EZP01H",
        "text": "oah hey <@U08MEV56D> ! welcome",
        "ts": "1439005471.000445"
    },
    {
        "type": "message",
        "user": "U08EZP01H",
        "text": "<@U08ERPTQF>: I have to say, my initial assessment of Jekyll was a bit off. That looks great.",
        "ts": "1439005551.000446"
    },
    {
        "type": "message",
        "user": "U08EZP01H",
        "text": "I thought we we're stuck with <http:\/\/themes.jekyllbootstrap.com> !",
        "ts": "1439005627.000447"
    },
    {
        "type": "message",
        "user": "U08EZP01H",
        "text": "also, <@U08MEV56D>, i think that's exactly what we need help with",
        "ts": "1439005653.000448"
    },
    {
        "type": "message",
        "user": "U08MEV56D",
        "text": "thanks guys, I do like the extremely simplicity of the grayscale one",
        "ts": "1439005655.000449"
    },
    {
        "type": "message",
        "user": "U07GDL0H5",
        "text": "welcome <@U08MEV56D> !",
        "ts": "1439005657.000450"
    },
    {
        "type": "message",
        "user": "U08ERPTQF",
        "text": "Jekyll is similar to Liquid\/Jinja template engines and it's natively supported on GitHub pages",
        "ts": "1439005660.000451"
    },
    {
        "type": "message",
        "user": "U08ERPTQF",
        "text": "all good, I'll get on and commit what I've started to <http:\/\/datt.co|datt.co> repo so you guys can improve on it :simple_smile:",
        "ts": "1439005704.000452",
        "reactions": [
            {
                "name": "+1",
                "users": [
                    "U08EZP01H",
                    "U08MEV56D"
                ],
                "count": 2
            }
        ]
    },
    {
        "type": "message",
        "user": "U08MEV56D",
        "text": "I\u2019d also like to throw in that I\u2019m happy to build from Sketch, PSD, Illustrator files if you want something less bootstrapy",
        "ts": "1439005837.000453"
    },
    {
        "type": "message",
        "user": "U08ERPTQF",
        "text": "<@U08MEV56D>: have you seen some of the design work <@U08C464NS> &amp; <@U08EZP01H> committed to the dattmedia repo?\nMy goal is to have a landing page that is somewhat inverse to the app mockup",
        "ts": "1439005924.000454"
    },
    {
        "type": "message",
        "user": "U08MEV56D",
        "text": "I haven't- I\u2019ll try and find it now",
        "ts": "1439005963.000455"
    },
    {
        "type": "message",
        "user": "U08EZP01H",
        "text": "<@U08MEV56D>: basically we're trying to take the mockups and &amp; template here: <https:\/\/github.com\/dattnetwork\/dattmedia\/tree\/master\/chris_NODE> and 1.) make the template responsive 2.) implement using ember.js here: <https:\/\/github.com\/dattnetwork\/datt.ui>",
        "attachments": [
            {
                "service_name": "GitHub",
                "title": "dattnetwork\/dattmedia",
                "title_link": "https:\/\/github.com\/dattnetwork\/dattmedia\/tree\/master\/chris_NODE",
                "text": "dattmedia - Design all the things.",
                "fallback": "GitHub: dattnetwork\/dattmedia",
                "thumb_url": "https:\/\/avatars0.githubusercontent.com\/u\/13266895?v=3&s=400",
                "from_url": "https:\/\/github.com\/dattnetwork\/dattmedia\/tree\/master\/chris_NODE",
                "thumb_width": 214,
                "thumb_height": 214,
                "id": 1
            },
            {
                "service_name": "GitHub",
                "title": "dattnetwork\/datt.ui",
                "title_link": "https:\/\/github.com\/dattnetwork\/datt.ui",
                "text": "datt.ui - Ember.js UX\/mock playground that may eventually evolve into something useful",
                "fallback": "GitHub: dattnetwork\/datt.ui",
                "thumb_url": "https:\/\/avatars0.githubusercontent.com\/u\/13266895?v=3&s=400",
                "from_url": "https:\/\/github.com\/dattnetwork\/datt.ui",
                "thumb_width": 214,
                "thumb_height": 214,
                "id": 2
            }
        ],
        "ts": "1439006016.000456"
    },
    {
        "type": "message",
        "user": "U08MEV56D",
        "text": "ah- i can see the HTML is almost there. I\u2019m happy to work from this and see what I can do.",
        "ts": "1439006530.000458"
    },
    {
        "type": "message",
        "user": "U08MEV56D",
        "text": "I haven\u2019t used ember before, but it looks somewhat similar to angular- I can probably just hardcode some content into an ember controller and pull it into the template",
        "ts": "1439006756.000459"
    },
    {
        "type": "message",
        "user": "U08EZP01H",
        "text": "this post, and the one below it, should help <https:\/\/dattnetwork.slack.com\/archives\/design\/p1438669224000393>",
        "attachments": [
            {
                "color": "4D394B",
                "from_url": "https:\/\/dattnetwork.slack.com\/archives\/design\/p1438669224000393",
                "fallback": "[August 3rd, 2015 11:20 PM] go1dfish: <https:\/\/github.com\/dattnetwork\/datt.ui> lists dependencies and how to get it running",
                "author_subname": "go1dfish",
                "ts": 1438669224,
                "text": "<https:\/\/github.com\/dattnetwork\/datt.ui> lists dependencies and how to get it running",
                "author_name": "Alex Goodwin",
                "author_link": "https:\/\/dattnetwork.slack.com\/team\/go1dfish",
                "author_icon": "https:\/\/secure.gravatar.com\/avatar\/27935e087cec25907e3cc9c8481d03e6.jpg?s=48&d=https%3A%2F%2Fslack.global.ssl.fastly.net%2F66f9%2Fimg%2Favatars%2Fava_0010-48.png",
                "mrkdwn_in": [
                    "text"
                ],
                "id": 1
            }
        ],
        "ts": "1439006823.000460"
    },
    {
        "type": "message",
        "user": "U08MEV56D",
        "text": "so no one has started merging the html templates with the UI templates yet?",
        "ts": "1439007054.000462"
    },
    {
        "type": "message",
        "user": "U08EZP01H",
        "text": "i'm not sure to what extent the files in the templates folder reflect the UI mockups, no",
        "ts": "1439007226.000463"
    },
    {
        "type": "message",
        "user": "U08MEV56D",
        "text": "ok, beginning to make sense, ill get all of this running locally and see how it goes",
        "ts": "1439007346.000464",
        "reactions": [
            {
                "name": "+1",
                "users": [
                    "U08ERPTQF"
                ],
                "count": 1
            }
        ]
    },
    {
        "type": "message",
        "user": "U08EZP01H",
        "text": "<@U08MEV56D> awesome! if you have anyone questions just tag someone. <@U08DD8LNP> and <@U08ERPTQF> can point you in the right direction as well",
        "ts": "1439007633.000465"
    },
    {
        "type": "message",
        "user": "U08EZP01H",
        "text": "*any",
        "ts": "1439007715.000466"
    },
    {
        "type": "message",
        "user": "U08DD8LNP",
        "text": "<@U08MEV56D>: feel free to ping me with any questions, I should hopefully be able to dive in tomorrow but probably more on the p2p\/node integration side of things especially if someone else can lead up the design integration",
        "ts": "1439008032.000467"
    }
]