[
    {
        "type": "message",
        "user": "U0AV4U333",
        "text": "<@U07GDL0H5>: I wouldn\u2019t put too much pressure on getting a demo rushed for YC App. Instead focus on the core elements and figure out what you\u2019ll do in the duration of 3 months.",
        "ts": "1443423730.000172",
        "reactions": [
            {
                "name": "+1",
                "users": [
                    "U08ERPTQF"
                ],
                "count": 1
            }
        ]
    },
    {
        "type": "message",
        "user": "U0AV4U333",
        "text": "the big thing is you have demo day at the end so what will you show by then",
        "ts": "1443423769.000173"
    },
    {
        "type": "message",
        "user": "U0AV4U333",
        "text": "finally I wouldn\u2019t rush a co-founder in our batch we had a few solo founders",
        "ts": "1443423785.000174"
    },
    {
        "type": "message",
        "user": "U0AV4U333",
        "text": "some had no demo product when they started but all had a strong understanding of their business dynamics",
        "edited": {
            "user": "U0AV4U333",
            "ts": "1443423814.000000"
        },
        "ts": "1443423811.000175"
    },
    {
        "type": "message",
        "user": "U08ERPTQF",
        "text": "<@U0AV4U333>: some really good points. The biggest challenge for Datt is we don't have a strong grasp on the business dynamics as there are a lot of business models to choose from &amp; it's hard to predict which is the best to go with at launch",
        "ts": "1443424337.000177"
    },
    {
        "type": "message",
        "user": "U0AV4U333",
        "text": "you have a strong understanding of where it can go",
        "ts": "1443424391.000178"
    },
    {
        "type": "message",
        "user": "U0AV4U333",
        "text": "they know that there will be business model discussions",
        "ts": "1443424399.000179"
    },
    {
        "type": "message",
        "user": "U0AV4U333",
        "text": "but you have an underlying understanding of the fundamentals",
        "ts": "1443424410.000180"
    },
    {
        "type": "message",
        "user": "U0AV4U333",
        "text": "though 3 months is very short amount of time",
        "ts": "1443424417.000181"
    },
    {
        "type": "message",
        "user": "U0AV4U333",
        "text": "so it\u2019s a good forcing function but it\u2019s a forcing function which means by the end of YC you have something that you can present to investors",
        "ts": "1443424476.000182"
    },
    {
        "type": "message",
        "user": "U0AV4U333",
        "text": "even our company is discussing business models but we have an initial business that will evolve",
        "ts": "1443424513.000183"
    },
    {
        "type": "message",
        "user": "U08DH3ESU",
        "text": "<https:\/\/www.linkedin.com\/pulse\/apples-brilliant-assault-advertising-google-jason-calacanis> ",
        "edited": {
            "user": "U08DH3ESU",
            "ts": "1443430689.000000"
        },
        "ts": "1443430665.000184"
    },
    {
        "type": "message",
        "user": "U08DH3ESU",
        "text": "\"Apple draws the line at stealing content, and doesn't see the subversion of ads as stealing \u2013 which all of us in the real world know it is. Undermining a publisher's ability to monetize is stealing, but it's Robin-Hood, feel-good stealing.\"",
        "ts": "1443430692.000186"
    },
    {
        "type": "message",
        "user": "U08DH3ESU",
        "text": "Publishers are screwed.\n\nGoogle is really screwed.\n\nConsumers win.\n\nApple really wins.\n\nNow, will consumers ultimately lose because publishers go out of business? That's the obvious question ... with the obvious answer: we're gonna find out next year.\n(All quotes are from the article)",
        "ts": "1443430796.000187"
    },
    {
        "type": "message",
        "user": "U08DH3ESU",
        "text": "So killing advertising not only crushes Google, it also could flip many publishers from ad-driven models to subscriptions ... in Apple's App store.\n\nOh yeah, Apple launched a News App as part of iOS 9, too.\n\nThat's interesting timing. I wonder if Apple will launch a 'pay $10 a month for 500 newspapers\/magazines' subscription and share that revenue with those publishers based on some slick algorithm. (Consumption + a base payment for everyone.)",
        "ts": "1443430801.000188"
    },
    {
        "type": "message",
        "user": "U08DH3ESU",
        "text": "This is very interesting from Apple as they are not only targetting ads, but the force behind ads. In the short term I feel the publishers will move away as subscriptions won't pick up quickly unless Apple decides to subsidize the publishers.",
        "ts": "1443430869.000189"
    },
    {
        "type": "message",
        "user": "U08DH3ESU",
        "text": "And for once Apple is incentivizing the consumer who actually pays Apple. For all these years with (Smart phone &amp; beyond) nearly every tool was built to bring more content to the platform and enable advertising.",
        "ts": "1443430999.000190"
    },
    {
        "type": "message",
        "user": "U0AV4U333",
        "text": "<@U07GDL0H5> &amp; <@U08ERPTQF>: Thinking about YC again, instead of a strong business model you need to show consistent user growth",
        "ts": "1443452281.000191"
    },
    {
        "type": "message",
        "user": "U0AV4U333",
        "text": "as long as by the end of YC you\u2019re substantially further along with showing there\u2019s actual usage here",
        "ts": "1443452303.000192"
    },
    {
        "type": "message",
        "user": "U0AV4U333",
        "text": "and you can discuss your early traction with users",
        "ts": "1443452313.000193"
    },
    {
        "type": "message",
        "user": "U0AV4U333",
        "text": "without a product",
        "ts": "1443452323.000194"
    },
    {
        "type": "message",
        "user": "U0AV4U333",
        "text": "plus <@U07GDL0H5> Sam knows you as well as the other YC partners\/part-time partners such as Alexis and others have heard of you",
        "ts": "1443452354.000195"
    },
    {
        "type": "message",
        "user": "U0AV4U333",
        "text": "next steps: copy\/paste your app with questions to Google Docs and as a group here can help you refine it",
        "ts": "1443452382.000196"
    },
    {
        "type": "message",
        "user": "U0AV4U333",
        "text": "the ultimate goal is being very clear and concise while articulating a beautiful and exciting vision",
        "ts": "1443452429.000197"
    },
    {
        "type": "message",
        "user": "U07GDL0H5",
        "text": "<@U08C464NS>: the original date for a prototoype was arbitrary. now i actually bothered to put thought into it.",
        "ts": "1443461803.000198"
    },
    {
        "type": "message",
        "user": "U07GDL0H5",
        "text": "<@U0AV4U333>: thanks for your awesome input.",
        "ts": "1443461811.000199"
    },
    {
        "type": "message",
        "user": "U07GDL0H5",
        "text": "<@U08DH3ESU>: awesome link and great points",
        "ts": "1443462153.000200"
    }
]