[
    {
        "user": "U0CBZJRCG",
        "type": "message",
        "subtype": "channel_join",
        "text": "<@U0CBZJRCG|juan192> has joined the channel",
        "ts": "1444746924.000100"
    },
    {
        "type": "message",
        "user": "U0AV4U333",
        "text": "<@U08ELNFTP>: They want a raw video, no animations or special effects",
        "ts": "1444748059.000101"
    },
    {
        "type": "message",
        "user": "U0AV4U333",
        "text": "This is a really amazing community though a lot of people willing to help out wherever",
        "ts": "1444748073.000102",
        "reactions": [
            {
                "name": "+1",
                "users": [
                    "U07GDL0H5",
                    "U08EZP01H"
                ],
                "count": 2
            }
        ]
    },
    {
        "type": "message",
        "user": "U07GDL0H5",
        "text": "\"I'm the founder of HoneyLedger -- a payment network built for content creators. We allow creators to be tipped using credit cards or bank transfers, with no chargebacks! Have heard of us? Would you try this?\" <https:\/\/www.zapchain.com\/a\/l\/im-the-founder-of-honeyledger-a-payment-network-built-for-content-creators-we-allow-creators-to\/KhOQS1197O>",
        "attachments": [
            {
                "service_name": "ZapChain",
                "title": "I'm the founder of HoneyLedger -- a payment network built for content creators. We allow creators to be tipped using credit cards or bank transfers, with no chargebacks! Have heard of us? Would you try this?",
                "title_link": "https:\/\/www.zapchain.com\/a\/l\/im-the-founder-of-honeyledger-a-payment-network-built-for-content-creators-we-allow-creators-to\/KhOQS1197O",
                "text": "ZapChain is the best place to discuss emerging technology.",
                "fallback": "ZapChain: I'm the founder of HoneyLedger -- a payment network built for content creators. We allow creators to be tipped using credit cards or bank transfers, with no chargebacks! Have heard of us? Would you try this?",
                "from_url": "https:\/\/www.zapchain.com\/a\/l\/im-the-founder-of-honeyledger-a-payment-network-built-for-content-creators-we-allow-creators-to\/KhOQS1197O",
                "thumb_url": "https:\/\/graph.facebook.com\/802058301880\/picture?type=large",
                "thumb_width": 200,
                "thumb_height": 200,
                "id": 1
            }
        ],
        "ts": "1444763912.000103"
    },
    {
        "type": "message",
        "user": "U08F438SK",
        "text": "haha was just about to post HoneyLedger! all signs say it is finally time for people to start making a living online. And I really think <@U07GDL0H5> has the skills, background, personality, and *vision* to make it happen",
        "ts": "1444765748.000105",
        "reactions": [
            {
                "name": "+1",
                "users": [
                    "U07GDL0H5"
                ],
                "count": 1
            }
        ]
    },
    {
        "type": "message",
        "user": "U07GDL0H5",
        "text": "i recorded about 25 videos today for the YC founder video. i believe this is the best: <https:\/\/www.youtube.com\/watch?v=5czAPqTKHxw>",
        "attachments": [
            {
                "service_name": "YouTube",
                "service_url": "https:\/\/www.youtube.com\/",
                "title": "YC Founder Video",
                "title_link": "https:\/\/www.youtube.com\/watch?v=5czAPqTKHxw",
                "author_name": "Ryan X. Charles",
                "author_link": "https:\/\/www.youtube.com\/user\/ryanxcharles",
                "thumb_url": "https:\/\/i.ytimg.com\/vi\/5czAPqTKHxw\/hqdefault.jpg",
                "thumb_width": 480,
                "thumb_height": 360,
                "fallback": "YouTube Video: YC Founder Video",
                "video_html": "<iframe width=\"400\" height=\"225\" src=\"https:\/\/www.youtube.com\/embed\/5czAPqTKHxw?feature=oembed\" frameborder=\"0\" allowfullscreen><\/iframe>",
                "video_html_width": 400,
                "video_html_height": 225,
                "from_url": "https:\/\/www.youtube.com\/watch?v=5czAPqTKHxw",
                "id": 1
            }
        ],
        "ts": "1444783413.000106",
        "reactions": [
            {
                "name": "+1",
                "users": [
                    "U08DDGSNQ",
                    "U08EZP01H",
                    "U08FELZL7",
                    "U08F438SK",
                    "U08C464NS",
                    "U08MAKT70",
                    "U08DH3ESU"
                ],
                "count": 7
            },
            {
                "name": "rocket",
                "users": [
                    "U0AV4U333",
                    "U08C464NS",
                    "U08D641AP"
                ],
                "count": 3
            }
        ]
    },
    {
        "type": "message",
        "user": "U07GDL0H5",
        "text": "assuming no one thinks there is something terribly wrong with this video, i will submit it with the app by 7pm PT - that is about 1h 15m from now",
        "ts": "1444783472.000108"
    },
    {
        "type": "message",
        "user": "U08BY8MGV",
        "text": "Great video!",
        "ts": "1444786632.000109"
    },
    {
        "type": "message",
        "user": "U07GDL0H5",
        "text": "thx dawg",
        "ts": "1444786836.000110"
    },
    {
        "type": "message",
        "user": "U08EZP01H",
        "text": "nicely done",
        "ts": "1444789881.000111"
    }
]