[
    {
        "type": "message",
        "user": "U08FELZL7",
        "text": "Well, this is happening <https:\/\/medium.com\/the-story\/taking-medium-to-the-next-level-cb7f223fad86>\n\n\u2018In addition, we are going to be exploring new ways for professional and independent content creators to connect with both brands and their readers. We are committed to facilitating those relationships in a way that helps money flow back to creators so they can sustain themselves doing what they love.\u2019\n- Evan Williams\nZeitgest, I guess. I\u2019m skeptical, but whatever.",
        "attachments": [
            {
                "service_name": "Medium",
                "title": "Taking Medium to the Next Level \u2014 The Story",
                "title_link": "https:\/\/medium.com\/the-story\/taking-medium-to-the-next-level-cb7f223fad86",
                "text": "Two years ago, we opened up Medium for anyone to write. It was a new, well-lit place for an old idea: letting people sha\u2026",
                "fallback": "Medium: Taking Medium to the Next Level \u2014 The Story",
                "image_url": "https:\/\/cdn-images-1.medium.com\/max\/800\/1*NjT4dGUJxU3ldT07qav5IQ.png",
                "ts": 1444270383,
                "from_url": "https:\/\/medium.com\/the-story\/taking-medium-to-the-next-level-cb7f223fad86",
                "image_width": 637,
                "image_height": 250,
                "image_bytes": 13012,
                "id": 1
            }
        ],
        "edited": {
            "user": "U08FELZL7",
            "ts": "1444434981.000000"
        },
        "ts": "1444434808.000022"
    },
    {
        "type": "message",
        "user": "U07GDL0H5",
        "text": "good ... although if they use bitcoin instead of dollars i think we have some pretty formidable competition :simple_smile:",
        "ts": "1444435204.000025"
    },
    {
        "type": "message",
        "user": "U0AV4U333",
        "text": "or you can provide them the network",
        "ts": "1444441553.000026",
        "reactions": [
            {
                "name": "+1",
                "users": [
                    "U07GDL0H5",
                    "U08EZP01H"
                ],
                "count": 2
            }
        ]
    },
    {
        "type": "message",
        "user": "U08DH3ESU",
        "text": "The currency is not of relevance here. The issue is type of access. You still have a controlling authority in the case of Medium. And you might not find critical opinion if you have brands in the picture and Medium is getting paid from the brands also. They need to be loyal to the brands and opinions will be controlled. which is exactly what we want to avoid.",
        "ts": "1444449725.000027",
        "reactions": [
            {
                "name": "+1",
                "users": [
                    "U07GDL0H5",
                    "U08FELZL7"
                ],
                "count": 2
            }
        ]
    },
    {
        "type": "message",
        "user": "U0AV4U333",
        "text": "I think the point of this business model is to reduce the impact of advertising revenue",
        "ts": "1444455216.000028"
    },
    {
        "type": "message",
        "user": "U0AV4U333",
        "text": "Also as Reddit re-rediscovered recently, it\u2019s exceptionally difficult to control opinion in networks",
        "ts": "1444455316.000029"
    },
    {
        "type": "message",
        "user": "U0AV4U333",
        "text": "There seems to be an interesting affinity to decentralization however there\u2019s less discussion regarding the precise problem being solved",
        "ts": "1444455400.000030"
    },
    {
        "type": "message",
        "user": "U0AV4U333",
        "text": "it seems more discussion relates around centralization vs decentralization which is less of an issue than why is decentralizing micopayments for content a better solution and to what precise problem",
        "ts": "1444455451.000031"
    },
    {
        "type": "message",
        "user": "U0AV4U333",
        "text": "I like this PG quote a lot: \n&gt; When you get to focus on a single, sharply defined problem, you tend to make progress quickly.",
        "edited": {
            "user": "U0AV4U333",
            "ts": "1444455482.000000"
        },
        "ts": "1444455479.000032"
    },
    {
        "type": "message",
        "user": "U0AV4U333",
        "text": "Right now it seems that the problem is amorphous and broad which is fine though there should be a conscious effort to narrow the scope",
        "ts": "1444455559.000034"
    }
]