[
    {
        "user": "U08K9N7PU",
        "type": "message",
        "subtype": "channel_join",
        "text": "<@U08K9N7PU|bitappend> has joined the channel",
        "ts": "1438977281.000345"
    },
    {
        "type": "message",
        "user": "U08D641AP",
        "text": "webRTC reveals local IPs; does this mean we can't use it?",
        "ts": "1438992908.000346"
    },
    {
        "type": "message",
        "user": "U08DD8LNP",
        "text": "it means we should make it optional at least",
        "ts": "1439008077.000347"
    },
    {
        "type": "message",
        "user": "U08DD8LNP",
        "text": "but also that in the longer term it would be ideal to implement some onion routing type system to make that less of an issue at least as it relates to linking a person to their activity",
        "ts": "1439008146.000348"
    },
    {
        "type": "message",
        "user": "U08DD8LNP",
        "text": "routing additional traffic through in addition to stuff that originates with you.  I don\u2019t know if it\u2019s something we have to fully solve initially.  It would be a problem with any p2p client though so as long as we are clear about it and make it optional I think we\u2019re good",
        "ts": "1439008226.000349"
    },
    {
        "type": "message",
        "user": "U08DD8LNP",
        "text": "with <@U07GDL0H5> business strategy it seems like the idea is to support something akin to gateway nodes that would exist to make an easy entry point to the network with some top down curation",
        "ts": "1439008287.000350"
    },
    {
        "type": "message",
        "user": "U08DD8LNP",
        "text": "the network can be quite decentralized, and we can provide the datt.whatever experience on top of that with good\/prestigious over-mods excluding illegal content etc\u2026",
        "ts": "1439008342.000351"
    },
    {
        "type": "message",
        "user": "U08DD8LNP",
        "text": "people will be encouraged\/incentivized to run their own nodes to support the network and because we wont have full control over it we can\u2019t completely destroy the experience if we screw up too bad then someone could start up dattwithblackjackandhookers and take up our slack",
        "ts": "1439008432.000352",
        "reactions": [
            {
                "name": "+1",
                "users": [
                    "U08ERPTQF"
                ],
                "count": 1
            }
        ]
    }
]