[
    {
        "type": "message",
        "user": "U07GDL0H5",
        "text": "joystream - negotiated bitcoin micropayments for torrents <https:\/\/www.zapchain.com\/a\/l\/im-founder-of-joystream-the-airbnb-of-bittorrent-were-building-a-bittorrent-client-that-negotiat\/UL6HjAgt5d>",
        "attachments": [
            {
                "service_name": "ZapChain",
                "title": "I'm founder of Joystream, the AirBnB of BitTorrent. We're building a BitTorrent client that negotiates and executes Bitcoin micropayments in exchange for seeding. Our software is now available for download on our website. Ask me Anything!",
                "title_link": "https:\/\/www.zapchain.com\/a\/l\/im-founder-of-joystream-the-airbnb-of-bittorrent-were-building-a-bittorrent-client-that-negotiat\/UL6HjAgt5d",
                "text": "ZapChain is the best place to discuss emerging technology.",
                "fallback": "ZapChain: I'm founder of Joystream, the AirBnB of BitTorrent. We're building a BitTorrent client that negotiates and executes Bitcoin micropayments in exchange for seeding. Our software is now available for download on our website. Ask me Anything!",
                "from_url": "https:\/\/www.zapchain.com\/a\/l\/im-founder-of-joystream-the-airbnb-of-bittorrent-were-building-a-bittorrent-client-that-negotiat\/UL6HjAgt5d",
                "thumb_url": "https:\/\/graph.facebook.com\/10152840145660941\/picture?type=large",
                "thumb_width": 200,
                "thumb_height": 177,
                "id": 1
            }
        ],
        "ts": "1443634408.000015"
    }
]