[
    {
        "type": "message",
        "user": "U08MAKT70",
        "text": "<http:\/\/www.newsbtc.com\/2015\/10\/26\/coinbase-brainstorms-on-bitcoin-killer-apps\/>",
        "attachments": [
            {
                "service_name": "NEWSBTC",
                "title": "Coinbase Brainstorms On Bitcoin Killer Apps - NEWSBTC",
                "title_link": "http:\/\/www.newsbtc.com\/2015\/10\/26\/coinbase-brainstorms-on-bitcoin-killer-apps\/",
                "text": "After deliberation, Bitcoin company Coinbase, has come up with a list of innovative ideas that could one day aid in bringing out a successful Bitcoin app.",
                "fallback": "NEWSBTC: Coinbase Brainstorms On Bitcoin Killer Apps - NEWSBTC",
                "thumb_url": "http:\/\/s3.amazonaws.com\/main-newsbtc-images\/2015\/10\/26110028\/coinbase-brainstorms-on-killers-bitcoin-apps.-newsbtc-bitcoin-news.png",
                "ts": 1445857228,
                "from_url": "http:\/\/www.newsbtc.com\/2015\/10\/26\/coinbase-brainstorms-on-bitcoin-killer-apps\/",
                "thumb_width": 640,
                "thumb_height": 360,
                "id": 1
            }
        ],
        "ts": "1445930619.000016"
    }
]