[
    {
        "type": "message",
        "user": "U07GDL0H5",
        "text": "\"\tDecentralized Reddit using a DHT to store content and a blockchain to rank it\" <http:\/\/www.slideshare.net\/lmatteis\/kudos-a-peertopeer-discussion-system-based-on-social-voting> <https:\/\/news.ycombinator.com\/item?id=10391996>",
        "attachments": [
            {
                "service_name": "SlideShare",
                "service_url": "http:\/\/www.slideshare.net",
                "title": "Kudos - A Peer-to-Peer Discussion System Based on Social Voting",
                "title_link": "http:\/\/www.slideshare.net\/lmatteis\/kudos-a-peertopeer-discussion-system-based-on-social-voting",
                "author_name": "Luca Matteis",
                "author_link": "http:\/\/www.slideshare.net\/lmatteis",
                "thumb_width": 170,
                "thumb_height": 128,
                "text": "Kudos - A Peer-to-Peer Discussion System Based on Social Voting  from Luca Matteis",
                "fallback": "SlideShare Link: Kudos - A Peer-to-Peer Discussion System Based on Social Voting",
                "from_url": "http:\/\/www.slideshare.net\/lmatteis\/kudos-a-peertopeer-discussion-system-based-on-social-voting",
                "id": 1
            }
        ],
        "ts": "1444923548.000011"
    }
]