[
    {
        "type": "message",
        "user": "U08DD8LNP",
        "text": "<https:\/\/www.mnot.net\/blog\/2015\/08\/18\/distributed_http>",
        "attachments": [
            {
                "text": "One of the things that came up at the HTTP Workshop was \u201cdistributed HTTP\u201d \u2014 i.e., moving the Web from a client\/server model to a more distributed one. This week, Brewster Khale (of <http:\/\/Archive.org|Archive.org> fame) talked about similar thoughts\u00a0on his...",
                "fallback": "One of the things that came up at the HTTP Workshop was \u201cdistributed HTTP\u201d \u2014 i.e., moving the Web from a client\/server model to a more distributed one. This week, Brewster Khale (of <http:\/\/Archive.org|Archive.org> fame) talked about similar thoughts\u00a0on his...",
                "from_url": "https:\/\/www.mnot.net\/blog\/2015\/08\/18\/distributed_http",
                "id": 1
            }
        ],
        "ts": "1441261781.000003"
    }
]