[
    {
        "type": "message",
        "user": "U08DD8LNP",
        "text": "<http:\/\/techcrunch.com\/2015\/08\/05\/the-dream-of-internet-freedom-is-dying\/>",
        "attachments": [
            {
                "service_name": "TechCrunch",
                "service_url": "http:\/\/techcrunch.com",
                "title": "\u201cThe Dream Of Internet Freedom Is\u00a0Dying\u201d",
                "title_link": "http:\/\/techcrunch.com\/2015\/08\/05\/the-dream-of-internet-freedom-is-dying\/",
                "author_name": "Jon Evans",
                "thumb_url": "https:\/\/i2.wp.com\/tctechcrunch2011.files.wordpress.com\/2015\/08\/battle-cry.png?fit=200%2C150",
                "thumb_width": 119,
                "thumb_height": 150,
                "text": "So says Jennifer Granick, who gave the keynote address at the (somewhat infamous) Black Hat security conference today. Once, techno-utopians could say things like \"The Internet treats censorship as damage and routes around it.\" Today, though, the ongoing centralization of the Internet in the name of security and convenience \"increasingly facilitates surveillance, censorship, and control.\"",
                "fallback": "TechCrunch Link: &#8220;The Dream Of Internet Freedom Is&nbsp;Dying&#8221;",
                "from_url": "http:\/\/techcrunch.com\/2015\/08\/05\/the-dream-of-internet-freedom-is-dying\/",
                "id": 1
            }
        ],
        "ts": "1438821339.000335",
        "reactions": [
            {
                "name": "+1",
                "users": [
                    "U08ERPTQF",
                    "U08EZP01H"
                ],
                "count": 2
            }
        ]
    },
    {
        "type": "message",
        "user": "U08D641AP",
        "text": "great article.  post it to converse :wink:",
        "ts": "1438821394.000337"
    },
    {
        "type": "message",
        "user": "U08DD8LNP",
        "text": "<@U07GDL0H5>: \"When you want to build a ship, do not begin by gathering wood, cutting boards, and distributing work, but rather awaken within men the desire for the vast and endless sea\u201d \u2014 Antoine de Saint Exup\u00e9ry",
        "ts": "1438832693.000338",
        "reactions": [
            {
                "name": "+1",
                "users": [
                    "U07GDL0H5",
                    "U08ERPTQF",
                    "U08D641AP",
                    "U08EZP01H"
                ],
                "count": 4
            }
        ]
    },
    {
        "user": "U08MEV56D",
        "type": "message",
        "subtype": "channel_join",
        "text": "<@U08MEV56D|mashaal> has joined the channel",
        "ts": "1438839664.000339"
    }
]