[
    {
        "type": "message",
        "user": "U08ERPTQF",
        "text": "Agree it needs to clear to the user that clicking publish is final",
        "ts": "1439364481.000274"
    },
    {
        "type": "message",
        "user": "U08ERPTQF",
        "text": "We also need to be clear in our communication: we aren't saying \"post on Datt to make money from your content\" rather \"post on Datt and if anyone makes any money, it should be you not the platform\"",
        "ts": "1439364688.000275"
    },
    {
        "type": "message",
        "user": "U08ERPTQF",
        "text": "<@U08F2RTCN>: another point you raised is that creators might want to take their content elsewhere, well we expect a majority of posts will be links to content hosted elsewhere (a la Reddit) so Datt is just one channel to reach the desired audience",
        "ts": "1439364826.000276"
    },
    {
        "type": "message",
        "user": "U08DH3ESU",
        "text": "Another note here: Let's say that some document which should not be published gets published on datt. (Not a link but the actual contents). For example, (for a moment let's say) a confidential document which the government uses gets published on the datt network. In this scenario something needs to be done. Links are easier to handle as we are not responsbile for the original content.",
        "ts": "1439365059.000277"
    },
    {
        "type": "message",
        "user": "U08F2RTCN",
        "text": "<@U08ERPTQF>: Yes I agree with your point on the communication, and if the majority of the contents is going to be a  the links hosted elsewhere then we should be good, but in the case of what <@U08DH3ESU> mentioned  with situations like sensitive stuff then we can make the content difficult to discover?",
        "ts": "1439365217.000278"
    },
    {
        "type": "message",
        "user": "U08ERPTQF",
        "text": "Some brands that have mistakenly tweeted or posted content to FB have still had to face the fact that the content was posted even though they had the ability to delete it, users took screenshots or found other ways to preserve the post",
        "ts": "1439365343.000279"
    },
    {
        "type": "message",
        "user": "U08ERPTQF",
        "text": "In the specific use case of a government documents, that draws parallels with Wikileaks, once something is disseminated it shifts the power and the discussion",
        "ts": "1439365437.000280"
    },
    {
        "type": "message",
        "user": "U08DH3ESU",
        "text": "Posting mistakenly and posting with malicious intentions are different things; It is like someone releases a list with credit card numbers;",
        "ts": "1439365461.000281"
    },
    {
        "type": "message",
        "user": "U08ERPTQF",
        "text": "<@U08F438SK>: suggested a protocol level solution that if an author themselves flag content, then full nodes could stop serving that content. But that doesn't address <@U08DH3ESU>'s scenario where the creator is malicious as they are highly unlikely to revoke their own content.",
        "edited": {
            "user": "U08ERPTQF",
            "ts": "1439365609.000000"
        },
        "ts": "1439365564.000282"
    },
    {
        "type": "message",
        "user": "U08DH3ESU",
        "text": "To address this scenario and maintain that the core vision of the network, I would suggest that we build a protocol which allows information flow without any constraints, but build a layer on top (everything OSS) where these level of administrative controls can be provided; Sort of a 2 level solution; So, if someone wants to run a system without any constraints then the protocol should work great, but running the 2nd layer adds a degree of protection (for lack of better word)",
        "ts": "1439365765.000285"
    },
    {
        "type": "message",
        "user": "U08DH3ESU",
        "text": "If the creator is malicious then maybe a full node can again step in, but that would be censorship; but we would still want to censor some really bad stuff like child po**, paed** and stuff like that getting posted (even links)",
        "ts": "1439365880.000286"
    },
    {
        "type": "message",
        "user": "U08ERPTQF",
        "text": "I think we should build the protocol and the network as open as possible, then see where we go next",
        "ts": "1439366189.000287"
    },
    {
        "type": "message",
        "user": "U08DH3ESU",
        "text": "Agreed in principle",
        "ts": "1439366304.000288"
    },
    {
        "type": "message",
        "user": "U08BY8MGV",
        "text": "A completely different approach to curating content: <http:\/\/techcrunch.com\/2015\/08\/12\/link-sharing-site-this-raises-610000-seed-round\/>",
        "attachments": [
            {
                "service_name": "TechCrunch",
                "service_url": "http:\/\/techcrunch.com",
                "title": "Link-Sharing Site This. Raises $610,000 Seed\u00a0Round",
                "title_link": "http:\/\/techcrunch.com\/2015\/08\/12\/link-sharing-site-this-raises-610000-seed-round\/",
                "author_name": "John Biggs",
                "thumb_url": "https:\/\/i1.wp.com\/tctechcrunch2011.files.wordpress.com\/2015\/08\/this-dot.png?fit=200%2C150",
                "thumb_width": 200,
                "thumb_height": 112,
                "text": "Who may be on first and What may be on second but This. is on its first seed round. The media company, incubated inside of Atlantic Media, is a \u201ccuration platform for people passionate about journalism, art and entertainment.\u201d\nUsers can share their favorite content by submitting just one link a day, thereby reducing the noise associated with similar systems.\nAndrew Golis founded and spun off This. after working as The Atlantic\u2019s Entrepreneur in Residence. The company raised $610,000 from angels and seed institutions including The New Republic Fund, Matter Ventures, Fusion CTO Hong Qu, former Twitter VP of Media Chloe Sladden, and John S. and James L. Knight Foundation.\nGolis was the Director Of Digital Media at Frontline and also ran Yahoo! News and was the deputy publisher of TalkingPointsMemo.\n\u201cAt Frontline and in my work at The Atlantic, I\u2019d become obsessed with the way the social networks I love (and that were increasingly taking over the media business) weren\u2019t showing me the media that was really worth my time. Instead, they were incentivizing publishers and active users to push more and more volume, making the experience of finding something great exhausting,\u201d said Golis. \u201cIn describing my obsession I told a colleague over lunch in the fall of 2013 that I wished I got an email from (our friend and colleague) Ta-Nehisi Coates every night with the subject line \u2018This.\u2019 and a just a link. The thought stuck in my head.\u201d\nThus This. thickened.\n\u201cI love the restraint built into This.,\u201d said former Tumblr president and This. investor John Maloney. \u201cGolis and his team are solving a huge problem. There is so much good media on the web each day, but it\u2019s only getting harder to find amidst the glut of everything else.\u201d\nThe site is currently in private beta and has about 4,500 users. It will launch this fall.",
                "fallback": "TechCrunch Link: Link-Sharing Site This. Raises $610,000 Seed&nbsp;Round",
                "from_url": "http:\/\/techcrunch.com\/2015\/08\/12\/link-sharing-site-this-raises-610000-seed-round\/",
                "id": 1
            }
        ],
        "ts": "1439407262.000289"
    },
    {
        "type": "message",
        "user": "U08ERPTQF",
        "text": "Interesting approach indeed, I still think it will become 'noisy' once they have a lot of users",
        "ts": "1439407445.000291"
    },
    {
        "type": "message",
        "user": "U08EZP01H",
        "text": "\"I love the restraint\" seems to be a common theme among those wishing to disrupt interruptive advertising.",
        "ts": "1439407470.000292",
        "reactions": [
            {
                "name": "+1",
                "users": [
                    "U08ERPTQF"
                ],
                "count": 1
            }
        ]
    }
]