[
    {
        "user": "U08CFV27P",
        "type": "message",
        "subtype": "channel_join",
        "text": "<@U08CFV27P|wilfra> has joined the channel",
        "ts": "1438524177.000106"
    },
    {
        "user": "U08FSH97D",
        "type": "message",
        "subtype": "channel_join",
        "text": "<@U08FSH97D|matan.field> has joined the channel",
        "ts": "1438524293.000107"
    },
    {
        "type": "message",
        "user": "U08DH3ESU",
        "text": "<@U08BY8MGV>: I received the invite and am able to edit. But, it will not happen in the next few hours. Had a half a day travel and returned just now.",
        "ts": "1438532284.000108"
    },
    {
        "type": "message",
        "user": "U08DH3ESU",
        "text": "<@U07GDL0H5>: I will take a shot with a couple of documents tomorrow. Hope that is fine and the docs will be available for some updation.",
        "ts": "1438532317.000109"
    },
    {
        "type": "message",
        "user": "U08BY8MGV",
        "text": "I would create a new tab for whatever you do <@U08DH3ESU> and\/or insert comments on my tabs so it's easier to track changes",
        "ts": "1438534473.000110"
    },
    {
        "type": "message",
        "user": "U08EZP01H",
        "text": "anyone have a sense of how much bandwidth costs might be to run a node, and how that may factor into splits?",
        "ts": "1438535094.000111"
    },
    {
        "type": "message",
        "user": "U07GDL0H5",
        "text": "<@U08EZP01H>: totally depends on the popularity ... i'm pretty sure at first, the cost will be basically negligible, although to have a reliable node you really want to put things on a server with good uptime somewhere, so it's not 0.",
        "ts": "1438538814.000112"
    },
    {
        "type": "message",
        "user": "U07GDL0H5",
        "text": "assuming we start with pure text content, the bandwidth costs should be extremely low",
        "ts": "1438538832.000113"
    },
    {
        "type": "message",
        "user": "U07GDL0H5",
        "text": "obviously that could change if the thing becomes popular. nodes can filter content, so they don't have to download\/upload everything. that can keep the costs reasonable for people who don't want to host everything.",
        "ts": "1438538866.000114"
    },
    {
        "user": "U08CG8V89",
        "type": "message",
        "subtype": "channel_join",
        "text": "<@U08CG8V89|c_prompt> has joined the channel",
        "ts": "1438539606.000115"
    },
    {
        "user": "U08FW063C",
        "type": "message",
        "subtype": "channel_join",
        "text": "<@U08FW063C|jordan> has joined the channel",
        "ts": "1438542649.000116"
    },
    {
        "user": "U08FWU9ST",
        "type": "message",
        "subtype": "channel_join",
        "text": "<@U08FWU9ST|primavera> has joined the channel",
        "ts": "1438544257.000117"
    },
    {
        "type": "message",
        "user": "U08ERPTQF",
        "text": "<@U07GDL0H5>: <@U08EZP01H> nodes are likely to quite greedy in terms of finding the content that will benefit it the most, number of peer connections and latency might factor as much as bandwidth. I'd certainly expect to run a node on a $5\/mo droplet",
        "ts": "1438544383.000118"
    },
    {
        "type": "message",
        "subtype": "file_share",
        "text": "<@U08ERPTQF|paul_xbt> uploaded a file: <https:\/\/dattnetwork.slack.com\/files\/paul_xbt\/F08FX5DKQ\/Another_attempt_at_a_DATT_business_model|Another attempt at a DATT business model> and commented: It's a longer read, a bit more perspectives, than business model per-se. This builds on <@U08BY8MGV>'s work to define money flows, but I've changed how the money flows to be more organic...",
        "file": {
            "id": "F08FX5DKQ",
            "created": 1438544718,
            "timestamp": 1438544718,
            "name": "Another_attempt_at_a_DATT_business_model",
            "title": "Another attempt at a DATT business model",
            "mimetype": "text\/plain",
            "filetype": "post",
            "pretty_type": "Post",
            "user": "U08ERPTQF",
            "editable": true,
            "size": 10001,
            "mode": "post",
            "is_external": false,
            "external_type": "",
            "is_public": true,
            "public_url_shared": false,
            "display_as_bot": false,
            "username": "",
            "url": "https:\/\/slack-files.com\/files-pub\/T07GDKW3U-F08FX5DKQ-2d9a609aeb\/Another_attempt_at_a_DATT_business_model",
            "url_download": "https:\/\/slack-files.com\/files-pub\/T07GDKW3U-F08FX5DKQ-2d9a609aeb\/download\/Another_attempt_at_a_DATT_business_model",
            "url_private": "https:\/\/files.slack.com\/files-pri\/T07GDKW3U-F08FX5DKQ\/Another_attempt_at_a_DATT_business_model",
            "url_private_download": "https:\/\/files.slack.com\/files-pri\/T07GDKW3U-F08FX5DKQ\/download\/Another_attempt_at_a_DATT_business_model",
            "permalink": "https:\/\/dattnetwork.slack.com\/files\/paul_xbt\/F08FX5DKQ\/Another_attempt_at_a_DATT_business_model",
            "permalink_public": "https:\/\/slack-files.com\/T07GDKW3U-F08FX5DKQ-2d9a609aeb",
            "edit_link": "https:\/\/dattnetwork.slack.com\/files\/paul_xbt\/F08FX5DKQ\/Another_attempt_at_a_DATT_business_model\/edit",
            "preview": "Another attempt at a DATT business model\n\nPremise\n\nUsers upvote and gild posts - both of which pay in favor of the Author\nAuthors post content and may also apportion some profit or attach a bounty - to incentivise nodes to propagate the content\nMods curate listings of content into collectives - this benefits users who consume this listing, and also nodes that want to serve good content\n\u2026",
            "channels": [
                "C08F62HEY"
            ],
            "groups": [],
            "ims": [],
            "comments_count": 3,
            "initial_comment": {
                "id": "Fc08FXGDC5",
                "created": 1438544718,
                "timestamp": 1438544718,
                "user": "U08ERPTQF",
                "comment": "It's a longer read, a bit more perspectives, than business model per-se. This builds on <@U08BY8MGV>'s work to define money flows, but I've changed how the money flows to be more organic..."
            },
            "num_stars": 1,
            "pinned_to": [
                "C08F62HEY"
            ]
        },
        "user": "U08ERPTQF",
        "upload": true,
        "display_as_bot": false,
        "username": "<@U08ERPTQF|paul_xbt>",
        "bot_id": null,
        "ts": "1438544718.000119"
    },
    {
        "type": "message",
        "user": "U08ERPTQF",
        "text": "This latest model includes the concept of subscriptions as discussed with <@U08E5P0BZ>  <@U08DD8LNP> &amp; <@U08EZP01H> last night in <#C08FM0F6G>",
        "edited": {
            "user": "U08ERPTQF",
            "ts": "1438544911.000000"
        },
        "ts": "1438544884.000122"
    },
    {
        "type": "message",
        "subtype": "pinned_item",
        "user": "U08F2RTCN",
        "item_type": "F",
        "text": "<@U08F2RTCN|deepakraous> pinned <@U08ERPTQF|paul_xbt>'s Post <https:\/\/dattnetwork.slack.com\/files\/paul_xbt\/F08FX5DKQ\/Another_attempt_at_a_DATT_business_model|Another attempt at a DATT business model> to this channel.",
        "item": {
            "id": "F08FX5DKQ",
            "created": 1438544718,
            "timestamp": 1438544718,
            "name": "Another_attempt_at_a_DATT_business_model",
            "title": "Another attempt at a DATT business model",
            "mimetype": "text\/plain",
            "filetype": "post",
            "pretty_type": "Post",
            "user": "U08ERPTQF",
            "editable": true,
            "size": 10001,
            "mode": "post",
            "is_external": false,
            "external_type": "",
            "is_public": true,
            "public_url_shared": false,
            "display_as_bot": false,
            "username": "",
            "url": "https:\/\/slack-files.com\/files-pub\/T07GDKW3U-F08FX5DKQ-2d9a609aeb\/Another_attempt_at_a_DATT_business_model",
            "url_download": "https:\/\/slack-files.com\/files-pub\/T07GDKW3U-F08FX5DKQ-2d9a609aeb\/download\/Another_attempt_at_a_DATT_business_model",
            "url_private": "https:\/\/files.slack.com\/files-pri\/T07GDKW3U-F08FX5DKQ\/Another_attempt_at_a_DATT_business_model",
            "url_private_download": "https:\/\/files.slack.com\/files-pri\/T07GDKW3U-F08FX5DKQ\/download\/Another_attempt_at_a_DATT_business_model",
            "permalink": "https:\/\/dattnetwork.slack.com\/files\/paul_xbt\/F08FX5DKQ\/Another_attempt_at_a_DATT_business_model",
            "permalink_public": "https:\/\/slack-files.com\/T07GDKW3U-F08FX5DKQ-2d9a609aeb",
            "edit_link": "https:\/\/dattnetwork.slack.com\/files\/paul_xbt\/F08FX5DKQ\/Another_attempt_at_a_DATT_business_model\/edit",
            "preview": "Another attempt at a DATT business model\n\nPremise\n\nUsers upvote and gild posts - both of which pay in favor of the Author\nAuthors post content and may also apportion some profit or attach a bounty - to incentivise nodes to propagate the content\nMods curate listings of content into collectives - this benefits users who consume this listing, and also nodes that want to serve good content\n\u2026",
            "channels": [
                "C08F62HEY"
            ],
            "groups": [],
            "ims": [],
            "comments_count": 3,
            "initial_comment": {
                "id": "Fc08FXGDC5",
                "created": 1438544718,
                "timestamp": 1438544718,
                "user": "U08ERPTQF",
                "comment": "It's a longer read, a bit more perspectives, than business model per-se. This builds on <@U08BY8MGV>'s work to define money flows, but I've changed how the money flows to be more organic..."
            },
            "num_stars": 1,
            "pinned_to": [
                "C08F62HEY"
            ]
        },
        "ts": "1438544958.000124"
    },
    {
        "type": "message",
        "subtype": "file_comment",
        "text": "<@U08ERPTQF|paul_xbt> commented on <@U08ERPTQF|paul_xbt>'s file <https:\/\/dattnetwork.slack.com\/files\/paul_xbt\/F08FX5DKQ\/Another_attempt_at_a_DATT_business_model|Another attempt at a DATT business model>: <@U08DD8LNP>: from your 9 years on reddit, does this model and underlying perspectives seem right?",
        "file": {
            "id": "F08FX5DKQ",
            "created": 1438544718,
            "timestamp": 1438544718,
            "name": "Another_attempt_at_a_DATT_business_model",
            "title": "Another attempt at a DATT business model",
            "mimetype": "text\/plain",
            "filetype": "post",
            "pretty_type": "Post",
            "user": "U08ERPTQF",
            "editable": true,
            "size": 10001,
            "mode": "post",
            "is_external": false,
            "external_type": "",
            "is_public": true,
            "public_url_shared": false,
            "display_as_bot": false,
            "username": "",
            "url": "https:\/\/slack-files.com\/files-pub\/T07GDKW3U-F08FX5DKQ-2d9a609aeb\/Another_attempt_at_a_DATT_business_model",
            "url_download": "https:\/\/slack-files.com\/files-pub\/T07GDKW3U-F08FX5DKQ-2d9a609aeb\/download\/Another_attempt_at_a_DATT_business_model",
            "url_private": "https:\/\/files.slack.com\/files-pri\/T07GDKW3U-F08FX5DKQ\/Another_attempt_at_a_DATT_business_model",
            "url_private_download": "https:\/\/files.slack.com\/files-pri\/T07GDKW3U-F08FX5DKQ\/download\/Another_attempt_at_a_DATT_business_model",
            "permalink": "https:\/\/dattnetwork.slack.com\/files\/paul_xbt\/F08FX5DKQ\/Another_attempt_at_a_DATT_business_model",
            "permalink_public": "https:\/\/slack-files.com\/T07GDKW3U-F08FX5DKQ-2d9a609aeb",
            "edit_link": "https:\/\/dattnetwork.slack.com\/files\/paul_xbt\/F08FX5DKQ\/Another_attempt_at_a_DATT_business_model\/edit",
            "preview": "Another attempt at a DATT business model\n\nPremise\n\nUsers upvote and gild posts - both of which pay in favor of the Author\nAuthors post content and may also apportion some profit or attach a bounty - to incentivise nodes to propagate the content\nMods curate listings of content into collectives - this benefits users who consume this listing, and also nodes that want to serve good content\n\u2026",
            "channels": [
                "C08F62HEY"
            ],
            "groups": [],
            "ims": [],
            "comments_count": 3,
            "initial_comment": {
                "id": "Fc08FXGDC5",
                "created": 1438544718,
                "timestamp": 1438544718,
                "user": "U08ERPTQF",
                "comment": "It's a longer read, a bit more perspectives, than business model per-se. This builds on <@U08BY8MGV>'s work to define money flows, but I've changed how the money flows to be more organic..."
            },
            "num_stars": 1,
            "pinned_to": [
                "C08F62HEY"
            ]
        },
        "comment": {
            "id": "Fc08FXC7D2",
            "created": 1438545389,
            "timestamp": 1438545389,
            "user": "U08ERPTQF",
            "comment": "<@U08DD8LNP>: from your 9 years on reddit, does this model and underlying perspectives seem right?"
        },
        "ts": "1438545389.000125"
    },
    {
        "type": "message",
        "user": "U08FELGRX",
        "text": "can someone explain the idea of the bounty to me? As I understand it it's an extra incentive for nodes to host\/propagate your content. So if my blog post isn't getting any traction I can say, \"I will give you 60% of all my tips if you host this post\" or \"I will pay you 50,000 bits to host thids post\"",
        "ts": "1438545881.000126"
    },
    {
        "type": "message",
        "user": "U08FELGRX",
        "text": "is that wrong?",
        "ts": "1438545932.000127"
    },
    {
        "type": "message",
        "subtype": "file_comment",
        "text": "<@U08EZP01H|darrenm> commented on <@U08ERPTQF|paul_xbt>'s file <https:\/\/dattnetwork.slack.com\/files\/paul_xbt\/F08FX5DKQ\/Another_attempt_at_a_DATT_business_model|Another attempt at a DATT business model>: The user-first approach here makes my inner UX nerd happy. I think this will tie in nicely with creating personas and use-cases.  It's also the first practical explanation of our stack as a user would see it.\n",
        "file": {
            "id": "F08FX5DKQ",
            "created": 1438544718,
            "timestamp": 1438544718,
            "name": "Another_attempt_at_a_DATT_business_model",
            "title": "Another attempt at a DATT business model",
            "mimetype": "text\/plain",
            "filetype": "post",
            "pretty_type": "Post",
            "user": "U08ERPTQF",
            "editable": true,
            "size": 10001,
            "mode": "post",
            "is_external": false,
            "external_type": "",
            "is_public": true,
            "public_url_shared": false,
            "display_as_bot": false,
            "username": "",
            "url": "https:\/\/slack-files.com\/files-pub\/T07GDKW3U-F08FX5DKQ-2d9a609aeb\/Another_attempt_at_a_DATT_business_model",
            "url_download": "https:\/\/slack-files.com\/files-pub\/T07GDKW3U-F08FX5DKQ-2d9a609aeb\/download\/Another_attempt_at_a_DATT_business_model",
            "url_private": "https:\/\/files.slack.com\/files-pri\/T07GDKW3U-F08FX5DKQ\/Another_attempt_at_a_DATT_business_model",
            "url_private_download": "https:\/\/files.slack.com\/files-pri\/T07GDKW3U-F08FX5DKQ\/download\/Another_attempt_at_a_DATT_business_model",
            "permalink": "https:\/\/dattnetwork.slack.com\/files\/paul_xbt\/F08FX5DKQ\/Another_attempt_at_a_DATT_business_model",
            "permalink_public": "https:\/\/slack-files.com\/T07GDKW3U-F08FX5DKQ-2d9a609aeb",
            "edit_link": "https:\/\/dattnetwork.slack.com\/files\/paul_xbt\/F08FX5DKQ\/Another_attempt_at_a_DATT_business_model\/edit",
            "preview": "Another attempt at a DATT business model\n\nPremise\n\nUsers upvote and gild posts - both of which pay in favor of the Author\nAuthors post content and may also apportion some profit or attach a bounty - to incentivise nodes to propagate the content\nMods curate listings of content into collectives - this benefits users who consume this listing, and also nodes that want to serve good content\n\u2026",
            "channels": [
                "C08F62HEY"
            ],
            "groups": [],
            "ims": [],
            "comments_count": 3,
            "initial_comment": {
                "id": "Fc08FXGDC5",
                "created": 1438544718,
                "timestamp": 1438544718,
                "user": "U08ERPTQF",
                "comment": "It's a longer read, a bit more perspectives, than business model per-se. This builds on <@U08BY8MGV>'s work to define money flows, but I've changed how the money flows to be more organic..."
            },
            "num_stars": 1,
            "pinned_to": [
                "C08F62HEY"
            ]
        },
        "comment": {
            "id": "Fc08FXGVA7",
            "created": 1438546024,
            "timestamp": 1438546024,
            "user": "U08EZP01H",
            "comment": "The user-first approach here makes my inner UX nerd happy. I think this will tie in nicely with creating personas and use-cases.  It's also the first practical explanation of our stack as a user would see it.\n"
        },
        "ts": "1438546024.000128"
    },
    {
        "type": "message",
        "user": "U08F2RTCN",
        "text": "<@U08FELGRX> that's what my understanding was, but if that's the case  the higher the bounty more nodes will pick it up just by the bounty pricing",
        "ts": "1438546076.000129"
    },
    {
        "type": "message",
        "user": "U08ERPTQF",
        "text": "Thanks <@U08EZP01H> :)",
        "ts": "1438546085.000130"
    },
    {
        "type": "message",
        "user": "U08ERPTQF",
        "text": "<@U08FELGRX>: the bounty can be a portion of the upvotes, or extra funds the author put in when they posted. Nodes would have to be actively serving the content to claim a portion of the bounty",
        "ts": "1438546198.000131"
    },
    {
        "type": "message",
        "user": "U08FELGRX",
        "text": "so could the bounty be \"eaten up\" by the first nodes that host, or the more nodes that host the smaller portion each node gets?",
        "ts": "1438546250.000132"
    },
    {
        "type": "message",
        "user": "U08EZP01H",
        "text": "Would there be a check and balance at some point with bounties? I'm curious about playing with reductio ad absurdum to see what happens if someone dropped $10k and asked for a 0% cut.",
        "ts": "1438546278.000133"
    },
    {
        "type": "message",
        "user": "U08ERPTQF",
        "text": "It is weighted in favor of the early nodes, but it also has a time element that the nodes aren't getting much of the bounty unless they stick around",
        "ts": "1438546329.000134"
    },
    {
        "type": "message",
        "user": "U08ERPTQF",
        "text": "And yes more nodes equals smaller portion, so nodes are motivated to find fresh content to stake their claim",
        "ts": "1438546419.000135"
    },
    {
        "type": "message",
        "user": "U08ERPTQF",
        "text": "<@U08EZP01H>: good point, we should consider a ridiculous bounty may drive different behavior",
        "ts": "1438546510.000136"
    },
    {
        "type": "message",
        "user": "U08FELGRX",
        "text": "also rich people\/corporations could just pay mass amounts to have their content seen first\/most often",
        "ts": "1438546589.000137"
    },
    {
        "type": "message",
        "user": "U08ERPTQF",
        "text": "<@U08FELGRX>: indeed part of the motivation to have bounties, is this acts as a bridge for mainstream publishers to 'promote' their content, but users aren't forced to see it - it's opt-in based on which Collective you follow",
        "ts": "1438546664.000138"
    },
    {
        "type": "message",
        "user": "U08F2RTCN",
        "text": "<@U08ERPTQF>:  so users can opt-in to see regular contents along with 'promoted'?",
        "ts": "1438546729.000139"
    },
    {
        "type": "message",
        "user": "U08ERPTQF",
        "text": "Brb",
        "ts": "1438546760.000140"
    },
    {
        "type": "message",
        "user": "U08EZP01H",
        "text": "Well, consider a scenario: Sarah Palin could spend $1m to promote her content across the network. The nodes would eat it up for the profit, but the users would (I imagine) downvote this into oblivion.  Perhaps that gives insight into what we should do with downvotes.",
        "ts": "1438547113.000141"
    },
    {
        "type": "message",
        "user": "U08F2RTCN",
        "text": "<@U08EZP01H>:  that's a good example :simple_smile:",
        "ts": "1438547147.000142"
    },
    {
        "type": "message",
        "user": "U08EZP01H",
        "text": "If you're paying tons of money for distribution, and the nodes are eating it up for obvious reasons, but the users hate seeing your garbage posts... how can we make sure the network will self correct? What do we want to have happen to Palin's $1m for trying to 'force' a message on a network that disagrees?",
        "ts": "1438547335.000143"
    },
    {
        "type": "message",
        "user": "U08BY8MGV",
        "text": "I think the big remaining question here is whether the 'customers' of this project are the Nodes or the Mods. We would prioritize propogation of content across the network and not content curation if we choose Nodes and we would focus on curation incentives and content creators if we choose Mods",
        "ts": "1438547664.000144"
    },
    {
        "type": "message",
        "user": "U08F2RTCN",
        "text": "<@U08EZP01H>: can the user have a filter option to block the forced content?",
        "ts": "1438547696.000145"
    },
    {
        "type": "message",
        "user": "U08ERPTQF",
        "text": "As the content is downvoted, nodes may take whatever portion of the bounty they are due and move on. Users might also want in on the bounty (which they can do with their client) so at least opportunistic users were reached.\nMostly I think this teaches Palin not to suck so much that even with a large bounty she didn't reach the desired audience",
        "ts": "1438547722.000146"
    },
    {
        "type": "message",
        "user": "U08ERPTQF",
        "text": "Users can be Nodes &amp; Mods as they desire",
        "ts": "1438547819.000147"
    },
    {
        "type": "message",
        "user": "U08ERPTQF",
        "text": "<@U08DD8LNP>: is keen on all users having a say in their filtering of content - which I strongly agree with",
        "ts": "1438547873.000148"
    },
    {
        "type": "message",
        "user": "U08EZP01H",
        "text": "Oh yea. It gets dangerous when you give anyone else sorting power.",
        "ts": "1438547906.000149"
    },
    {
        "type": "message",
        "user": "U08BY8MGV",
        "text": "<@U07GDL0H5>: Will we be hosting a wallet that the end user can use?",
        "ts": "1438548513.000150"
    },
    {
        "type": "message",
        "user": "U08BY8MGV",
        "text": "Or will they need to connect a wallet somehow",
        "ts": "1438548534.000151"
    },
    {
        "type": "message",
        "user": "U07GDL0H5",
        "text": "the wallet lives client-side. if they are running the app for the first time, a new randomly generated master private key is generated automatically",
        "ts": "1438557581.000152"
    },
    {
        "type": "message",
        "user": "U07GDL0H5",
        "text": "no one but the user ever sees that private key",
        "ts": "1438557593.000153"
    },
    {
        "type": "message",
        "user": "U07GDL0H5",
        "text": "it can be stored client-side in IndexedDB or localstorage ... and presumably also stored on other nodes in encrypted form",
        "ts": "1438557612.000154"
    },
    {
        "type": "message",
        "user": "U07GDL0H5",
        "text": "though i guess they better have the key or they can't decrypt it",
        "ts": "1438557634.000155"
    },
    {
        "type": "message",
        "user": "U07GDL0H5",
        "text": "so they really need to write it down",
        "ts": "1438557638.000156"
    },
    {
        "type": "message",
        "user": "U07GDL0H5",
        "text": "it will take the form of a BIP 39 mnemonic",
        "ts": "1438557644.000157"
    },
    {
        "user": "U08G10908",
        "type": "message",
        "subtype": "channel_join",
        "text": "<@U08G10908|christophera> has joined the channel",
        "ts": "1438560947.000158"
    },
    {
        "type": "message",
        "user": "U08BY8MGV",
        "text": "That's a pretty difficult thing to get lots of users to do. I wonder how Zapchain does it. Are they holding the bits you received from tipping in their own wallet or at Coinbase? In order to send funds, they require you to connect a Coinbase account",
        "ts": "1438561154.000159"
    },
    {
        "user": "U08C9ML1Y",
        "type": "message",
        "subtype": "channel_join",
        "text": "<@U08C9ML1Y|chiguireitor> has joined the channel",
        "ts": "1438565715.000160"
    },
    {
        "type": "message",
        "user": "U08C22VNW",
        "text": "My thought on preserving identity \/wallet was to allow the user to log in to dropbox or another cloud provider to back up their keys (encrypted with a password) in cases where they aren't prepared to manually handle export and backup.",
        "ts": "1438584816.000161"
    }
]