[
    {
        "type": "message",
        "user": "U08C464NS",
        "text": "thanks Paul :simple_smile:",
        "ts": "1442128720.000005"
    },
    {
        "type": "message",
        "user": "U08EZP01H",
        "text": "<@U08C464NS>: great stuff man.",
        "ts": "1442158189.000006"
    },
    {
        "type": "message",
        "user": "U08C464NS",
        "text": "thanks <@U08EZP01H> . I think most of it is there now. Just the settings really, but it'd be easy to extrapolate the rest of the designs from what we already have",
        "ts": "1442158247.000007"
    },
    {
        "type": "message",
        "user": "U08C464NS",
        "text": "it's good enough for the prototype anyway :simple_smile:",
        "ts": "1442158257.000008"
    },
    {
        "type": "message",
        "user": "U08C464NS",
        "text": "once the prototype is done, we can really start using it and fine combing the details to make it great",
        "edited": {
            "user": "U08C464NS",
            "ts": "1442220990.000000"
        },
        "ts": "1442158276.000009"
    },
    {
        "user": "U08DDGSNQ",
        "type": "message",
        "subtype": "channel_join",
        "text": "<@U08DDGSNQ|andrew> has joined the channel",
        "ts": "1442173962.000010"
    }
]