[
    {
        "user": "U08C22VNW",
        "type": "message",
        "subtype": "channel_join",
        "text": "<@U08C22VNW|mhouston> has joined the channel",
        "ts": "1438596969.000005"
    },
    {
        "user": "U08DDG1SB",
        "type": "message",
        "subtype": "channel_join",
        "text": "<@U08DDG1SB|brian> has joined the channel",
        "ts": "1438630170.000006"
    },
    {
        "user": "U08E2KZM4",
        "type": "message",
        "subtype": "channel_join",
        "text": "<@U08E2KZM4|genevayngrib> has joined the channel",
        "ts": "1438651537.000007"
    },
    {
        "type": "message",
        "user": "U08E2KZM4",
        "text": "a lot of work on this subject was done by FileCoin, StorJ, MaidSafe people. Tradle team needed something different, not a generic file storage, but an extension to bitcoin transactions. This way blockchain + this special transactional storage would work more like a DB log. Here is our thoughts on the subject of incentives: <https:\/\/github.com\/tradle\/about\/wiki\/Bitkeeper-incentives>",
        "attachments": [
            {
                "service_name": "GitHub",
                "title": "tradle\/about",
                "title_link": "https:\/\/github.com\/tradle\/about\/wiki\/Bitkeeper-incentives",
                "text": "about - This is a place for Tradle docs",
                "fallback": "GitHub: tradle\/about",
                "thumb_url": "https:\/\/avatars2.githubusercontent.com\/u\/9482126?v=3&s=400",
                "from_url": "https:\/\/github.com\/tradle\/about\/wiki\/Bitkeeper-incentives",
                "thumb_width": 400,
                "thumb_height": 400,
                "id": 1
            }
        ],
        "edited": {
            "user": "U08E2KZM4",
            "ts": "1438651821.000000"
        },
        "ts": "1438651760.000008"
    },
    {
        "user": "U08ERPTQF",
        "type": "message",
        "subtype": "channel_join",
        "text": "<@U08ERPTQF|paul_xbt> has joined the channel",
        "ts": "1438661880.000012"
    },
    {
        "user": "U07GDL0H5",
        "type": "message",
        "subtype": "channel_join",
        "text": "<@U07GDL0H5|ryanxcharles> has joined the channel",
        "ts": "1438661926.000013"
    },
    {
        "type": "message",
        "user": "U08ERPTQF",
        "text": "<@U08E2KZM4>: Bitkeeper is very interesting, especially for our use case where the files themselves aren't private - think distributed Imgur :simple_smile:",
        "ts": "1438662162.000014"
    },
    {
        "type": "message",
        "user": "U08ERPTQF",
        "text": "but we come back to the CP issue and keepers not knowing when they are storing content deemed illegal in their jurisdiction",
        "ts": "1438662248.000015"
    },
    {
        "type": "message",
        "user": "U08E2KZM4",
        "text": "<@U08ERPTQF>: CP issue?",
        "ts": "1438662623.000016"
    },
    {
        "type": "message",
        "user": "U07GDL0H5",
        "text": "gosh i wish we had another type of illegal content to talk about so we didn't have to bring up CP all the time",
        "ts": "1438662643.000017",
        "reactions": [
            {
                "name": "+1",
                "users": [
                    "U08ERPTQF"
                ],
                "count": 1
            }
        ]
    },
    {
        "type": "message",
        "user": "U07GDL0H5",
        "text": "this is like every conversation about bitcoin ... \"but what about CP, terrorism, and money laundering ??\" everyone always asks",
        "ts": "1438662672.000018"
    },
    {
        "type": "message",
        "user": "U08E2KZM4",
        "text": "I think the issue of some jurisdictions making it a  felony to keep some types of media on your disk was discussed on Aether at some point.",
        "ts": "1438662718.000019"
    },
    {
        "type": "message",
        "user": "U07GDL0H5",
        "text": "...not to dismiss the subject. obviously it is important.",
        "ts": "1438662723.000020"
    },
    {
        "type": "message",
        "user": "U08E2KZM4",
        "text": "One idea was for unencrypted content to be censored be each node that wants to protect itself",
        "edited": {
            "user": "U08E2KZM4",
            "ts": "1438662788.000000"
        },
        "ts": "1438662744.000021"
    },
    {
        "type": "message",
        "user": "U08E2KZM4",
        "text": "forgive my ignorance - what does CP stand for? content porn?",
        "ts": "1438662844.000023"
    },
    {
        "type": "message",
        "user": "U07GDL0H5",
        "text": "CP = child porn",
        "ts": "1438662864.000024"
    },
    {
        "type": "message",
        "user": "U08E2KZM4",
        "text": "of course :simple_smile:",
        "ts": "1438662957.000025"
    },
    {
        "type": "message",
        "user": "U08E2KZM4",
        "text": "<@U08ERPTQF>: I thought the decision was made to only store the textual data, so it is much less of an issue. I understand that people can still use all of sorts of encoding for images.",
        "edited": {
            "user": "U08E2KZM4",
            "ts": "1438663143.000000"
        },
        "ts": "1438663120.000026"
    },
    {
        "type": "message",
        "user": "U08ERPTQF",
        "text": "Yes text data is the primary scope, but image data has it's uses (such as a header image for a post a la Medium) but not essential",
        "ts": "1438663301.000029"
    },
    {
        "type": "message",
        "user": "U08ERPTQF",
        "text": "the other consideration was obfuscating  data with a light encryption to give plausible deniability to anyone who inadvertently kept the content - IMO this is easier than filtering",
        "ts": "1438663472.000030"
    },
    {
        "type": "message",
        "user": "U08E2KZM4",
        "text": "light encryption I suppose would give deniability for downloading, but then filtering must be applied to remove questionable content from the node\u2019s  storage",
        "ts": "1438664893.000031"
    }
]