[
    {
        "user": "U08FSH97D",
        "type": "message",
        "subtype": "channel_join",
        "text": "<@U08FSH97D|matan.field> has joined the channel",
        "ts": "1438524287.000004"
    },
    {
        "user": "U08CG8V89",
        "type": "message",
        "subtype": "channel_join",
        "text": "<@U08CG8V89|c_prompt> has joined the channel",
        "ts": "1438542750.000002"
    },
    {
        "user": "U08FWU9ST",
        "type": "message",
        "subtype": "channel_join",
        "text": "<@U08FWU9ST|primavera> has joined the channel",
        "ts": "1438544252.000003"
    },
    {
        "user": "U08G10908",
        "type": "message",
        "subtype": "channel_join",
        "text": "<@U08G10908|christophera> has joined the channel",
        "ts": "1438560940.000004"
    },
    {
        "type": "message",
        "user": "U08G10908",
        "text": "I have been hosting hackathons since the early 90s, initially at MacHack, and for the last 9 years <http:\/\/iOSDevCamp.org|iOSDevCamp.org> \u2014 we just finished our 10th <http:\/\/www.iosdevcamp.org\/iosdevcamp-2015-winners\/>",
        "attachments": [
            {
                "service_name": "iOSDevCamp",
                "title": "iOSDevCamp 2015 Winners - iOSDevCamp",
                "title_link": "http:\/\/www.iosdevcamp.org\/iosdevcamp-2015-winners\/",
                "text": "This year\u2019s event was another huge success! Of the 200 participants, over 1\/4 were women, and we had the largest contingent of children ever. With 40 demonstrations, we gave prizes to over half of the contest groups. Here are the winners: Coolest App Deep Dreamer Deep Dreamer is an artistic image creation app that leverages \u2026",
                "fallback": "iOSDevCamp: iOSDevCamp 2015 Winners - iOSDevCamp",
                "thumb_url": "https:\/\/farm4.staticflickr.com\/3762\/19647444111_59a6163408_z.jpg",
                "ts": 1437751592,
                "from_url": "http:\/\/www.iosdevcamp.org\/iosdevcamp-2015-winners\/",
                "thumb_width": 640,
                "thumb_height": 427,
                "id": 1
            }
        ],
        "ts": "1438561262.000005"
    },
    {
        "type": "message",
        "user": "U08G10908",
        "text": "I also was a judge in April's Blockchain Hackathon at Stanford.",
        "ts": "1438561294.000007"
    }
]