[
    {
        "type": "message",
        "user": "U08F438SK",
        "text": "Hey <@U07GDL0H5> temporarily \"assigned\" you issue #24 (<https:\/\/github.com\/dattnetwork\/datt-node\/issues\/24>) which is just to extend AsyncCrypto with a few methods needed to replace all usage of crypto with the module",
        "attachments": [
            {
                "service_name": "GitHub",
                "title": "Addl methods for AsyncCrypto needed \u00b7 Issue #24 \u00b7 dattnetwork\/datt-node \u00b7 GitHub",
                "title_link": "https:\/\/github.com\/dattnetwork\/datt-node\/issues\/24",
                "text": "Need following additional functionality in AsyncCrypto: Signature verification bitcore.crypto.ECDSA.verify Signature constructors bitcore.crypto.Signature.fromString bitcore.crypto.Signature...",
                "fallback": "GitHub: Addl methods for AsyncCrypto needed \u00b7 Issue #24 \u00b7 dattnetwork\/datt-node",
                "thumb_url": "https:\/\/avatars3.githubusercontent.com\/u\/6969859?v=3&s=400",
                "from_url": "https:\/\/github.com\/dattnetwork\/datt-node\/issues\/24",
                "thumb_width": 150,
                "thumb_height": 150,
                "id": 1
            }
        ],
        "ts": "1440872554.000082"
    },
    {
        "type": "message",
        "user": "U07GDL0H5",
        "text": "yep i noticed, i will do that today",
        "ts": "1440872578.000084"
    },
    {
        "type": "message",
        "user": "U08F438SK",
        "text": "If you don't feel like working on it, I am in the mood and can take it on while on train here so I can finish cleaning Content",
        "ts": "1440872587.000085"
    },
    {
        "type": "message",
        "user": "U08F438SK",
        "text": "there's plenty of work to do so you can totally pick something else up :simple_smile:",
        "ts": "1440872603.000086"
    },
    {
        "type": "message",
        "user": "U07GDL0H5",
        "text": "sure. note that not all the methods need to be async. i'm not sure than parsing a signature string, for instance, actually uses any cryptography",
        "ts": "1440872612.000087"
    },
    {
        "type": "message",
        "user": "U07GDL0H5",
        "text": "let me review the list real quick",
        "ts": "1440872626.000088"
    },
    {
        "type": "message",
        "user": "U08F438SK",
        "text": "ok awesome, you know the bitcore library and the cost much better than me",
        "ts": "1440872640.000089"
    },
    {
        "type": "message",
        "user": "U08F438SK",
        "text": "<@U08MAKT70> you rule man! checking your stuff out right now",
        "ts": "1440872790.000090"
    },
    {
        "type": "message",
        "user": "U08MAKT70",
        "text": "<@U08F438SK>: Nice! I\u2019m happy to hear any suggestions for improvement",
        "ts": "1440873531.000091"
    },
    {
        "type": "message",
        "user": "U08F438SK",
        "text": "submitted PR for #28: <https:\/\/github.com\/dattnetwork\/datt-node\/pull\/28>",
        "attachments": [
            {
                "service_name": "GitHub",
                "title": "AsyncCrypto: Add &quot;verifySignature&quot; method (#24) by willy-b \u00b7 Pull Request #28 \u00b7 dattnetwork\/datt-node \u00b7 GitHub",
                "title_link": "https:\/\/github.com\/dattnetwork\/datt-node\/pull\/28",
                "text": "Added verifySignature(hash, signature, publicKey) calls bitcore.crypto.ECDSA.verify tests for valid signature, invalid signature, and missing arguments resolves #24",
                "fallback": "GitHub: AsyncCrypto: Add \"verifySignature\" method (#24) by willy-b \u00b7 Pull Request #28 \u00b7 dattnetwork\/datt-node",
                "thumb_url": "https:\/\/avatars3.githubusercontent.com\/u\/6969859?v=3&s=400",
                "from_url": "https:\/\/github.com\/dattnetwork\/datt-node\/pull\/28",
                "thumb_width": 150,
                "thumb_height": 150,
                "id": 1
            }
        ],
        "ts": "1440876998.000092"
    },
    {
        "type": "message",
        "user": "U08F438SK",
        "text": "for #24*",
        "ts": "1440877005.000094"
    },
    {
        "type": "message",
        "user": "U08F438SK",
        "text": "getting off train now, cya at coffee shop",
        "ts": "1440877014.000095"
    },
    {
        "type": "message",
        "user": "U08F438SK",
        "text": "nice <@U08MAKT70> , you mocked datt.getContent . is it because datt.getContent wasn't ready while you wrote that or for speed?",
        "ts": "1440882146.000096"
    },
    {
        "type": "message",
        "user": "U08MAKT70",
        "text": "I don't think it was there. The datt object used in my tests is made for easier testing",
        "ts": "1440882963.000097"
    },
    {
        "type": "message",
        "user": "U08MAKT70",
        "text": "So yeah, in the tests I'm using a mock",
        "ts": "1440882992.000098"
    },
    {
        "user": "U09RYHDME",
        "type": "message",
        "subtype": "channel_join",
        "text": "<@U09RYHDME|kendamagendale> has joined the channel",
        "ts": "1440883479.000099"
    },
    {
        "type": "message",
        "user": "U08F438SK",
        "text": "Awesome. Just posted some comments, am making changes that I will push for you to peek at in a bit.",
        "ts": "1440883895.000100",
        "reactions": [
            {
                "name": "+1",
                "users": [
                    "U08MAKT70"
                ],
                "count": 1
            }
        ]
    },
    {
        "type": "message",
        "user": "U08DD8LNP",
        "text": "looks like there has been a good bit of progress on the p2p front, if you guys add a readme and document your expected public api\u2019s I can start working on structuring the datt.ui code to match better",
        "ts": "1440887130.000101",
        "reactions": [
            {
                "name": "+1",
                "users": [
                    "U08ERPTQF"
                ],
                "count": 1
            }
        ]
    },
    {
        "type": "message",
        "user": "U08F438SK",
        "text": "great to see you <@U08DD8LNP> , absolutely. can't wait to give you something to build on, that's my #1 priority",
        "ts": "1440887937.000102"
    },
    {
        "type": "message",
        "user": "U08DD8LNP",
        "text": "yeah sorry I\u2019ve been gone all week on a business trip for my day job, and now I have a cold :disappointed:",
        "ts": "1440887965.000103"
    },
    {
        "type": "message",
        "user": "U08DD8LNP",
        "text": "The UX itself should all be pretty easy for this and wont take long to get going once the p2p side is ready you guys are taking on the hard part :wink:",
        "ts": "1440887998.000104"
    },
    {
        "type": "message",
        "user": "U08ERPTQF",
        "text": "Yea great work guys, with this momentum an alpha MVP by Sept 10 is fairly achievable",
        "ts": "1440894247.000105"
    },
    {
        "type": "message",
        "user": "U08F438SK",
        "text": ":+1:",
        "ts": "1440895175.000106"
    },
    {
        "type": "message",
        "user": "U08ERPTQF",
        "text": "<@U08F438SK> &amp; <@U08MAKT70> weighing up DHTs Pastry has some clear advantages over Kademlia. And I particularly like the SCRIBE implementation of topics by author as this could align with our goals for collectives. <http:\/\/research.microsoft.com\/~antr\/PAST\/scribe.pdf>",
        "ts": "1440904571.000107"
    },
    {
        "type": "message",
        "user": "U08F438SK",
        "text": "<@U08ERPTQF> thanks for the reference, looks like a fascinating paper. first the duplex micropayment channels and now this -- I need to read what you're reading :simple_smile:",
        "ts": "1440908905.000108"
    },
    {
        "type": "message",
        "user": "U08ERPTQF",
        "text": "Cheers <@U08F438SK> - I'm mostly targeting my research to technologies that have potential to advance Datt and to learn from the lessons of others.\nWhite papers are less help than actual code at the moment though.",
        "ts": "1440909315.000109"
    },
    {
        "type": "message",
        "user": "U08ERPTQF",
        "text": "Saying that there are some interesting projects using Pastry DHTs and a variation of scribe so I'll do some more digging around their repos",
        "ts": "1440909436.000110"
    },
    {
        "type": "message",
        "user": "U07GDL0H5",
        "text": "what parts of web crypto does your browser support? <http:\/\/diafygi.github.io\/webcrypto-examples\/>",
        "ts": "1440910177.000111"
    },
    {
        "type": "message",
        "user": "U08F438SK",
        "text": "haha lot of red X's on my Firefox",
        "ts": "1440910418.000112"
    },
    {
        "type": "message",
        "user": "U08F438SK",
        "text": "(Firefox 32.0.7)",
        "ts": "1440910433.000113"
    },
    {
        "type": "message",
        "user": "U08F438SK",
        "text": "e.g. all exportKey algos for ECDSA missing",
        "ts": "1440910483.000114"
    },
    {
        "type": "message",
        "user": "U08F438SK",
        "text": "nice site.",
        "ts": "1440910489.000115"
    },
    {
        "type": "message",
        "user": "U08ERPTQF",
        "text": "same here, a lot of red X's for Chrome 44.0.2403.155",
        "ts": "1440910526.000116"
    },
    {
        "type": "message",
        "user": "U08MAKT70",
        "text": "All reds on Opera 31",
        "ts": "1440912631.000117"
    },
    {
        "type": "message",
        "user": "U08ERPTQF",
        "text": "For MVP should we fall back to a simple PBKDF2 in JavaScript?",
        "ts": "1440912945.000118"
    },
    {
        "type": "message",
        "user": "U08MAKT70",
        "text": "Pastry looks interesting <@U08ERPTQF>!",
        "ts": "1440913293.000119"
    },
    {
        "type": "message",
        "user": "U08F438SK",
        "text": "I'm sure Ryan can nail it but probably don't need WebCrypto at all for MVP",
        "ts": "1440914869.000120"
    },
    {
        "type": "message",
        "user": "U08F438SK",
        "text": "bitcore hidden behind his AsyncCrypto abstraction should be fine",
        "ts": "1440914887.000121"
    },
    {
        "type": "message",
        "user": "U08F438SK",
        "text": "definitely good to be researching it though",
        "ts": "1440914897.000122"
    },
    {
        "type": "message",
        "user": "U07GDL0H5",
        "text": "yeah web crypto is not actually needed for a prototype. bitcore can do everything we need. only problem is, basically, it's slow relative to using web crypto, and probably less secure.",
        "ts": "1440915254.000123"
    },
    {
        "type": "message",
        "user": "U07GDL0H5",
        "text": "note that i distinguish between prototype and MVP. prototype = \"everything fits together and works but isn't ready to launch\", and MVP = \"the thing is good enough to launch\"",
        "ts": "1440915286.000124",
        "reactions": [
            {
                "name": "+1",
                "users": [
                    "U08ERPTQF",
                    "U08F438SK"
                ],
                "count": 2
            }
        ]
    },
    {
        "type": "message",
        "user": "U07GDL0H5",
        "text": "prototype doesn't need web crypto, but if the crypto is too slow, we may want to include web crypto for MVP.",
        "ts": "1440915308.000125"
    },
    {
        "type": "message",
        "user": "U07GDL0H5",
        "text": "we'll worry about that when it happens.",
        "ts": "1440915320.000126"
    },
    {
        "type": "message",
        "user": "U08F438SK",
        "text": "Makes sense. The pure JS crypto is definitely slow, up to 400ms for hashes. ",
        "ts": "1440916548.000127"
    },
    {
        "type": "message",
        "user": "U08F438SK",
        "text": "Actually 400ms includes passing data to web worker and getting result",
        "ts": "1440916604.000128"
    },
    {
        "type": "message",
        "user": "U08F438SK",
        "text": "We could prob optimize by batching, etc.",
        "ts": "1440916618.000129"
    },
    {
        "type": "message",
        "user": "U07GDL0H5",
        "text": "note that some of the slowness in the tests is due to booting up the workerpool. once the workerpool is initialized, it acts faster.",
        "ts": "1440916633.000130"
    },
    {
        "type": "message",
        "user": "U07GDL0H5",
        "text": "but yeah i'm sure there's more room for optimization there.",
        "ts": "1440916651.000131"
    },
    {
        "type": "message",
        "user": "U07GDL0H5",
        "text": "sending over buffers instead of converting everything to\/from hex and JSON would speed things up",
        "ts": "1440916679.000132"
    }
]