[
    {
        "type": "message",
        "user": "U08DD8LNP",
        "text": "so one thing I don\u2019t see in that diagram is a step for fetching the collective\/listings that make up the \u201crecent\/popular\u201d content",
        "ts": "1439454473.000569"
    },
    {
        "type": "message",
        "user": "U08DD8LNP",
        "text": "we\u2019ll probably have to set a default starting collective in the UI, and let the users change that locally",
        "ts": "1439454523.000570"
    },
    {
        "type": "message",
        "user": "U08DD8LNP",
        "text": "<https:\/\/github.com\/dattnetwork\/dattdocs\/blob\/master\/data-models.md#collective>",
        "attachments": [
            {
                "service_name": "GitHub",
                "title": "dattnetwork\/dattdocs",
                "title_link": "https:\/\/github.com\/dattnetwork\/dattdocs\/blob\/master\/data-models.md#collective",
                "text": "dattdocs - Document all the things.",
                "fallback": "GitHub: dattnetwork\/dattdocs",
                "thumb_url": "https:\/\/avatars0.githubusercontent.com\/u\/13266895?v=3&s=400",
                "from_url": "https:\/\/github.com\/dattnetwork\/dattdocs\/blob\/master\/data-models.md#collective",
                "thumb_width": 214,
                "thumb_height": 214,
                "id": 1
            }
        ],
        "ts": "1439454573.000571"
    },
    {
        "type": "message",
        "user": "U08ERPTQF",
        "text": "<@U08DD8LNP>: good point, where is the collective\/listings data stored? on a full node?",
        "ts": "1439455572.000573"
    },
    {
        "type": "message",
        "user": "U08DD8LNP",
        "text": "IMO we should strive to store them the same way as everything else, so likely residing in both places",
        "ts": "1439455608.000574"
    },
    {
        "type": "message",
        "user": "U08DH3ESU",
        "text": "<@U07GDL0H5>: <@U08ERPTQF> Going back to an earlier question on what is the state of the hashplex development and whether it needs changes in the bitcoin protocol; It needs changes in the bitcoin protocol as lightning needs BIP 65 to be implemented; transaction malleability also needs to be fixed; And to take care of HTLC I think 2 opcodes were mentioned during the presentation (Noinput and &lt;I don't remember the other opcode); But for our system this can still work as the micro-payments are intra-system and need not go to the blockchain. For the moment assuming that everyone uses the application that we put up and not develop something on their own based on the documentation we should be fine.",
        "edited": {
            "user": "U08DH3ESU",
            "ts": "1439484225.000000"
        },
        "ts": "1439483334.000575"
    },
    {
        "type": "message",
        "user": "U08DH3ESU",
        "text": "So, it will be sometime before everything becomes mainstream",
        "ts": "1439483574.000578"
    },
    {
        "type": "message",
        "user": "U08ERPTQF",
        "text": "<@U08DH3ESU>: because HashPlex's implementation is based on <http:\/\/ozlabs.org\/~rusty\/ln-deploy-draft-01.pdf> it only needs BIP62 &amp; BIP65 - it shouldn't need new opcodes",
        "edited": {
            "user": "U08ERPTQF",
            "ts": "1439504667.000000"
        },
        "ts": "1439504485.000580"
    },
    {
        "type": "message",
        "user": "U08ERPTQF",
        "text": "BIP65 has some other features that will be nice to have as Datt evolves",
        "ts": "1439504720.000582"
    },
    {
        "type": "message",
        "user": "U08ERPTQF",
        "text": "If we implement HashPlex's Lightning we can have a functional MVP, but with known defects for channels being closed and malleability, but we are dealing in millibits so malliciously cheating Datt nodes isn't very profitable",
        "ts": "1439504955.000583"
    },
    {
        "type": "message",
        "user": "U08ERPTQF",
        "text": "Both of the BIPs are implemented in the Elements sidechain Alpha (testnet) so we can also test releases there",
        "ts": "1439505099.000584"
    },
    {
        "type": "message",
        "user": "U08ERPTQF",
        "text": "I'm currently looking at OpenPublish to see if there's anything we can learn from their implementation of content registered on the Bitcoin blockchain with smart-contracts attached <https:\/\/github.com\/blockai\/openpublish>",
        "attachments": [
            {
                "service_name": "GitHub",
                "title": "blockai\/openpublish",
                "title_link": "https:\/\/github.com\/blockai\/openpublish",
                "text": "openpublish - A publishing protocol for registering media as a digital asset on the Bitcoin blockchain.",
                "fallback": "GitHub: blockai\/openpublish",
                "thumb_url": "https:\/\/avatars0.githubusercontent.com\/u\/10585787?v=3&s=400",
                "from_url": "https:\/\/github.com\/blockai\/openpublish",
                "thumb_width": 64,
                "thumb_height": 64,
                "id": 1
            }
        ],
        "ts": "1439513412.000585"
    },
    {
        "type": "message",
        "user": "U08ERPTQF",
        "text": "and now looking at how [DIAS](<https:\/\/github.com\/epournaras\/DIAS>) are using bloom filters across a distributed network as this might fit our use case with Collectives better than Bitcoin P2P bloom filters on transactions.",
        "attachments": [
            {
                "service_name": "GitHub",
                "title": "epournaras\/DIAS",
                "title_link": "https:\/\/github.com\/epournaras\/DIAS",
                "text": "DIAS - Dynamic Intelligent Aggregation Service",
                "fallback": "GitHub: epournaras\/DIAS",
                "thumb_url": "https:\/\/avatars1.githubusercontent.com\/u\/8179937?v=3&s=400",
                "from_url": "https:\/\/github.com\/epournaras\/DIAS",
                "thumb_width": 400,
                "thumb_height": 400,
                "id": 1
            }
        ],
        "ts": "1439516922.000587"
    },
    {
        "type": "message",
        "user": "U08F438SK",
        "text": "Thanks for the excellent links",
        "ts": "1439517164.000589"
    },
    {
        "type": "message",
        "user": "U08DH3ESU",
        "text": "Something similar to openpublish is ascribe. \"we help you manage your valuable digital creations\" is their tagline <https:\/\/www.ascribe.io\/>. The whitepaper is available online. Protocol: <https:\/\/github.com\/ascribe\/spool>",
        "edited": {
            "user": "U08DH3ESU",
            "ts": "1439518122.000000"
        },
        "ts": "1439517966.000590"
    },
    {
        "type": "message",
        "user": "U08DH3ESU",
        "text": "We can actually think of a partnership with the companies which are registering content to owners and using the blockchain to a limited extent to do it. This can be a value added service. The aim of ascribe seems to be larger, but the core idea is registering content for the respective owners.",
        "edited": {
            "user": "U08DH3ESU",
            "ts": "1439518544.000000"
        },
        "ts": "1439518035.000591"
    },
    {
        "type": "message",
        "user": "U08DH3ESU",
        "text": "<@U08ERPTQF>: Yes. It does not need any change in the opcode at this moment. But the changes are still not part of the lightning main paper; So, at this moment this is another protocol for micropayments; But, I think we all agree that the implementations have reached a stage where we can use them for micropayments.",
        "ts": "1439518771.000594"
    },
    {
        "type": "message",
        "user": "U08ERPTQF",
        "text": "<@U08DH3ESU>: yes the original Lightning network authors have only verbally sanctioned Rusty's whitepaper and are collaborating to publish a final version",
        "ts": "1439518923.000595"
    }
]