[
    {
        "user": "U095A29EK",
        "type": "message",
        "subtype": "channel_join",
        "text": "<@U095A29EK|essofluffy> has joined the channel",
        "ts": "1439751005.000072"
    },
    {
        "user": "U094X6WUT",
        "type": "message",
        "subtype": "channel_join",
        "text": "<@U094X6WUT|epsen> has joined the channel",
        "ts": "1439754173.000073"
    },
    {
        "type": "message",
        "user": "U07GDL0H5",
        "text": "The network is hostile. <http:\/\/blog.cryptographyengineering.com\/2015\/08\/the-network-is-hostile.html>",
        "attachments": [
            {
                "id": 1
            }
        ],
        "ts": "1439769133.000074"
    },
    {
        "type": "message",
        "user": "U08F438SK",
        "text": "I like the locally encrypted BIP39 mnemonic. Why not have default client also back up this information with us \/ register email address  for ease-of-use with a nice obvious \"No thanks, I'll stay decentralized\" button in UI",
        "ts": "1439771700.000076"
    },
    {
        "type": "message",
        "user": "U08F438SK",
        "text": "so if you trust <http:\/\/datt.co|datt.co> and just want to use the app you can go ahead and migrate across devices using your username\/password",
        "ts": "1439771737.000077"
    },
    {
        "type": "message",
        "user": "U08F438SK",
        "text": "oops, mean using your username\/password OR email",
        "ts": "1439771750.000078"
    },
    {
        "type": "message",
        "user": "U08F438SK",
        "text": "and we can do resets for these non-technical users",
        "ts": "1439771767.000079"
    },
    {
        "type": "message",
        "user": "U08F438SK",
        "text": "but anyone who cares can choose to do it all locally and leave us out of t",
        "ts": "1439771785.000080"
    },
    {
        "type": "message",
        "user": "U07GDL0H5",
        "text": "i think that's an option. since we should only be dealing with small amounts of money, the security risk is a lot smaller here than with most other bitcoin wallets.",
        "ts": "1439771807.000081"
    },
    {
        "type": "message",
        "user": "U07GDL0H5",
        "text": "i would also say that doesn't need to be included for MVP, since it's a feature that could always be added later",
        "ts": "1439771843.000082"
    },
    {
        "type": "message",
        "user": "U08F438SK",
        "text": "agreed",
        "ts": "1439771848.000083"
    },
    {
        "type": "message",
        "user": "U08F438SK",
        "text": "if that's acceptable though I think one could use that to allay Brad's concerns about usability",
        "ts": "1439771870.000084"
    },
    {
        "type": "message",
        "user": "U08F438SK",
        "text": "he was pointing at hacker news login, with the \"forgot password\" button, and saying \"I just want this\"",
        "ts": "1439771901.000085"
    },
    {
        "type": "message",
        "user": "U08F438SK",
        "text": "just want to have an easy answer to that concern :simple_smile:",
        "ts": "1439771924.000086"
    },
    {
        "type": "message",
        "user": "U07GDL0H5",
        "text": "yep",
        "ts": "1439771940.000087"
    },
    {
        "type": "message",
        "user": "U08DD8LNP",
        "text": "<@U07GDL0H5>: yes and no, the fact that the attacks are not targetted means that people are still motivated to brute force these and the amount in any singular wallet doesn\u2019t matter much aside from making it less of a big deal when someone is hacked",
        "ts": "1439772093.000088"
    },
    {
        "type": "message",
        "user": "U08F438SK",
        "text": "people are just going through password dictionaries and building huge tables of hash-&gt;pkey-&gt;pubkey-&gt;pubkeyhash-&gt;P2PKH addresses? then searching for these in UTXO set?",
        "ts": "1439772992.000089"
    },
    {
        "type": "message",
        "user": "U08DD8LNP",
        "text": "yeah pretty much",
        "ts": "1439773089.000090"
    },
    {
        "type": "message",
        "user": "U08F438SK",
        "text": "given we have less money in our wallets, might also make sense to salt our hash (even with a fixed salt) in order to force an attacker to build a site specific P2PKH &lt;-&gt; key index",
        "ts": "1439773097.000091"
    },
    {
        "type": "message",
        "user": "U08F438SK",
        "text": "which presumably would be less worthwhile to build just for our site.",
        "ts": "1439773115.000092"
    },
    {
        "type": "message",
        "user": "U08DD8LNP",
        "text": "one of the idea\u2019s I\u2019ve seen is salting with the users email address on an individualized basis, which I think is an interesting approach that could work for us",
        "ts": "1439773145.000093"
    },
    {
        "type": "message",
        "user": "U08F438SK",
        "text": "could also build proof of work into it by adding nonce plus checksum to password before generating key; where nonce is first value which gives a certain number of leading zeros in sha256 hash. as long as nonce search is consistent,  a user can still generate their key from any computer given username\/password, but it is slow to build an attack index",
        "ts": "1439773238.000094"
    },
    {
        "type": "message",
        "user": "U08F438SK",
        "text": "yeah, we are already hashing &lt;username&gt;_&lt;password&gt; , why not &lt;email&gt;_&lt;password&gt;.",
        "ts": "1439773313.000095"
    },
    {
        "type": "message",
        "user": "U08F438SK",
        "text": "guess you wouldn't want to use nonce\/SHA256 approach since we actually build custom hardware to make that weak! but insert whatever POW you like.",
        "ts": "1439773621.000096"
    },
    {
        "type": "message",
        "user": "U08ERPTQF",
        "text": "I'm also thinking how I'm totally not comfortable storing any backup of my BTC wallet online, but I have my 1Password data sync via DropBox.\nDatt seems to fall into the latter, I'd backup my Datt keys to Dropbox so that's an easy option for users (better than having us store them anyway)",
        "ts": "1439774521.000097"
    },
    {
        "type": "message",
        "user": "U08ERPTQF",
        "text": "I'm also thinking how I'm totally not comfortable storing any backup of my BTC wallet online, but I have my 1Password data sync via DropBox.\nDatt seems to fall into the latter, I'd backup my Datt keys to Dropbox so that's an easy option for users (better than having us store them anyway)",
        "ts": "1439774802.000098"
    },
    {
        "type": "message",
        "user": "U08F438SK",
        "text": "for 1st pass sure. but from UX perspective having to go out of the window and save data into a file a bit rough. anyway, too far in the future to worry about now! gotta get to a PR :simple_smile:",
        "ts": "1439775864.000099"
    }
]