[
    {
        "type": "message",
        "user": "U08EZP01H",
        "text": "<@U08F438SK> Yea I feel that. Aren't Hacker Houses a thing? Datt House?",
        "ts": "1439575176.000415",
        "reactions": [
            {
                "name": "+1",
                "users": [
                    "U08F438SK"
                ],
                "count": 1
            }
        ]
    },
    {
        "type": "message",
        "user": "U08C464NS",
        "text": "recreate \"Silicon Valley\"",
        "ts": "1439582336.000416"
    },
    {
        "type": "message",
        "user": "U08C464NS",
        "text": "who's going to play Erlich Bachman?",
        "ts": "1439582375.000417"
    },
    {
        "type": "message",
        "user": "U08C464NS",
        "text": "<https:\/\/38.media.tumblr.com\/145abf4ec5d55bc465ab4ac507cafc74\/tumblr_n5hl82QbmA1r0su18o1_400.gif>",
        "attachments": [
            {
                "fallback": "320x178px image",
                "image_url": "https:\/\/38.media.tumblr.com\/145abf4ec5d55bc465ab4ac507cafc74\/tumblr_n5hl82QbmA1r0su18o1_400.gif",
                "image_width": 320,
                "image_height": 178,
                "image_bytes": 1457570,
                "from_url": "https:\/\/38.media.tumblr.com\/145abf4ec5d55bc465ab4ac507cafc74\/tumblr_n5hl82QbmA1r0su18o1_400.gif",
                "id": 1
            }
        ],
        "ts": "1439582414.000418"
    },
    {
        "type": "message",
        "user": "U08BY8MGV",
        "text": "One comment on the censorship discussion. I think non consensual pornography (revenge porn) may wind up being the largest portion of illegal\/controversial content. Drugs have illicit marketplaces that are better suited to their sale and things like childporn are only consumed by a small fringe of society. However, nonconsensual porn gets posted all the time (see 50 Cent's case: <http:\/\/www.dailymail.co.uk\/news\/article-3174713\/50-Cent-ordered-pay-2million-jury-finds-bankruptcy-claim-counterfeit.html>)",
        "attachments": [
            {
                "service_name": "Mail Online",
                "title": "Jury rejects 50 Cent's bankruptcy claim and orders he pay $2million",
                "title_link": "http:\/\/www.dailymail.co.uk\/news\/article-3174713\/50-Cent-ordered-pay-2million-jury-finds-bankruptcy-claim-counterfeit.html",
                "text": "Curtis Jackson must pay an additional $2million in punitive damages to a woman featured in a sex tape he posted online, a jury decided Friday. He was previously ordered to pay Lastonia Leviston $5million.",
                "fallback": "Mail Online: Jury rejects 50 Cent's bankruptcy claim and orders he pay $2million",
                "image_url": "http:\/\/i.dailymail.co.uk\/i\/pix\/2015\/07\/26\/00\/2AD7E15E00000578-0-image-a-15_1437866539371.jpg",
                "image_width": 416,
                "image_height": 250,
                "from_url": "http:\/\/www.dailymail.co.uk\/news\/article-3174713\/50-Cent-ordered-pay-2million-jury-finds-bankruptcy-claim-counterfeit.html",
                "image_bytes": 68329,
                "id": 1
            }
        ],
        "ts": "1439589404.000420"
    },
    {
        "type": "message",
        "user": "U08BY8MGV",
        "text": "This is a huge issue on 4chan right now",
        "ts": "1439589413.000422"
    },
    {
        "type": "message",
        "user": "U08ERPTQF",
        "text": "<@U08BY8MGV>: interesting. There's no one that is incentivized to mod revenge porn, and it is not likely to be labeled as such until it is reported by the victim.\nBecause the OP is criminally liable (especially in the UK) the judge may pass down even harsher sentencing if the OP posts to forums where content can't be removed.",
        "ts": "1439594830.000423"
    },
    {
        "type": "message",
        "user": "U08DD8LNP",
        "text": "are we still planning on focusing on text content?",
        "ts": "1439598643.000424"
    },
    {
        "type": "message",
        "user": "U08DD8LNP",
        "text": "this is part of the reason I think we should, because images open up many cans of worms",
        "ts": "1439598668.000425"
    },
    {
        "type": "message",
        "user": "U07GDL0H5",
        "text": "text content for v1. worry about audio and video later.",
        "ts": "1439598672.000426"
    },
    {
        "type": "message",
        "user": "U08DD8LNP",
        "text": "copyright infringement (though this is also true with text), revenge porn, child porn, etc\u2026.",
        "ts": "1439598683.000427"
    },
    {
        "type": "message",
        "user": "U08DD8LNP",
        "text": "I\u2019ve seen a few DMCA takedowns of news summary self texts here: <http:\/\/reddit.com\/r\/chillingeffects> I think the way we\u2019d handle DMCA requests at datt is to create a listing for them and track all the content that gets reported to us.  as a listing it then becomes available both as a transparency tool and as a way for nodes to stop propagating the content",
        "attachments": [
            {
                "service_name": "reddit",
                "title": "Chilling Effects \u2022 \/r\/ChillingEffects",
                "title_link": "http:\/\/reddit.com\/r\/chillingeffects",
                "text": "reddit: the front page of the internet",
                "fallback": "reddit: Chilling Effects \u2022 \/r\/ChillingEffects",
                "thumb_url": "https:\/\/www.redditstatic.com\/icon.png",
                "from_url": "http:\/\/reddit.com\/r\/chillingeffects",
                "thumb_width": 256,
                "thumb_height": 256,
                "id": 1
            }
        ],
        "ts": "1439598765.000428"
    },
    {
        "type": "message",
        "user": "U08ERPTQF",
        "text": "<@U08DD8LNP>: agree",
        "ts": "1439600163.000430"
    },
    {
        "type": "message",
        "user": "U08BY8MGV",
        "text": "The law is completely different when nodes, mods, and content creators are making money on these posts. All three of these parties would need to pro-actively not accept this kind of money otherwise they are a party in the criminal conspiracy",
        "ts": "1439602933.000431"
    },
    {
        "type": "message",
        "user": "U08BY8MGV",
        "text": "Again, I believe revenge porn will be where most of the friction is. It's because the content is inherently viral, a substantial minority of people don't believe that sharing this material is wrong, and the laws are just now being developed in the United States. Preventing child porn is something that mods and nodes presumably believe is important, but that's not as clear with revenge porn",
        "ts": "1439603111.000432",
        "reactions": [
            {
                "name": "+1",
                "users": [
                    "U08DD8LNP",
                    "U08D641AP"
                ],
                "count": 2
            }
        ]
    },
    {
        "type": "message",
        "user": "U07GDL0H5",
        "text": "i don't think we're dealing with anything fundamentally different than what other ISPs deal with. if someone uses your service for something illegal, 1) freeze their funds, 2) report them to authorities",
        "ts": "1439603138.000433"
    },
    {
        "type": "message",
        "user": "U07GDL0H5",
        "text": "if criminals paid us, we need to mark those funds and not spend it",
        "ts": "1439603148.000434"
    },
    {
        "type": "message",
        "user": "U08BY8MGV",
        "text": "I think it works fine to do that",
        "ts": "1439603336.000435"
    },
    {
        "type": "message",
        "user": "U08DH3ESU",
        "text": "You might not know the person is a criminal when the first payment happens. These work retrospectively. But, you are correct in saying that the problem at hand is not different from what exists today. ",
        "ts": "1439603351.000436"
    },
    {
        "type": "message",
        "user": "U08BY8MGV",
        "text": "What's going to be interesting to see is how the other nodes behave",
        "ts": "1439603361.000437"
    },
    {
        "type": "message",
        "user": "U08DH3ESU",
        "text": "Even though technologically things are different here.",
        "edited": {
            "user": "U08DH3ESU",
            "ts": "1439603399.000000"
        },
        "ts": "1439603382.000438"
    },
    {
        "type": "message",
        "user": "U08BY8MGV",
        "text": "<@U08DH3ESU>: Agreed it's complex when you don't know if the activity is illegal yet. The issue becomes a PR question more than a legal one. That's why again I cite non consensual porn as a potential early friction point. The laws are unclear and it's difficult to know initially",
        "ts": "1439603579.000440"
    },
    {
        "type": "message",
        "user": "U08BY8MGV",
        "text": "The underlying issue is that there's a legal distinction between profits from advertising where illegal content is being viewed and actually taking money directly for that content",
        "ts": "1439603773.000441"
    },
    {
        "type": "message",
        "user": "U08DH3ESU",
        "text": "For stage 1 this might not be an issue, but definitely has to be addressed. BTW, How is the legality of a content determined? Will the author complain or will the authorities take action? I understand how this works legally, but purely from a network perspective what is the flow of action.",
        "ts": "1439603919.000442"
    },
    {
        "type": "message",
        "user": "U08DH3ESU",
        "text": "I am not sure we can use users to determine legality of the content as the common user will not be aware of these things. They consume what they want and what they see.",
        "ts": "1439604015.000443"
    }
]