[
    {
        "user": "U08MAKT70",
        "type": "message",
        "subtype": "channel_join",
        "text": "<@U08MAKT70|johan> has joined the channel",
        "ts": "1439072654.000191"
    },
    {
        "type": "message",
        "user": "U08BY8MGV",
        "text": "Proposed Vote Payment System\n\nUpvote - Money is paid to the poster\nDownvote - Money is split evenly between the subscribers of the channel. If there are 100 subscribers to a channel and votes cost $0.01, each subscriber will receive 1\/100 of $0.01 when a downvote occurs.\n\nBenefits:\nContent Creators are only incentivized for positive votes\nEncourage altruistic downvoting.  The downvote curates for the community and pays them at the same time\nActive down voters in a community will \u2018lean\u2019 on inactive down voters to do their part\nThe greater the number of people that also downvote with you, the larger % of your downvote money will be returned to you",
        "ts": "1439073047.000192",
        "reactions": [
            {
                "name": "+1",
                "users": [
                    "U08F438SK"
                ],
                "count": 1
            }
        ]
    },
    {
        "type": "message",
        "user": "U08EZP01H",
        "text": "That's a good way to approach it. Can you explain what you mean by 'lean' on inactive down voters?",
        "ts": "1439073338.000193"
    },
    {
        "user": "U08R1E07Q",
        "type": "message",
        "subtype": "channel_join",
        "text": "<@U08R1E07Q|chrismarie> has joined the channel",
        "ts": "1439073626.000194"
    },
    {
        "type": "message",
        "user": "U08BY8MGV",
        "text": "Subscribership to a channel comes with certain rights and responsibilities. Subscribers would hopefully turn against a selfish member who refuses to spend on downvoting. The threat of their retribution acts as an incentive to pay to downvote when you don't like something",
        "ts": "1439074203.000195"
    },
    {
        "type": "message",
        "user": "U08ERPTQF",
        "text": "<@U08BY8MGV>: interesting. This does encourage a crowd mentality if someone posts something unpopular then they are likely to get downvoted very quickly.",
        "ts": "1439074461.000196"
    },
    {
        "type": "message",
        "user": "U08ERPTQF",
        "text": "The role of subscribing to a channel would need to be expanded on",
        "ts": "1439074493.000197"
    },
    {
        "type": "message",
        "user": "U08BY8MGV",
        "text": "You can't split funds with everyone. You want the sharing to happen between only those that  have voted X # of times or have met other criteria set by the Mod. This discourages downvote trolling even further because 1st time voters in a community will not get a cut of other people's downvotes yet",
        "ts": "1439074734.000198"
    },
    {
        "type": "message",
        "user": "U08DH3ESU",
        "text": "I would like to do away with downvotes at least in the beginning. For example, when does a payment happen while downvoting? (Upvoting is clear irrespective of when the actual payment reaches the mods\/authors). Also, unpopular content does not mean bad content. Something which goes against popular beliefs might be unpopular but might not be bad at all. It would still be debatable about \"quality\" of content but that is a problem for anything that is posted. ",
        "edited": {
            "user": "U08DH3ESU",
            "ts": "1439086098.000000"
        },
        "ts": "1439085923.000199",
        "reactions": [
            {
                "name": "+1",
                "users": [
                    "U08ERPTQF"
                ],
                "count": 1
            }
        ]
    },
    {
        "type": "message",
        "user": "U08DH3ESU",
        "text": "We can make payment for upvotes and I also briefly wrote on doing something like \"Content curation as a service\" where the moderator gets a larger cut of the payments. I put it down in the business model which I uploaded.",
        "ts": "1439085995.000200"
    },
    {
        "type": "message",
        "user": "U08EZP01H",
        "text": "'Content Curation as a Service' is a great concept that emerges out of this. I can already see the value; I'd pay someone to deliver me news in a better way.",
        "ts": "1439086617.000202"
    },
    {
        "type": "message",
        "user": "U08ERPTQF",
        "text": "Out of the 7 or 8 options we've discussed for what to do with Down votes - my preference is to not have down votes. But we've parked making any decision until we can get the rest of the mechanics up and running.",
        "ts": "1439093608.000203"
    },
    {
        "type": "message",
        "user": "U08C464NS",
        "text": "I agree, I think it could be possible to get rid of down votes",
        "ts": "1439102963.000204"
    }
]