[
    {
        "type": "message",
        "user": "U08F438SK",
        "text": "<@U07GDL0H5> , any experience with pouchdb ? It's an isomorphic nodejs\/browser storage framework. it supports key\/value and mongodb style queries via the extension pouchdb-find (soon to be rolled in).",
        "ts": "1439709682.000059"
    },
    {
        "type": "message",
        "user": "U08F438SK",
        "text": "pouchdb is on npm, the pouchdb-find extension is here: <https:\/\/github.com\/nolanlawson\/pouchdb-find>",
        "attachments": [
            {
                "service_name": "GitHub",
                "title": "nolanlawson\/pouchdb-find",
                "title_link": "https:\/\/github.com\/nolanlawson\/pouchdb-find",
                "text": "pouchdb-find - Easy-to-use query language for PouchDB (beta)",
                "fallback": "GitHub: nolanlawson\/pouchdb-find",
                "thumb_url": "https:\/\/avatars2.githubusercontent.com\/u\/283842?v=3&s=400",
                "from_url": "https:\/\/github.com\/nolanlawson\/pouchdb-find",
                "thumb_width": 400,
                "thumb_height": 400,
                "id": 1
            }
        ],
        "ts": "1439709696.000060"
    },
    {
        "user": "U095A29EK",
        "type": "message",
        "subtype": "channel_join",
        "text": "<@U095A29EK|essofluffy> has joined the channel",
        "ts": "1439750900.000062"
    },
    {
        "type": "message",
        "user": "U07GDL0H5",
        "text": "<@U08F438SK>: never used it, but potentially looks useful. i'm not sure about it's ability to \"sync\" .... i.e., we don't need user syncing their local store to some server somewhere",
        "ts": "1439751961.000063"
    },
    {
        "type": "message",
        "user": "U08F438SK",
        "text": "Oh yeah definitely not using that feature",
        "ts": "1439752842.000064"
    },
    {
        "type": "message",
        "user": "U08F438SK",
        "text": "It can be used purely as a wrapper on leveldb &amp; indexeddb",
        "ts": "1439752860.000065"
    },
    {
        "type": "message",
        "user": "U07GDL0H5",
        "text": "in that case, LGTM. looks way easier to use this than to effectively rig our own version of it on top of IndexedDB and leveldb",
        "ts": "1439752900.000066"
    },
    {
        "type": "message",
        "user": "U08F438SK",
        "text": "Works really well in browser &amp; nodejs W\/ indexes etc. What was the package you recommended?",
        "ts": "1439752924.000067"
    },
    {
        "type": "message",
        "user": "U07GDL0H5",
        "text": "for building on top of leveldb and IndexedDB? i think it was this one. i'd looked it up before. never actually used it though",
        "ts": "1439752966.000068"
    },
    {
        "type": "message",
        "user": "U07GDL0H5",
        "text": "i researched it for fullnode ... i think i decided against it because for the blockchain, i knew precisely what the db structure need to be, and didn't need some high level wrapper like this ... but i think for datt, it's different. we don't really know precisely what the db schema should be, and this will make it way easier to change as we go.",
        "ts": "1439753041.000069"
    },
    {
        "type": "message",
        "user": "U08F438SK",
        "text": "Awesome. Yeah I used it for a few hours last night, seems good",
        "ts": "1439754030.000070"
    },
    {
        "type": "message",
        "user": "U08F438SK",
        "text": "Definitely makes sense for Blockchain in fullnode to use a fixed, optimised datastore. Datt should probably optimise for dev agility until we know what it is going to be",
        "ts": "1439755933.000071",
        "reactions": [
            {
                "name": "+1",
                "users": [
                    "U08ERPTQF",
                    "U08MAKT70",
                    "U094X6WUT"
                ],
                "count": 3
            }
        ]
    },
    {
        "user": "U08T3P50D",
        "type": "message",
        "subtype": "channel_join",
        "text": "<@U08T3P50D|yanislav> has joined the channel",
        "ts": "1439774443.000072"
    }
]