[
    {
        "type": "message",
        "user": "U08MAKT70",
        "text": "I think we should stick with PeerJS for the prototype, but I\u2019m worried that the current implementation doesn\u2019t scale very well",
        "ts": "1441092193.000236"
    },
    {
        "type": "message",
        "user": "U08MAKT70",
        "text": "<@U08F438SK>: Is there a way to ask the r. server to only give you a fixed size set of peers to connect to intead of all?",
        "ts": "1441092250.000237"
    },
    {
        "type": "message",
        "user": "U08F438SK",
        "text": "Yes, don't worry, we won't do a full mesh topology",
        "ts": "1441092636.000238"
    },
    {
        "type": "message",
        "user": "U08F438SK",
        "text": "Don't know if it comes with that out of the box but we can impl it trivially. Also the peer list it gives is cheap, connecting is not",
        "ts": "1441092696.000239"
    },
    {
        "type": "message",
        "user": "U08F438SK",
        "text": "So connect to K most recent. ",
        "ts": "1441092705.000240"
    },
    {
        "type": "message",
        "user": "U08F438SK",
        "text": "(As a first step)",
        "ts": "1441092714.000241"
    },
    {
        "type": "message",
        "user": "U08MAKT70",
        "text": "Ah, yeah. As long as there\u2019s not millions of nodes, getting the list should be ok :simple_smile:",
        "ts": "1441093717.000242"
    },
    {
        "type": "message",
        "user": "U08F438SK",
        "text": "Agreed. This is just the prototype",
        "ts": "1441094787.000243"
    },
    {
        "type": "message",
        "user": "U08F438SK",
        "text": "I hope we get overloaded and have to stay up all night fighting scaling issues! A lot more fun than staying up all night for weeks preparing for scaling issues and not having any because we have no users :-P",
        "ts": "1441094866.000244",
        "reactions": [
            {
                "name": "joy",
                "users": [
                    "U08ERPTQF"
                ],
                "count": 1
            }
        ]
    },
    {
        "type": "message",
        "user": "U08MAKT70",
        "text": "Haha, very true!",
        "ts": "1441095542.000245"
    },
    {
        "type": "message",
        "user": "U08MAKT70",
        "text": "Let\u2019s try to extract the network stuff into it\u2019s own module, so we don\u2019t have to deal with it on the frontend",
        "ts": "1441095687.000246"
    },
    {
        "user": "U09V2FAR4",
        "type": "message",
        "subtype": "channel_join",
        "text": "<@U09V2FAR4|vrontis> has joined the channel",
        "ts": "1441105138.000247"
    },
    {
        "type": "message",
        "user": "U08MAKT70",
        "text": "I\u2019m working on abstracting the network stuff into its own module, and emitting events for the asynchronous stuff that happens",
        "ts": "1441142819.000248",
        "reactions": [
            {
                "name": "+1",
                "users": [
                    "U08ERPTQF"
                ],
                "count": 1
            }
        ]
    },
    {
        "type": "message",
        "user": "U08MAKT70",
        "text": "What\u2019s the pros\/cons of emitting events instead of promises?",
        "ts": "1441142840.000249"
    },
    {
        "type": "message",
        "user": "U08MAKT70",
        "text": "I kind of see them having some similar use cases. Do we even need promises when we have events all over the place?",
        "ts": "1441142894.000250"
    },
    {
        "type": "message",
        "user": "U07GDL0H5",
        "text": "promises are for a single value that resolves or is rejected once. events occur over and over.",
        "ts": "1441143294.000251"
    },
    {
        "type": "message",
        "user": "U07GDL0H5",
        "text": "e.g., \"content received from peer\" is an appropriate use of an event. would be awkward to use promises for that.",
        "ts": "1441143321.000252"
    },
    {
        "type": "message",
        "user": "U08MAKT70",
        "text": "ah, exactly",
        "ts": "1441143333.000253"
    },
    {
        "type": "message",
        "user": "U08MAKT70",
        "text": "that makes sense",
        "ts": "1441143336.000254"
    },
    {
        "type": "message",
        "user": "U08MAKT70",
        "text": "then I think I might have overused the events, will look at it :wink:",
        "ts": "1441143378.000255"
    }
]