[
    {
        "type": "message",
        "user": "U08ERPTQF",
        "text": "The escrow aspect to the amiko design could present additional challenges when bootstrapping the network &amp; keeping it decentralized",
        "ts": "1442042167.000020"
    },
    {
        "type": "message",
        "user": "U08ERPTQF",
        "text": "If we decide to go with a pre-lightning micropayments implementation, I would prefer the mutual escrow design of Pennybank <https:\/\/github.com\/quartzjer\/pennybank\/blob\/master\/spec.md>",
        "attachments": [
            {
                "service_name": "GitHub",
                "title": "quartzjer\/pennybank",
                "title_link": "https:\/\/github.com\/quartzjer\/pennybank\/blob\/master\/spec.md",
                "text": "pennybank - Bitcoin Microtransaction Smart Contracts",
                "fallback": "GitHub: quartzjer\/pennybank",
                "thumb_url": "https:\/\/avatars1.githubusercontent.com\/u\/61632?v=3&s=400",
                "from_url": "https:\/\/github.com\/quartzjer\/pennybank\/blob\/master\/spec.md",
                "thumb_width": 400,
                "thumb_height": 400,
                "id": 1
            }
        ],
        "ts": "1442042648.000021"
    }
]