[
    {
        "type": "message",
        "subtype": "file_share",
        "text": "<@U08ERPTQF|paul_xbt> uploaded a file: <https:\/\/dattnetwork.slack.com\/files\/paul_xbt\/F09RH4AGN\/morse.wav|Datt sound> and commented: Perhaps I'm too nostalgic of dialling into BBSes in the 90's and the auditory association with the modem handshake... the ICQ noise in the 00's, and now Skype and Slack trigger unique connections when I hear their respective alert sounds. So I've been playing around with the idea of a 'sound' associated with Datt, something that could give users another sensory perception of what Datt is. At the moment it's a startup sound based on morse code for \"Datt\" and it reminds me a lot of a \"radio news bulletin\". Let me know what you think",
        "file": {
            "id": "F09RH4AGN",
            "created": 1440811338,
            "timestamp": 1440811338,
            "name": "morse.wav",
            "title": "Datt sound",
            "mimetype": "audio\/vnd.wave",
            "filetype": "wav",
            "pretty_type": "Waveform Audio",
            "user": "U08ERPTQF",
            "editable": false,
            "size": 10124,
            "mode": "hosted",
            "is_external": false,
            "external_type": "",
            "is_public": true,
            "public_url_shared": false,
            "display_as_bot": false,
            "username": "",
            "url": "https:\/\/slack-files.com\/files-pub\/T07GDKW3U-F09RH4AGN-97b8ee81b4\/morse.wav",
            "url_download": "https:\/\/slack-files.com\/files-pub\/T07GDKW3U-F09RH4AGN-97b8ee81b4\/download\/morse.wav",
            "url_private": "https:\/\/files.slack.com\/files-pri\/T07GDKW3U-F09RH4AGN\/morse.wav",
            "url_private_download": "https:\/\/files.slack.com\/files-pri\/T07GDKW3U-F09RH4AGN\/download\/morse.wav",
            "permalink": "https:\/\/dattnetwork.slack.com\/files\/paul_xbt\/F09RH4AGN\/morse.wav",
            "permalink_public": "https:\/\/slack-files.com\/T07GDKW3U-F09RH4AGN-97b8ee81b4",
            "channels": [
                "C07GE13K7"
            ],
            "groups": [

            ],
            "ims": [

            ],
            "comments_count": 1,
            "initial_comment": {
                "id": "Fc09RH8D18",
                "created": 1440811338,
                "timestamp": 1440811338,
                "user": "U08ERPTQF",
                "comment": "Perhaps I'm too nostalgic of dialling into BBSes in the 90's and the auditory association with the modem handshake... the ICQ noise in the 00's, and now Skype and Slack trigger unique connections when I hear their respective alert sounds. So I've been playing around with the idea of a 'sound' associated with Datt, something that could give users another sensory perception of what Datt is. At the moment it's a startup sound based on morse code for \"Datt\" and it reminds me a lot of a \"radio news bulletin\". Let me know what you think",
                "reactions": [
                    {
                        "name": "+1",
                        "users": [
                            "U08DD8LNP",
                            "U08DH3ESU"
                        ],
                        "count": 2
                    }
                ]
            }
        },
        "user": "U08ERPTQF",
        "upload": true,
        "display_as_bot": false,
        "username": "<@U08ERPTQF|paul_xbt>",
        "bot_id": null,
        "ts": "1440811338.000019"
    },
    {
        "type": "message",
        "user": "U08R6QWP3",
        "text": "i like it but i think it should be about half as long",
        "ts": "1440815703.000021"
    },
    {
        "type": "message",
        "user": "U08R6QWP3",
        "text": "it should be one hit",
        "ts": "1440815709.000022"
    },
    {
        "type": "message",
        "user": "U08R6QWP3",
        "text": "maybe its not a duration thing though",
        "ts": "1440815740.000023"
    },
    {
        "type": "message",
        "user": "U08R6QWP3",
        "text": "i really like the idea",
        "ts": "1440815751.000024"
    },
    {
        "type": "message",
        "user": "U08ERPTQF",
        "text": "If it's too fast you can't decode the morse :), but yea I'm not 100% on this sound, just throwing it out here to see whether the idea has traction",
        "ts": "1440815870.000025"
    },
    {
        "type": "message",
        "user": "U08R6QWP3",
        "text": "oh its literally the morse code for datt",
        "ts": "1440815886.000026"
    },
    {
        "type": "message",
        "user": "U08ERPTQF",
        "text": "Yep",
        "ts": "1440815892.000027"
    },
    {
        "type": "message",
        "user": "U08R6QWP3",
        "text": "thats cool i like the direction",
        "ts": "1440815941.000028"
    },
    {
        "type": "message",
        "user": "U08F438SK",
        "text": "I love the idea. As it is it may benefit from being softened a bit",
        "ts": "1440819264.000029"
    },
    {
        "type": "message",
        "user": "U08F438SK",
        "text": "also agree with <@U08R6QWP3> that's it on the long side duration wise but thank you for exploring this and looking forward to hearing this evolve",
        "ts": "1440819326.000030"
    },
    {
        "type": "message",
        "user": "U08EZP01H",
        "text": "Such a cool idea <@U08ERPTQF>. A few iterations and we might have a catchy little sound that could pair well with notifications",
        "ts": "1440819594.000031",
        "reactions": [
            {
                "name": "+1",
                "users": [
                    "U08ERPTQF",
                    "U08F438SK"
                ],
                "count": 2
            }
        ]
    },
    {
        "type": "message",
        "user": "U08EZP01H",
        "text": "Great branding too.",
        "ts": "1440819607.000032"
    },
    {
        "type": "message",
        "user": "U08F438SK",
        "text": "Goes well with the dots",
        "ts": "1440820469.000033"
    },
    {
        "type": "message",
        "user": "U08F438SK",
        "text": "News: China engaging in campaign to take out \"underground networks\" helping capital leave the country",
        "ts": "1440829808.000034"
    },
    {
        "type": "message",
        "user": "U08F438SK",
        "text": "The \"office 709\" crackdown. @george_chen on twitter has links:  <https:\/\/twitter.com\/george_chen\/status\/637475122962534400>",
        "attachments": [
            {
                "fallback": "<https:\/\/twitter.com\/george_chen|@george_chen>: Sources say top leaders have decided to set up a special task force \"709 Office\" to crack down insider trading and other illegal activities",
                "ts": 1440820887,
                "author_name": "George Chen",
                "author_link": "https:\/\/twitter.com\/george_chen\/status\/637475122962534400",
                "author_icon": "https:\/\/pbs.twimg.com\/profile_images\/599568124732579840\/G8rfAfLq_normal.jpg",
                "author_subname": "@george_chen",
                "text": "Sources say top leaders have decided to set up a special task force \"709 Office\" to crack down insider trading and other illegal activities",
                "service_name": "twitter",
                "service_url": "https:\/\/twitter.com\/",
                "from_url": "https:\/\/twitter.com\/george_chen\/status\/637475122962534400",
                "id": 1
            }
        ],
        "ts": "1440829839.000035"
    },
    {
        "type": "message",
        "user": "U08F438SK",
        "text": "<https:\/\/twitter.com\/george_chen\/status\/637450449264578560>",
        "attachments": [
            {
                "fallback": "<https:\/\/twitter.com\/george_chen|@george_chen>: MORE: Gov estimates at least US$200B illegal capital outflow per year via \"underground bank\" networks, incl exit from stock mkt -state media",
                "ts": 1440815005,
                "author_name": "George Chen",
                "author_link": "https:\/\/twitter.com\/george_chen\/status\/637450449264578560",
                "author_icon": "https:\/\/pbs.twimg.com\/profile_images\/599568124732579840\/G8rfAfLq_normal.jpg",
                "author_subname": "@george_chen",
                "text": "MORE: Gov estimates at least US$200B illegal capital outflow per year via \"underground bank\" networks, incl exit from stock mkt -state media",
                "service_name": "twitter",
                "service_url": "https:\/\/twitter.com\/",
                "from_url": "https:\/\/twitter.com\/george_chen\/status\/637450449264578560",
                "id": 1
            }
        ],
        "ts": "1440829912.000037"
    },
    {
        "type": "message",
        "user": "U08F438SK",
        "text": "I think a lot of the bitcoin volume in China is from people who are using it to transport money in excess of the &lt;US$100K \/ year limit on money leaving the country",
        "ts": "1440829968.000039"
    }
]