[
    {
        "user": "U09SE617Z",
        "type": "message",
        "subtype": "channel_join",
        "text": "<@U09SE617Z|sawyercade> has joined the channel",
        "ts": "1440954941.000045"
    },
    {
        "type": "message",
        "user": "U08EZP01H",
        "text": "Now seemed like a great time to read up on the difference between democracies and republics. So many lightbulbs went off about the current state of politics, and about what we're doing here. <http:\/\/www.1215.org\/lawnotes\/lawnotes\/repvsdem.htm>",
        "ts": "1440967035.000046"
    },
    {
        "type": "message",
        "user": "U08EZP01H",
        "text": "\"A republic and a democracy are identical in every aspect except one. In a republic the sovereignty is in each individual person. In a democracy the sovereignty is in the group.\"",
        "ts": "1440967041.000047"
    },
    {
        "type": "message",
        "user": "U08EZP01H",
        "text": "Of note: Ben Franklin, when asked if we had just created a Republic or Monarchy answered, \"A Republic, if you can keep it.\"",
        "ts": "1440967165.000048"
    },
    {
        "type": "message",
        "user": "U08EZP01H",
        "text": "Leads to a fun philosophical brainstorm... By letting our users pick their mods, this is Republic-like. We 'elect' them to represent us.  Perhaps this is a key part to reigning in the 'mob rule' tendencies of pure democracies.",
        "ts": "1440967394.000049"
    },
    {
        "type": "message",
        "user": "U08R6QWP3",
        "text": "that\u2019s whats most interesting to me about the project",
        "ts": "1440967608.000050"
    },
    {
        "type": "message",
        "user": "U08R6QWP3",
        "text": "and most decentralized projects",
        "ts": "1440967614.000051"
    },
    {
        "type": "message",
        "user": "U08R6QWP3",
        "text": "its not the product itself, its the study in new human behaviors and interactions",
        "ts": "1440967630.000052"
    },
    {
        "type": "message",
        "user": "U08R6QWP3",
        "text": "interested to see what types of hierarchies arise, and what goes horribly wrong",
        "ts": "1440967692.000053"
    },
    {
        "type": "message",
        "user": "U08EZP01H",
        "text": "It almost seems like an ancient problem we keep revisiting without noticing. The question of governance, from a meta perspective, is really core to how we get along together on this planet. Creating a Republic through a Constitution that can slowly be modified by democratic processes has modern parallels: Creating Bitcoin through a Protocol that can be slowly built upon by consensus.",
        "ts": "1440968292.000054",
        "reactions": [
            {
                "name": "+1",
                "users": [
                    "U08ERPTQF"
                ],
                "count": 1
            }
        ]
    }
]