[
    {
        "type": "message",
        "user": "U08CCGGG1",
        "text": "you guys have probably posted this somewhere so if so can you please point me to where there may be an ongoing discussion about this: <https:\/\/www.reddit.com\/r\/Bitcoin\/comments\/3gdad5\/meta_on_hardforking_if_bitcoin_is_so_vulnerable\/>",
        "attachments": [
            {
                "service_name": "reddit",
                "title": "[META] On hardforking: If Bitcoin is so vulnerable to reddit posts and a man who codes in the open, that it requires censorship to stay safe, perhaps it is destined for doom after all. \u2022 \/r\/Bitcoin",
                "title_link": "https:\/\/www.reddit.com\/r\/Bitcoin\/comments\/3gdad5\/meta_on_hardforking_if_bitcoin_is_so_vulnerable\/",
                "text": "To not violate \/u\/theymos' stated \"rules\", or at least make him commit incredible hypocrisy, I shall neither link to the post in question nor...",
                "fallback": "reddit: [META] On hardforking: If Bitcoin is so vulnerable to reddit posts and a man who codes in the open, that it requires censorship to stay safe, perhaps it is destined for doom after all. \u2022 \/r\/Bitcoin",
                "thumb_url": "https:\/\/www.redditstatic.com\/icon.png",
                "from_url": "https:\/\/www.reddit.com\/r\/Bitcoin\/comments\/3gdad5\/meta_on_hardforking_if_bitcoin_is_so_vulnerable\/",
                "thumb_width": 256,
                "thumb_height": 256,
                "id": 1
            }
        ],
        "ts": "1439228696.000197",
        "reactions": [
            {
                "name": "+1",
                "users": [
                    "U08ERPTQF",
                    "U08DD8LNP"
                ],
                "count": 2
            }
        ]
    },
    {
        "type": "message",
        "user": "U08CCGGG1",
        "text": "(another big reason for having a decentralized reddit)",
        "ts": "1439228711.000199"
    },
    {
        "type": "message",
        "user": "U08CCGGG1",
        "text": "For anyone who hasn\u2019t read this post, I highly recommend it.",
        "ts": "1439228966.000200"
    },
    {
        "type": "message",
        "user": "U08EZP01H",
        "text": "Might be good if it's the sort of problem you only have once.",
        "ts": "1439230219.000201"
    },
    {
        "type": "message",
        "user": "U08EZP01H",
        "text": "Never saw a contentious attempt at a hard fork coming. Curious.",
        "ts": "1439230250.000202"
    },
    {
        "type": "message",
        "user": "U07GDL0H5",
        "text": "yeah, saw that post already, definitely part of the motivation for this project. really annoying when mods take stances like that, and users don't even know. we should definitely take note of this post.",
        "ts": "1439230303.000203"
    },
    {
        "user": "U08SX8YP5",
        "type": "message",
        "subtype": "channel_join",
        "text": "<@U08SX8YP5|dhulser> has joined the channel",
        "ts": "1439236459.000204"
    },
    {
        "user": "U08SZAL6A",
        "type": "message",
        "subtype": "channel_join",
        "text": "<@U08SZAL6A|gavin> has joined the channel",
        "ts": "1439238668.000205"
    },
    {
        "user": "U08T3P50D",
        "type": "message",
        "subtype": "channel_join",
        "text": "<@U08T3P50D|yanislav> has joined the channel",
        "ts": "1439243772.000206"
    },
    {
        "type": "message",
        "user": "U08CCGGG1",
        "text": "yeah it\u2019s really scary that theymos can just kill XT like that",
        "edited": {
            "user": "U08CCGGG1",
            "ts": "1439249771.000000"
        },
        "ts": "1439249760.000207"
    },
    {
        "type": "message",
        "user": "U08DD8LNP",
        "text": "<@U08CCGGG1>: this is good news for DATT",
        "ts": "1439252904.000209"
    },
    {
        "type": "message",
        "user": "U08CCGGG1",
        "text": "YES",
        "ts": "1439252936.000210",
        "reactions": [
            {
                "name": "joy",
                "users": [
                    "U08ERPTQF",
                    "U07GDL0H5",
                    "U08D641AP"
                ],
                "count": 3
            }
        ]
    },
    {
        "type": "message",
        "user": "U08CCGGG1",
        "text": "ARE YOU GUYS DONE YET?",
        "ts": "1439252944.000211"
    },
    {
        "type": "message",
        "user": "U08DD8LNP",
        "text": "Aside from the meme there, that actually works out really well when you consider that we already expect our initial core user base will be crypto users.  If there is a critical mass of bitcoin users who become disaffected redditors that makes our initial community building that much easier",
        "ts": "1439252965.000212"
    },
    {
        "type": "message",
        "user": "U08DD8LNP",
        "text": "Also, I think there is a pretty big overlap between the types of people subscribed to \/r\/bitcoin and the types of people who really appreciate the old school reddit ideals of a free market of ideas",
        "ts": "1439253030.000213"
    },
    {
        "type": "message",
        "user": "U08DD8LNP",
        "text": "Unfortunately we\u2019re not done yet, measure once cut twice and all that.  I am very impressed at the level of talent this group has attracted though.  Also pretty crazy just how many people that have\/were starting to work on something like this on their own",
        "ts": "1439253095.000214",
        "reactions": [
            {
                "name": "+1",
                "users": [
                    "U07GDL0H5"
                ],
                "count": 1
            }
        ]
    },
    {
        "user": "U08TAS6MN",
        "type": "message",
        "subtype": "channel_join",
        "text": "<@U08TAS6MN|rmhrisk> has joined the channel",
        "ts": "1439255524.000215"
    },
    {
        "user": "U08THCD7S",
        "type": "message",
        "subtype": "channel_join",
        "text": "<@U08THCD7S|brayton> has joined the channel",
        "ts": "1439270039.000216"
    }
]