[
    {
        "user": "U0A7514R1",
        "type": "message",
        "subtype": "channel_join",
        "text": "<@U0A7514R1|bubbly789> has joined the channel",
        "ts": "1441451963.000113"
    },
    {
        "type": "message",
        "user": "U08EZP01H",
        "text": "any linux friends have a suggestion on how to go about determining what builds of linux will run a server?",
        "ts": "1441473758.000114"
    },
    {
        "type": "message",
        "user": "U08EZP01H",
        "text": "nvm. needed a test branch to deal with Wheezy's antics",
        "ts": "1441479856.000117",
        "reactions": [
            {
                "name": "tada",
                "users": [
                    "U08EZP01H"
                ],
                "count": 1
            }
        ]
    }
]