[
    {
        "type": "message",
        "user": "U08CCGGG1",
        "text": "<@U08DD8LNP>:  \u201cmeasure once cut twice\u201d I love it - I hope this is a joke and not simply a perversion of the saying though lol",
        "edited": {
            "user": "U08CCGGG1",
            "ts": "1439306627.000000"
        },
        "ts": "1439306612.000217"
    },
    {
        "type": "message",
        "user": "U08CCGGG1",
        "text": "<https:\/\/np.reddit.com\/r\/Bitcoin\/comments\/3gc742\/bitcoinxt_test_binaries_available\/ctwtz8w>",
        "attachments": [
            {
                "service_name": "reddit",
                "title": "Bitcoin\/XT: Test binaries available! \u2022 \/r\/Bitcoin",
                "title_link": "https:\/\/np.reddit.com\/r\/Bitcoin\/comments\/3gc742\/bitcoinxt_test_binaries_available\/ctwtz8w",
                "text": "28 points and 16 comments so far on reddit",
                "fallback": "reddit: Bitcoin\/XT: Test binaries available! \u2022 \/r\/Bitcoin",
                "thumb_url": "https:\/\/www.redditstatic.com\/icon.png",
                "from_url": "https:\/\/np.reddit.com\/r\/Bitcoin\/comments\/3gc742\/bitcoinxt_test_binaries_available\/ctwtz8w",
                "thumb_width": 256,
                "thumb_height": 256,
                "id": 1
            }
        ],
        "ts": "1439306629.000220"
    },
    {
        "type": "message",
        "user": "U08CCGGG1",
        "text": "interesting post by theymos ^",
        "ts": "1439306645.000222"
    },
    {
        "type": "message",
        "user": "U07GDL0H5",
        "text": "<https:\/\/twitter.com\/lopp\/status\/631145693281943553>",
        "ts": "1439311989.000223"
    },
    {
        "type": "message",
        "user": "U07GDL0H5",
        "text": "\"The @RedditBTC mods have removed my post that was at the top of \/r\/bitcoin.\" ^",
        "ts": "1439312013.000224"
    },
    {
        "type": "message",
        "user": "U08DD8LNP",
        "text": "<@U08CCGGG1>: lol nope that was just me being dyslexic",
        "ts": "1439320773.000225"
    }
]