[
    {
        "type": "message",
        "user": "U08DD8LNP",
        "text": "quite a bit of thought provoking stuff and reader insight showing up here: <https:\/\/voat.co\/v\/ideasforvoat>",
        "ts": "1439929868.000429"
    },
    {
        "type": "message",
        "user": "U08DD8LNP",
        "text": "looks like Atko may be implementing a similar moderation style as what we\u2019re thinking: <https:\/\/voat.co\/v\/ideasforvoat\/comments\/425476\/1894385>",
        "ts": "1439930441.000430"
    }
]