[
    {
        "type": "message",
        "user": "U08CG8V89",
        "text": "because this <@U08DD8LNP>: <https:\/\/valme.io\/c\/funny\/5hqqs\/theres-hope-america-anchor-walks-off-live-tv-refuses-to-report-on-kardashians>",
        "attachments": [
            {
                "text": "funny | valME. Put value in. Get value out.",
                "fallback": "funny | valME. Put value in. Get value out.",
                "from_url": "https:\/\/valme.io\/c\/funny\/5hqqs\/theres-hope-america-anchor-walks-off-live-tv-refuses-to-report-on-kardashians",
                "id": 1
            }
        ],
        "ts": "1439468160.000369"
    }
]