[
    {
        "type": "message",
        "user": "U08EZP01H",
        "text": "My friend sent me this and said I seem a little less nuts. Gonna check it out later <http:\/\/blockstrap.com\/en\/a-complete-beginners-guide-to-blockchain-technology\/>",
        "attachments": [
            {
                "service_name": "Blockstrap",
                "title": "A Complete Beginners Guide to Blockchain Technology - Blockstrap",
                "title_link": "http:\/\/blockstrap.com\/en\/a-complete-beginners-guide-to-blockchain-technology\/",
                "text": "The following slides were presented to attendees as part of our European #StartingBlock2015 tour. Part 1 \u2013 Workshop Introduction &amp; Primer from <http:\/\/Blockstrap.com|Blockstrap.com> Part 2 \u2013 Blockchains 101 from <http:\/\/Blockstrap.com|Blockstrap.com> Part 3 \u2013 Transactions 101 from <http:\/\/Blockstrap.com|Blockstrap.com> Part 4 \u2013 Mining from <http:\/\/Blockstrap.com|Blockstrap.com> Part 5 \u2013 Blockchains 102 from <http:\/\/Blockstrap.com|Blockstrap.com> Part 6 \u2013 Transactions 102 \u2026",
                "fallback": "Blockstrap: A Complete Beginners Guide to Blockchain Technology - Blockstrap",
                "from_url": "http:\/\/blockstrap.com\/en\/a-complete-beginners-guide-to-blockchain-technology\/",
                "id": 1
            }
        ],
        "ts": "1439594153.000244",
        "reactions": [
            {
                "name": "+1",
                "users": [
                    "U08ERPTQF",
                    "U08F438SK",
                    "U08DD8LNP",
                    "U08F2RTCN",
                    "U094X6WUT"
                ],
                "count": 5
            }
        ]
    },
    {
        "type": "message",
        "user": "U08F438SK",
        "text": "Was on Hacker news",
        "ts": "1439598796.000246"
    },
    {
        "user": "U094X6WUT",
        "type": "message",
        "subtype": "channel_join",
        "text": "<@U094X6WUT|epsen> has joined the channel",
        "ts": "1439608755.000247"
    }
]