[
    {
        "type": "message",
        "user": "U08D641AP",
        "text": "hey all, just a reminder that the world's top rated charity is running a bitcoin-specific campaign where 0.02 BTC goes _directly_ to a person in need (in the form of a bottle containing enough vitamins to nourish a mother for her entire pregnancy).  In my opinion, *one of Bitcoin's biggest opportunities is in improving transparency for charities.*  Lets make this one a huge success: <https:\/\/www.directrelief.org\/bitcoin\/> \u2013 it ends in two days, and it's only 0.02 BTC!",
        "attachments": [
            {
                "service_name": "Direct Relief",
                "title": "Give a Bit. Help a Lot.",
                "title_link": "https:\/\/www.directrelief.org\/bitcoin\/",
                "text": "Let\u2019s work together. Healthy\u00a0mothers and\u00a0babies lead to stronger communities\u00a0and a brighter future for all. Direct Relief\u2019s Prenatal Vitamin Program helps deliver the \u2026",
                "fallback": "Direct Relief: Give a Bit. Help a Lot.",
                "thumb_url": "https:\/\/www.directrelief.org\/wp-content\/uploads\/changetip_header1.jpg",
                "from_url": "https:\/\/www.directrelief.org\/bitcoin\/",
                "thumb_width": 960,
                "thumb_height": 380,
                "id": 1
            }
        ],
        "ts": "1440442597.000280",
        "reactions": [
            {
                "name": "tada",
                "users": [
                    "U08ERPTQF",
                    "U08F438SK"
                ],
                "count": 2
            }
        ]
    },
    {
        "type": "message",
        "user": "U08EZP01H",
        "text": "a classic. audio is a bit hissy, but worth the insight <https:\/\/www.youtube.com\/watch?v=qp0HIF3SfI4>",
        "attachments": [
            {
                "service_name": "YouTube",
                "service_url": "https:\/\/www.youtube.com\/",
                "title": "Simon Sinek: How great leaders inspire action",
                "title_link": "https:\/\/www.youtube.com\/watch?v=qp0HIF3SfI4",
                "author_name": "TED",
                "author_link": "https:\/\/www.youtube.com\/user\/TEDtalksDirector",
                "thumb_url": "https:\/\/i.ytimg.com\/vi\/qp0HIF3SfI4\/hqdefault.jpg",
                "thumb_width": 480,
                "thumb_height": 360,
                "fallback": "YouTube Video: Simon Sinek: How great leaders inspire action",
                "video_html": "<iframe width=\"400\" height=\"225\" src=\"https:\/\/www.youtube.com\/embed\/qp0HIF3SfI4?feature=oembed\" frameborder=\"0\" allowfullscreen><\/iframe>",
                "video_html_width": 400,
                "video_html_height": 225,
                "from_url": "https:\/\/www.youtube.com\/watch?v=qp0HIF3SfI4",
                "id": 1
            }
        ],
        "ts": "1440444204.000282",
        "reactions": [
            {
                "name": "+1",
                "users": [
                    "U07GDL0H5"
                ],
                "count": 1
            }
        ]
    },
    {
        "type": "message",
        "user": "U08ERPTQF",
        "text": "<@U08D641AP>: it looks like all donations are going to a single address - in which case only 276 mothers are getting vitamins :disappointed: ",
        "ts": "1440448375.000284",
        "reactions": [
            {
                "name": "confused",
                "users": [
                    "U08D641AP"
                ],
                "count": 1
            }
        ]
    },
    {
        "type": "message",
        "user": "U08D641AP",
        "text": "apparently there's also ChangeTip donations, but those are off-chain",
        "ts": "1440448402.000285"
    },
    {
        "type": "message",
        "user": "U08D641AP",
        "text": "on the other hand, it seems ChangeTip donations get their names on the actual vitamin bottles their money is going towards, and a photograph of the bottle going to the woman",
        "ts": "1440448429.000286"
    },
    {
        "type": "message",
        "user": "U08ERPTQF",
        "text": "Cool, I'm often talking to Charities about Bitcoin donations, but they fail to conceive the direct nature of giving to a cause like this.",
        "ts": "1440448562.000287"
    },
    {
        "type": "message",
        "user": "U08D641AP",
        "text": "DirectRelief seems pretty excited about the whole thing, but needs a solid success story with the community \u2013 hopefully this campaign will be that.",
        "ts": "1440448690.000288"
    },
    {
        "type": "message",
        "user": "U08D641AP",
        "text": "(it's tough for a charity to justify investment, so impact needs to be shown)",
        "ts": "1440448714.000289"
    },
    {
        "user": "U09HNULS1",
        "type": "message",
        "subtype": "channel_join",
        "text": "<@U09HNULS1|reidw> has joined the channel",
        "ts": "1440452663.000290"
    },
    {
        "type": "message",
        "user": "U08DH3ESU",
        "text": "\"We support the implementation of BIP101. We have found Gavin\u2019s arguments on both the need for larger blocks and the feasibility of their implementation \u2014 while safeguarding Bitcoin\u2019s decentralization to be convincing. BIP101 and 8MBblocks are already supported by a majority of the miners and we feel it is time for the industry to unite behind this proposal.\" <http:\/\/blog.blockchain.com\/wp-content\/uploads\/2015\/08\/Industry-Block-Size-letter-All-Signed.pdf>",
        "edited": {
            "user": "U08DH3ESU",
            "ts": "1440469928.000000"
        },
        "ts": "1440469893.000291"
    }
]