[
    {
        "type": "message",
        "user": "U08BU3AA2",
        "text": "<@U07GDL0H5> I see Medium flowing money back to creators, especially if it's btc, not as competition, but as part of the creation of a new market. Imagine if Medium &amp; fb &amp; twitter et al all turned on btc for content creators to get paid. It think it would help clear the path for DATT to go main stream. --my2cents",
        "ts": "1444576467.000036",
        "reactions": [
            {
                "name": "+1",
                "users": [
                    "U07GDL0H5",
                    "U08F438SK"
                ],
                "count": 2
            }
        ]
    },
    {
        "type": "message",
        "user": "U07GDL0H5",
        "text": "Friends, with Brad's help I present to you my YC application: <https:\/\/docs.google.com\/document\/d\/13qdb5Zr6Z2Knexjpg21KIO8w8SuXkVP1RTj5bowX0KU\/edit#>",
        "ts": "1444610530.000037",
        "reactions": [
            {
                "name": "+1",
                "users": [
                    "U08MAKT70",
                    "U08EZP01H"
                ],
                "count": 2
            }
        ]
    },
    {
        "type": "message",
        "user": "U07GDL0H5",
        "text": "any and all input greatly appreciated. the plan is to submit the app tomorrow night.",
        "ts": "1444610559.000038"
    },
    {
        "type": "message",
        "user": "U07GDL0H5",
        "text": "note that some questions have multiple answers. that is because i haven't arrived at the best answer for those questions yet.",
        "ts": "1444611390.000039"
    }
]