[
    {
        "type": "message",
        "user": "U08C464NS",
        "text": "<@U07GDL0H5>: reading through the application. what happened to all the other people who were going to be founders?",
        "ts": "1444637696.000040"
    },
    {
        "type": "message",
        "user": "U08CG8V89",
        "text": "Thanks for posting <@U07GDL0H5>. Having not read other YC applications or done any analysis on outcomes, my feedback is based solely upon my own standards.\n\nFWIW, to me, this reads like a plan for just another app. I don't find it inspiring and, if it were my money, I wouldn't invest. The bigger picture is missing. Philosophically, I think it would be useful to bring some of this up to a higher level of abstraction. How does Datt change people's lives?\n\nHumanity thrives by fostering relationships. These relationships provide the enabling trading mechanism to help us bring together our varied resources, wants, and needs to be better-off - to lead happier lives. Humanity lags in achievement when everything is the same. It is our differences that help us aspire, give us choices, and lead to an overall improvement in our condition. This is why Apple's \"think differently\" campaign (<https:\/\/en.wikipedia.org\/wiki\/Think_different>) was so successful - it touched a nerve because of our nature. Humans love to be different.\n\nSocial media is all about fostering relationships. It's an incredibly inexpensive way to bring together a massive number of people with diverse interests to grow. Social media companies provide the environment (operating system, if you will) in which these relationships are developed and fostered... but also constrained. The constraints are intentionally put into place for two reasons: to control the ideas and to control the flow of money.\n\nThe people who run social media apps, therefore, get to set the rules (and, thus, the power structure) for how those relationships work. Ergo, if you control the environment, you control the distribution of power. The (tangible and intangible) rewards flow to those who have the power. Most all social media companies use advertising as their primary (and usually only) revenue source. The power structure then flows from advertisers to the centralized company who caters to the advertisers. Advertisers are at the top of the food chain. The power runs downhill. The users, at the lowest level of the power structure, enjoy the free rewards of \"bread and circuses\" (<https:\/\/en.wikipedia.org\/wiki\/Bread_and_circuses>) as long as the constraints are not breached.\n\nDatt flips this prevalent social media model on its head. The users now control both the ideas and the flow of money. It's a \"coloured revolution\" (<https:\/\/en.wikipedia.org\/wiki\/Colour_revolution>) enabled by technology. No violence required.\n\nMaking money is an important component for Datt, but it's never been the primary driver. We're not doing this for the love of money; we're doing it for the love of valuable relationships and ideas that lead to happier lives. We don't like feeling constrained, we don't like being controlled, and we don't like being used and sold as a product. We want more ability to express our differences, more opportunities to make our own choices, and more value from our relationships. We have a need that isn't being met elsewhere: we want more control over our own destinies. We're building this for ourselves.\n\nErgo, the primary driver of Datt is using technology to foster a revolution in relationships. Like inert energy stored in a confined environment, it is the system of controls that constrains the potential. Opening the operating system changes the controlling power structure and releases the potential. Datt: release your potential.\n\n&lt;\/soap-box&gt;",
        "ts": "1444656567.000041"
    },
    {
        "type": "message",
        "user": "U0C7XL86S",
        "text": "Hello everyone! Is anyone working on a ratings and reputation system for datt?",
        "ts": "1444663669.000042"
    },
    {
        "type": "message",
        "user": "U0AV4U333",
        "text": "<@U08CG8V89>: That\u2019s a strong and powerful picture. For the YC app they want explanations to be concrete",
        "ts": "1444667621.000043"
    },
    {
        "type": "message",
        "user": "U07GDL0H5",
        "text": "<@U08C464NS>: any prospective cofounders will be added later",
        "ts": "1444670800.000044"
    },
    {
        "type": "message",
        "user": "U07GDL0H5",
        "text": "agreed with <@U0AV4U333> ... i think your argument is awesome, <@U08CG8V89> , but for the YC app, they have to read a huge number of applications, and are basically interested in bullet points that explain what the project is and who is behind it.",
        "ts": "1444670923.000045"
    },
    {
        "type": "message",
        "user": "U0AV4U333",
        "text": "from a DM to <@U07GDL0H5> who suggested I paste it in <#C07GDL0Q7> to elicit discussion:\n\n&gt;&gt;&gt; \npraful [10:52 PM]\nalso are you targeting original content or posts to links?\n\npraful [10:52 PM]\ni.e. how would you allow people to monetize via links and do you want to be the next Medium or the next Reddit?\n\npraful [10:54 PM]\nalso I think you can manage your business accordingly: give the transactions for free to anyone but if people want to work in groups i.e. organizations you can create Etherum contracts that fairly pays out to each member based on a set of rules. Since you\u2019re an impartial mediator people will trust you for their contracts and you can take a cut from that.\n\npraful [10:55 PM]\nas you might have to rule when there are disputes and you can also have the payments come to your wallet directly where you link the member wallets so you can make auto-payments based on your outstanding contracts (edited)\n\npraful [10:56 PM]\nand a slick interface to manage payouts could be the way you outperform others in the market though I could be so incredibly wrong so would be interested in your thoughts",
        "edited": {
            "user": "U0AV4U333",
            "ts": "1444673841.000000"
        },
        "ts": "1444673808.000046"
    },
    {
        "type": "message",
        "user": "U07GDL0H5",
        "text": "interesting to see how rapidly these companies achieved 1 million users: <http:\/\/www.businessinsider.com\/one-million-users-startups-2012-1?op=1>",
        "attachments": [
            {
                "service_name": "Business Insider",
                "title": "Here's How Long It Took 15 Hot Startups To Get 1,000,000 Users",
                "title_link": "http:\/\/www.businessinsider.com\/one-million-users-startups-2012-1?op=1",
                "text": "Facebook reached 1 million users in 10 months. That seems pretty slow now-a-days.",
                "fallback": "Business Insider: Here's How Long It Took 15 Hot Startups To Get 1,000,000 Users",
                "image_url": "http:\/\/static5.businessinsider.com\/image\/4ec67f05ecad04193d000001\/heres-how-long-it-took-15-hot-startups-to-get-1000000-users.jpg",
                "from_url": "http:\/\/www.businessinsider.com\/one-million-users-startups-2012-1?op=1",
                "image_width": 334,
                "image_height": 250,
                "image_bytes": 40083,
                "id": 1
            }
        ],
        "ts": "1444681813.000048"
    },
    {
        "type": "message",
        "user": "U0AV4U333",
        "text": "depends on the seed amount",
        "ts": "1444683253.000050"
    },
    {
        "type": "message",
        "user": "U0AV4U333",
        "text": "if you seed it at 1,000 people i.e. need 1,000x growth for 27 months you need 29.20 or ~30% week over week growth",
        "edited": {
            "user": "U0AV4U333",
            "ts": "1444683377.000000"
        },
        "ts": "1444683291.000051"
    },
    {
        "type": "message",
        "user": "U0AV4U333",
        "text": "<https:\/\/docs.google.com\/spreadsheets\/d\/1edwlLdyhNBejWpJg-vPbjaEJGOfXtM3qbhQNAElvIGA\/edit#gid=269155907>",
        "ts": "1444683470.000053",
        "reactions": [
            {
                "name": "+1",
                "users": [
                    "U08EZP01H",
                    "U08FELZL7"
                ],
                "count": 2
            }
        ]
    },
    {
        "type": "message",
        "user": "U0AV4U333",
        "text": "will show how to think about growth",
        "ts": "1444683491.000054"
    },
    {
        "type": "message",
        "user": "U0AV4U333",
        "text": "you guys can play around with the numbers",
        "ts": "1444686129.000055"
    },
    {
        "type": "message",
        "user": "U08C464NS",
        "text": "<@U07GDL0H5>: twitter taking 24 months to reach 1million seems surprising to me",
        "ts": "1444686702.000056"
    },
    {
        "type": "message",
        "user": "U08C464NS",
        "text": "I think we have a much harder task since it involves a complete rethinking for the user",
        "ts": "1444686758.000057"
    },
    {
        "type": "message",
        "user": "U0AV4U333",
        "text": "twitter also required a rethink as well",
        "ts": "1444686808.000058"
    },
    {
        "type": "message",
        "user": "U0AV4U333",
        "text": "that\u2019s why it\u2019s vital to review growth numbers weekly or at least biweekly",
        "ts": "1444686830.000059"
    },
    {
        "type": "message",
        "user": "U0AV4U333",
        "text": "you want to really push on weekly growth numbers",
        "ts": "1444686846.000060"
    },
    {
        "type": "message",
        "user": "U0AV4U333",
        "text": ".1% makes a significant difference if sustained",
        "ts": "1444686856.000061"
    },
    {
        "type": "message",
        "user": "U0AV4U333",
        "text": "<http:\/\/www.paulgraham.com\/growth.html>",
        "ts": "1444686876.000062"
    },
    {
        "type": "message",
        "user": "U07GDL0H5",
        "text": "<@U08C464NS>: if we correctly incentivize the users with payments, i.e. they somehow clearly earn more money by bringing on other users, we may be able to grow faster than twitter",
        "ts": "1444688096.000063"
    },
    {
        "type": "message",
        "user": "U07GDL0H5",
        "text": "i.e., imagine it costs $5 to create an identity, and if you recruit a new user, you get 80% of that.",
        "ts": "1444688121.000064"
    },
    {
        "type": "message",
        "user": "U07GDL0H5",
        "text": "we have a huge number of product and community ideas which we should spend more time working out after the prototype, and figuring out the incentives will be a key part of that",
        "ts": "1444688158.000065"
    },
    {
        "type": "message",
        "user": "U08C464NS",
        "text": "yeah, exactly. Also, since we're asking users to actually pay to get involved, the actual content and community needs to be as good as or better than any alternatives",
        "ts": "1444688227.000066"
    },
    {
        "type": "message",
        "user": "U07GDL0H5",
        "text": "yep, also another a problem that is theoretically solved by getting the incentives right. if people are actually being paid, then, in theory, they will create better content.",
        "ts": "1444688275.000067"
    },
    {
        "type": "message",
        "user": "U08C464NS",
        "text": "I'm hoping that us in this chat can kick it off in the right direction",
        "ts": "1444688311.000068"
    },
    {
        "type": "message",
        "user": "U0AV4U333",
        "text": "I\u2019m wondering if you can make a business without taking a transaction fee for most P2P transactions",
        "ts": "1444688426.000069"
    },
    {
        "type": "message",
        "user": "U0AV4U333",
        "text": "you only take a fee when there\u2019s a need for organizational support",
        "ts": "1444688440.000070"
    },
    {
        "type": "message",
        "user": "U08C464NS",
        "text": "and away from some horrible spamfest of companies who can afford to pay",
        "ts": "1444688460.000071"
    },
    {
        "type": "message",
        "user": "U0AV4U333",
        "text": "I would assume for majority of the content we\u2019re looking at 0 cost",
        "ts": "1444688461.000072"
    },
    {
        "type": "message",
        "user": "U0AV4U333",
        "text": "so this org would be making money on minority of the content",
        "ts": "1444688485.000073"
    },
    {
        "type": "message",
        "user": "U0AV4U333",
        "text": "<@U07GDL0H5>: Another strong point for YC they want to know your core metric",
        "ts": "1444688498.000074"
    },
    {
        "type": "message",
        "user": "U0AV4U333",
        "text": "so you need to decide is it # users, # unique visits, # original content, # unique content, etc.",
        "ts": "1444688518.000075"
    },
    {
        "type": "message",
        "user": "U0AV4U333",
        "text": "you can measure a few metrics",
        "ts": "1444688533.000076"
    },
    {
        "type": "message",
        "user": "U08C464NS",
        "text": "<@U07GDL0H5>: would be good to get Ed Snowden on board :wink: since he's now on twitter",
        "ts": "1444688534.000077"
    },
    {
        "type": "message",
        "user": "U0AV4U333",
        "text": "but you need to benchmark yourself *against* one",
        "edited": {
            "user": "U0AV4U333",
            "ts": "1444688602.000000"
        },
        "ts": "1444688539.000078"
    },
    {
        "type": "message",
        "user": "U08C464NS",
        "text": "I think he'd understand the importance",
        "ts": "1444688545.000080"
    },
    {
        "type": "message",
        "user": "U0AV4U333",
        "text": "celebrity endorsements like PR is good once you get your audience",
        "ts": "1444688563.000081"
    },
    {
        "type": "message",
        "user": "U0AV4U333",
        "text": "it hurts you until you have an *audience* fit",
        "edited": {
            "user": "U0AV4U333",
            "ts": "1444688584.000000"
        },
        "ts": "1444688570.000082"
    },
    {
        "type": "message",
        "user": "U0AV4U333",
        "text": "then everything becomes a growth driver",
        "ts": "1444688618.000085"
    },
    {
        "type": "message",
        "user": "U0AV4U333",
        "text": "you know you have a fit when there\u2019s consistent and clear growth in your core metric with an approximate curve forming",
        "ts": "1444688675.000086"
    },
    {
        "type": "message",
        "user": "U0AV4U333",
        "text": "&gt; initially growth looks like a sine wave + exponential curve \n\u2014 PG",
        "edited": {
            "user": "U0AV4U333",
            "ts": "1444688705.000000"
        },
        "ts": "1444688694.000087"
    },
    {
        "type": "message",
        "user": "U07GDL0H5",
        "text": "it's pretty amazing that ed snoweden has 1.47 million followers on twitter - he only signed up like a couple of weeks ago",
        "ts": "1444691400.000090"
    },
    {
        "type": "message",
        "user": "U08F438SK",
        "text": "I would argue the most important metric is the number of users who are earning benchmark amounts monthly ($1, $5, $25, $125), but especially in beginning cheaper metrics will be important ",
        "ts": "1444703862.000091"
    },
    {
        "type": "message",
        "user": "U0AV4U333",
        "text": "the metric then is money transacted through system",
        "ts": "1444704197.000092"
    },
    {
        "type": "message",
        "user": "U0AV4U333",
        "text": "you can break it down by tiers but the core metric is *bitcoins transacted*",
        "ts": "1444704227.000093"
    },
    {
        "type": "message",
        "user": "U0AV4U333",
        "text": "<@U07GDL0H5>: close to completing app?",
        "ts": "1444704251.000094"
    },
    {
        "type": "message",
        "user": "U0AV4U333",
        "text": "we should run an experiment with <http:\/\/freedom.press> as the site matures",
        "edited": {
            "user": "U0AV4U333",
            "ts": "1444704397.000000"
        },
        "ts": "1444704392.000095"
    },
    {
        "type": "message",
        "user": "U07GDL0H5",
        "text": "yes, will submit tomorrow night. deadline is 8pm.",
        "ts": "1444704608.000097"
    },
    {
        "type": "message",
        "user": "U07GDL0H5",
        "text": "still need to record a video.",
        "ts": "1444704613.000098"
    },
    {
        "type": "message",
        "user": "U08ELNFTP",
        "text": "if you want me to throw together something nice and quick in iMovie (as in an intro and outro with title cards and such) I\u2019m more than happy to",
        "ts": "1444709477.000099"
    }
]