[
    {
        "type": "message",
        "user": "U07GDL0H5",
        "text": "clef has made their employee handbook open-source, it's pretty good: <https:\/\/github.com\/clef\/handbook>",
        "attachments": [
            {
                "service_name": "GitHub",
                "title": "clef\/handbook",
                "title_link": "https:\/\/github.com\/clef\/handbook",
                "text": "An employee handbook built for inclusion",
                "fallback": "GitHub: clef\/handbook",
                "thumb_url": "https:\/\/avatars1.githubusercontent.com\/u\/2085655?v=3&s=400",
                "from_url": "https:\/\/github.com\/clef\/handbook",
                "thumb_width": 400,
                "thumb_height": 400,
                "id": 1
            }
        ],
        "ts": "1444324787.000020"
    }
]