[
    {
        "type": "message",
        "user": "U07GDL0H5",
        "text": "Friends, I'm considering changing the name of Datt for two reasons:\n- \"Datt\" means nothing to normal people\n- I don't own the .com\n\nI've bought a bunch of .coms that are potentially better than Datt for reaching a mainstream audience. I've created some examples of the landing pages for each of them. Lemme know your favorites and any other thoughts you have:\n<http:\/\/datt.co\/authorfunder.html>\n<http:\/\/datt.co\/blocksay.html>\n<http:\/\/datt.co\/creatorfunder.html>\n<http:\/\/datt.co\/earntell.html>\n<http:\/\/datt.co\/gemfunder.html>\n<http:\/\/datt.co\/infofunder.html>\n<http:\/\/datt.co\/profitsay.html>\n<http:\/\/datt.co\/saypayer.html>\n<http:\/\/datt.co\/thedatt.html>\n<http:\/\/datt.co\/wordfunder.html>",
        "ts": "1445466922.000122"
    },
    {
        "type": "message",
        "user": "U07GDL0H5",
        "text": "Here are some relevant articles from Paul Graham:\n<http:\/\/aux.messymatters.com\/pgnames.html>\n<http:\/\/messymatters.com\/nominology\/>\n<http:\/\/www.paulgraham.com\/name.html>",
        "attachments": [
            {
                "text": "Nominology is my neologism for the study of naming things. I\u2019m that good at it! Or at least I think I know good names when I see them. To some ex...",
                "fallback": "Nominology is my neologism for the study of naming things. I\u2019m that good at it! Or at least I think I know good names when I see them. To some ex...",
                "from_url": "http:\/\/messymatters.com\/nominology\/",
                "id": 1
            }
        ],
        "ts": "1445467004.000123"
    },
    {
        "type": "message",
        "user": "U07GDL0H5",
        "text": "All of the names except \"Blocksay\" place the emphasis on content and payments, and not on decentralization. That is because I think normal people understand payments, but they don't understand the blockchain or bitcoin, and they don't understand decentralized apps.",
        "ts": "1445467057.000125"
    },
    {
        "type": "message",
        "user": "U07GDL0H5",
        "text": "Also \"The Datt\" is a joke, but I do own <http:\/\/thedatt.com|thedatt.com> :simple_smile:",
        "ts": "1445467183.000126"
    },
    {
        "type": "message",
        "user": "U08EZP01H",
        "text": "Gemfunder stands out the most to me, along with earntell and blocksay.",
        "ts": "1445468784.000127"
    },
    {
        "type": "message",
        "user": "U07GDL0H5",
        "text": "awesome thanks :simple_smile:",
        "ts": "1445468891.000128"
    },
    {
        "type": "message",
        "user": "U07GDL0H5",
        "text": "two more:\n<http:\/\/datt.co\/telefunder.html>\n<http:\/\/datt.co\/fundsay.html>",
        "attachments": [
            {
                "text": "Telefunder",
                "fallback": "Telefunder",
                "from_url": "http:\/\/datt.co\/telefunder.html",
                "id": 1
            },
            {
                "text": "Fundsay",
                "fallback": "Fundsay",
                "from_url": "http:\/\/datt.co\/fundsay.html",
                "id": 2
            }
        ],
        "ts": "1445471192.000129"
    },
    {
        "type": "message",
        "user": "U07GDL0H5",
        "text": "it's easier than i realized come up with millions of these. all the one word .coms are taken but there are plenty of two word .coms available.",
        "ts": "1445471724.000131"
    },
    {
        "type": "message",
        "user": "U07GDL0H5",
        "text": "i think it will be possible to come up with one that matches this entire list of desirable properties: <http:\/\/messymatters.com\/nominology\/>",
        "attachments": [
            {
                "text": "Nominology is my neologism for the study of naming things. I\u2019m that good at it! Or at least I think I know good names when I see them. To some ex...",
                "fallback": "Nominology is my neologism for the study of naming things. I\u2019m that good at it! Or at least I think I know good names when I see them. To some ex...",
                "from_url": "http:\/\/messymatters.com\/nominology\/",
                "id": 1
            }
        ],
        "ts": "1445471764.000132",
        "reactions": [
            {
                "name": "+1",
                "users": [
                    "U08ERPTQF",
                    "U08FELZL7"
                ],
                "count": 2
            }
        ]
    },
    {
        "type": "message",
        "user": "U07GDL0H5",
        "text": "three more:\n<http:\/\/datt.co\/earnbuild.html>\n<http:\/\/datt.co\/earnmade.html>\n<http:\/\/datt.co\/earnforge.html>",
        "attachments": [
            {
                "text": "Earnbuild",
                "fallback": "Earnbuild",
                "from_url": "http:\/\/datt.co\/earnbuild.html",
                "id": 1
            },
            {
                "text": "Earnmade",
                "fallback": "Earnmade",
                "from_url": "http:\/\/datt.co\/earnmade.html",
                "id": 2
            },
            {
                "text": "Earnforge",
                "fallback": "Earnforge",
                "from_url": "http:\/\/datt.co\/earnforge.html",
                "id": 3
            }
        ],
        "ts": "1445472702.000134"
    },
    {
        "type": "message",
        "user": "U07GDL0H5",
        "text": "\"Earnforge is a community where people view great content and pay the creators, and people post great content and get paid for their creations.\"\n\"Earnforge is a clan where tribespeople forge great scrolls, gild wise scribes, and form links into the depths of the wild internet.\"",
        "ts": "1445472900.000136"
    },
    {
        "type": "message",
        "user": "U08C464NS",
        "text": "I don't think .com domains are the most important thing. If the product is good enough (and the name isn't too hard to remember), people will use whatever",
        "ts": "1445473294.000137"
    },
    {
        "type": "message",
        "user": "U08C464NS",
        "text": "I like Datt personally. It's short, easy to remember. We could always get the .com later down the road. <http:\/\/Datt.com|Datt.com> isn't being used, so I'm sure it's for sale",
        "ts": "1445473415.000138"
    },
    {
        "type": "message",
        "user": "U07GDL0H5",
        "text": "i agree, datt is not bad and i would probably not be looking for a different name if i had the .com",
        "ts": "1445473485.000141"
    },
    {
        "type": "message",
        "user": "U07GDL0H5",
        "text": "yes, i know it's for sale, i'm alread in touch with them, and i don't know how much they want, but it's more than i offered :simple_smile:",
        "ts": "1445473500.000142"
    },
    {
        "type": "message",
        "user": "U07GDL0H5",
        "text": "look at the list of what qualifies a good name, though ... besidies not currently owning the .com, it's missing one important thing, which is that normal people have no idea what it means",
        "ts": "1445473558.000143"
    },
    {
        "type": "message",
        "user": "U08C464NS",
        "text": "same was true with google",
        "ts": "1445473575.000144"
    },
    {
        "type": "message",
        "user": "U08C464NS",
        "text": "or a \"reddit\"",
        "ts": "1445473582.000145"
    },
    {
        "type": "message",
        "user": "U08C464NS",
        "text": "even \"sedo\" the domain marketplace is a made up word. it's the biggest domain market",
        "ts": "1445473630.000146"
    },
    {
        "type": "message",
        "user": "U07GDL0H5",
        "text": "agreed, product is the most important thing. having a great name is an asset.",
        "ts": "1445473697.000147"
    },
    {
        "type": "message",
        "user": "U08C464NS",
        "text": "I think \"datt\" as an acronym is important too because it hints at more than just a decentralized reddit\/publishing platform. It could be the start of the new wave of truly decentralized browser apps",
        "ts": "1445473859.000149"
    },
    {
        "type": "message",
        "user": "U07GDL0H5",
        "text": "but <http:\/\/datt.co|datt.co> is about 1\/100th as good as <http:\/\/datt.com|datt.com>",
        "ts": "1445473934.000150"
    },
    {
        "type": "message",
        "user": "U08C464NS",
        "text": "you still have <http:\/\/datt.net|datt.net> \"The Datt Network\"",
        "ts": "1445473952.000151"
    },
    {
        "type": "message",
        "user": "U07GDL0H5",
        "text": "one more:\n<http:\/\/datt.co\/gildforge.html>",
        "attachments": [
            {
                "text": "Gildforge",
                "fallback": "Gildforge",
                "from_url": "http:\/\/datt.co\/gildforge.html",
                "id": 1
            }
        ],
        "ts": "1445474058.000152"
    },
    {
        "type": "message",
        "user": "U07GDL0H5",
        "text": "another option is for \"datt\" to continue to mean the Open-Source, Decentralized Protocol - meanwhile, the user-facing app has a name that means something to a mainstream audience",
        "ts": "1445474103.000154"
    },
    {
        "type": "message",
        "user": "U08C464NS",
        "text": "that could work",
        "ts": "1445474247.000155"
    },
    {
        "type": "message",
        "user": "U08C464NS",
        "text": "what has changed recently to where you're thinking about the name?",
        "ts": "1445474270.000156"
    },
    {
        "type": "message",
        "user": "U07GDL0H5",
        "text": "i think it was applying to YC and re-reading some of the stuff about names from Paul Graham",
        "ts": "1445474289.000157"
    },
    {
        "type": "message",
        "user": "U07GDL0H5",
        "text": "also i've talked with a few people and had to explain what datt is ... it's clear that the name doesn't help",
        "ts": "1445474324.000158"
    },
    {
        "type": "message",
        "user": "U08C464NS",
        "text": "that could be the answer. make a clear distinction between the protocol and the first app",
        "ts": "1445474325.000159"
    },
    {
        "type": "message",
        "user": "U08C464NS",
        "text": "I think his point on securing the .com as a show of power makes sense",
        "ts": "1445474569.000160"
    },
    {
        "type": "message",
        "user": "U08C464NS",
        "text": "you might not be far off the <http:\/\/datt.com|datt.com> asking price. that would be sweet to have a 4 letter .com",
        "ts": "1445474612.000161"
    },
    {
        "type": "message",
        "user": "U08C464NS",
        "text": "maybe they'd accept bitcoin?",
        "ts": "1445474633.000162"
    },
    {
        "type": "message",
        "user": "U07GDL0H5",
        "text": "dunno, i will probably inquire when\/if i raise money",
        "ts": "1445474674.000163"
    },
    {
        "type": "message",
        "user": "U08F438SK",
        "text": "FWIW, I don't think it will hurt to change name as it is not self-evident, but agree W\/ <@U08C464NS> that the .com and name is less important than product",
        "ts": "1445478455.000164"
    },
    {
        "type": "message",
        "user": "U07GDL0H5",
        "text": "i assessed each name: <https:\/\/github.com\/dattnetwork\/dattdocs\/blob\/master\/general\/names.md>",
        "attachments": [
            {
                "service_name": "GitHub",
                "title": "dattnetwork\/dattdocs",
                "title_link": "https:\/\/github.com\/dattnetwork\/dattdocs\/blob\/master\/general\/names.md",
                "text": "dattdocs - Datt Documentation",
                "fallback": "GitHub: dattnetwork\/dattdocs",
                "thumb_url": "https:\/\/avatars0.githubusercontent.com\/u\/13266895?v=3&s=400",
                "from_url": "https:\/\/github.com\/dattnetwork\/dattdocs\/blob\/master\/general\/names.md",
                "thumb_width": 214,
                "thumb_height": 214,
                "id": 1
            }
        ],
        "ts": "1445484448.000165"
    },
    {
        "type": "message",
        "user": "U07GDL0H5",
        "text": "the \"winner\" is fundsay, which gets a top score in every category",
        "ts": "1445484459.000167"
    },
    {
        "type": "message",
        "user": "U07GDL0H5",
        "text": "i'm personally also partial to fundbelieve and gildforge",
        "ts": "1445484486.000168"
    },
    {
        "type": "message",
        "user": "U0AV4U333",
        "text": "<@U07GDL0H5>: I would avoid spending too much time on the name",
        "ts": "1445490355.000171"
    },
    {
        "type": "message",
        "user": "U0AV4U333",
        "text": "it makes no difference to your early adopters",
        "ts": "1445490362.000172"
    },
    {
        "type": "message",
        "user": "U0AV4U333",
        "text": "and it\u2019s time consuming",
        "ts": "1445490365.000173"
    },
    {
        "type": "message",
        "user": "U07GDL0H5",
        "text": "so pick your favorite, it's a sunk cost at this point :simple_smile:",
        "ts": "1445490388.000174"
    },
    {
        "type": "message",
        "user": "U0AV4U333",
        "text": "we were initially derivative\/d (which is incredibly difficult to spell, understand, and incomprehensible to anyone that has no idea about math AND *nix)",
        "ts": "1445490412.000175"
    },
    {
        "type": "message",
        "user": "U0AV4U333",
        "text": "now we\u2019re <http:\/\/shotput.com|shotput.com>",
        "ts": "1445490418.000176"
    },
    {
        "type": "message",
        "user": "U07GDL0H5",
        "text": "so when did you choose to invest in figuring out a new name?",
        "ts": "1445490473.000177"
    },
    {
        "type": "message",
        "user": "U0AV4U333",
        "text": "we timeboxed it and then my co-founder led the search",
        "ts": "1445490489.000178"
    },
    {
        "type": "message",
        "user": "U0AV4U333",
        "text": "it was sometime in the middle of YC",
        "ts": "1445490500.000179"
    },
    {
        "type": "message",
        "user": "U0AV4U333",
        "text": "it was getting to the point we were unable to close sales because people could never get to our website to sign up (we were calling customers)",
        "edited": {
            "user": "U0AV4U333",
            "ts": "1445490534.000000"
        },
        "ts": "1445490524.000180"
    },
    {
        "type": "message",
        "user": "U0AV4U333",
        "text": "anyway for what its worth you should focus on the aspect of writing and creating",
        "ts": "1445490559.000182"
    },
    {
        "type": "message",
        "user": "U0AV4U333",
        "text": "the funding is secondary i.e. an enabler",
        "ts": "1445490581.000183"
    },
    {
        "type": "message",
        "user": "U0AV4U333",
        "text": "so putting focus on the funding in the name might steer the people who are passionate about writing away",
        "ts": "1445490620.000184"
    },
    {
        "type": "message",
        "user": "U0AV4U333",
        "text": "people might think \u201chmm I\u2019m unsure if I have something worth money\u201d",
        "ts": "1445490644.000185"
    },
    {
        "type": "message",
        "user": "U0AV4U333",
        "text": "I could be wrong though",
        "ts": "1445490659.000186"
    },
    {
        "type": "message",
        "user": "U07GDL0H5",
        "text": "i think if we focused exclusively on writing, then we're going head-to-head with medium without emphasizing the most important distinguisher",
        "ts": "1445490695.000187"
    },
    {
        "type": "message",
        "user": "U07GDL0H5",
        "text": "what do you think about having the .com or not?",
        "ts": "1445490715.000188"
    },
    {
        "type": "message",
        "user": "U0AV4U333",
        "text": "it\u2019s fine to compete against medium as that\u2019s what you\u2019re ultimately doing anyway",
        "ts": "1445490829.000189"
    },
    {
        "type": "message",
        "user": "U0AV4U333",
        "text": "medium is just one channel for digital content (though they\u2019re definitely doing well)",
        "ts": "1445490855.000190"
    },
    {
        "type": "message",
        "user": "U0AV4U333",
        "text": ".com is important but more important is users",
        "ts": "1445490865.000191"
    },
    {
        "type": "message",
        "user": "U0AV4U333",
        "text": "all effort should be going into building the community over everything",
        "ts": "1445490877.000192"
    },
    {
        "type": "message",
        "user": "U0AV4U333",
        "text": "reddit is nothing",
        "ts": "1445490884.000193"
    },
    {
        "type": "message",
        "user": "U0AV4U333",
        "text": "I get what it sounds like but still that\u2019s an after effect of being successful",
        "ts": "1445490905.000194"
    },
    {
        "type": "message",
        "user": "U0AV4U333",
        "text": "or Google or Yahoo",
        "ts": "1445490910.000195"
    }
]