[
    {
        "type": "message",
        "user": "U08F31MGX",
        "text": "If we did text only then people will just start UUencoding\/MIME encoding text messages a la usenet\/email. <https:\/\/dattnetwork.slack.com\/archives\/storage\/p1438663120000026>",
        "attachments": [
            {
                "color": "4D394B",
                "from_url": "https:\/\/dattnetwork.slack.com\/archives\/storage\/p1438663120000026",
                "fallback": "[August 3rd, 2015 9:38 PM] genevayngrib: <@U08ERPTQF>: I thought the decision was made to only store the textual data, so it is much less of an issue. I understand that people can still use all of sorts of encoding for images.",
                "author_subname": "genevayngrib",
                "ts": 1438663120,
                "text": "<@U08ERPTQF>: I thought the decision was made to only store the textual data, so it is much less of an issue. I understand that people can still use all of sorts of encoding for images.",
                "author_name": "Gene Vayngrib",
                "author_link": "https:\/\/dattnetwork.slack.com\/team\/genevayngrib",
                "author_icon": "https:\/\/s3-us-west-2.amazonaws.com\/slack-files2\/avatars\/2015-07-31\/8500062871_a8dfc7a3e37439a07ea6_48.jpg",
                "mrkdwn_in": [
                    "text"
                ],
                "id": 1
            }
        ],
        "ts": "1438957232.000047"
    },
    {
        "type": "message",
        "user": "U08F31MGX",
        "text": "Intentionally hobbling the technology will only hinder it's adoption, not it's capability",
        "ts": "1438957267.000049"
    },
    {
        "type": "message",
        "user": "U08F31MGX",
        "text": "Researching this stuff makes me want to go get a masters in Mathematics so I can brush up on my algebraic structures",
        "ts": "1438957359.000050"
    },
    {
        "type": "message",
        "user": "U08F31MGX",
        "text": "They never taught groups, rings, lattices, or modules for my undergrad degree ;_;",
        "ts": "1438957383.000051"
    }
]