[
    {
        "type": "message",
        "user": "U07GDL0H5",
        "text": "\"The word Datt is derived from the Hindi word daata meaning a charitable person.\" <https:\/\/en.wikipedia.org\/wiki\/Datt>",
        "ts": "1443375844.000048"
    },
    {
        "type": "message",
        "user": "U08BZE91C",
        "text": "Datts interesting ",
        "ts": "1443376085.000049",
        "reactions": [
            {
                "name": "joy",
                "users": [
                    "U08MAKT70"
                ],
                "count": 1
            }
        ]
    }
]