[
    {
        "user": "U07GDL0H5",
        "type": "message",
        "subtype": "channel_join",
        "text": "<@U07GDL0H5|ryanxcharles> has joined the channel",
        "ts": "1438655651.000002"
    },
    {
        "user": "U08ELNFTP",
        "type": "message",
        "subtype": "channel_join",
        "text": "<@U08ELNFTP|tonysakich> has joined the channel",
        "ts": "1438656553.000003"
    },
    {
        "user": "U08ERPTQF",
        "type": "message",
        "subtype": "channel_join",
        "text": "<@U08ERPTQF|paul_xbt> has joined the channel",
        "ts": "1438656657.000004"
    },
    {
        "user": "U08CFV27P",
        "type": "message",
        "subtype": "channel_join",
        "text": "<@U08CFV27P|wilfra> has joined the channel",
        "ts": "1438656671.000005"
    },
    {
        "user": "U08E2KZM4",
        "type": "message",
        "subtype": "channel_join",
        "text": "<@U08E2KZM4|genevayngrib> has joined the channel",
        "ts": "1438656675.000006"
    },
    {
        "user": "U08F31MGX",
        "type": "message",
        "subtype": "channel_join",
        "text": "<@U08F31MGX|fractaloop> has joined the channel",
        "ts": "1438656699.000007"
    },
    {
        "user": "U08CG8V89",
        "type": "message",
        "subtype": "channel_join",
        "text": "<@U08CG8V89|c_prompt> has joined the channel",
        "ts": "1438656727.000008"
    },
    {
        "user": "U08D7E99Q",
        "type": "message",
        "subtype": "channel_join",
        "text": "<@U08D7E99Q|chjj> has joined the channel",
        "ts": "1438656799.000009"
    },
    {
        "type": "message",
        "user": "U08ERPTQF",
        "text": "I'm wondering how we can 'bootstrap' a community in a way that isn't \"Hey you should leave Reddit and come to Datt\" or \"Show HN: We're a distributed Reddit\/Medium\/whatever\"...",
        "ts": "1438656800.000010"
    },
    {
        "user": "U08BY8MGV",
        "type": "message",
        "subtype": "channel_join",
        "text": "<@U08BY8MGV|bradkam> has joined the channel",
        "ts": "1438657335.000011"
    },
    {
        "type": "message",
        "user": "U07GDL0H5",
        "text": "agreed <@U08ERPTQF> that is an important problem. i think community is probably the *hardest* problem of all. <@U08FELZL7> had some excellent ideas about how to do this that hopefully he can share here",
        "ts": "1438657566.000012"
    },
    {
        "type": "message",
        "user": "U08BY8MGV",
        "text": "I'd like to just narrow in on bitcoin users and show good content. Maybe see if Zapchain would be willing to syndicate theirs. If they post it, they drive traffic to <http:\/\/zapchain.com|zapchain.com> and get some money :simple_smile:",
        "ts": "1438657568.000013"
    },
    {
        "user": "U08FELZL7",
        "inviter": "U07GDL0H5",
        "type": "message",
        "subtype": "channel_join",
        "text": "<@U08FELZL7|yungdegeneres> has joined the channel",
        "ts": "1438657573.000014"
    },
    {
        "type": "message",
        "user": "U07GDL0H5",
        "text": "basically we should start by targeting the most relevant communities: 1) disaffected reddit users, 2) people interested in decentralized technologies, 3) bitcoin ... and also other highly related subjects: science, technology, libertarianism",
        "ts": "1438657626.000015"
    },
    {
        "type": "message",
        "user": "U07GDL0H5",
        "text": "his idea (please correct me if i'm wrong) was to focus more on high quality content rather than funny GIFs",
        "ts": "1438657642.000016"
    },
    {
        "type": "message",
        "user": "U07GDL0H5",
        "text": "also a subject that keeps coming up is journalis",
        "ts": "1438657681.000017"
    },
    {
        "type": "message",
        "user": "U07GDL0H5",
        "text": "journalism",
        "ts": "1438657684.000018"
    },
    {
        "type": "message",
        "user": "U07GDL0H5",
        "text": "this technology may be most useful to amateur journalists who post an awesome story and then actually get paid for their journalism",
        "ts": "1438657703.000019"
    },
    {
        "type": "message",
        "user": "U08ELNFTP",
        "text": "yup",
        "ts": "1438657735.000020"
    },
    {
        "type": "message",
        "user": "U08ELNFTP",
        "text": "I love journalism, that\u2019s what I used when I talked about the project to USV, I think maybe a community based on citizen journalism?",
        "ts": "1438657759.000021"
    },
    {
        "type": "message",
        "user": "U08ELNFTP",
        "text": "and one maybe involving San Francisco news?",
        "ts": "1438657779.000022"
    },
    {
        "type": "message",
        "user": "U07GDL0H5",
        "text": "good point, SF would be the best place to start with \"local journalism\" because of the extremely active tech+bitcoin community",
        "ts": "1438657839.000023"
    },
    {
        "type": "message",
        "user": "U08ELNFTP",
        "text": "other ideas I was brainstorming about would be open source projects, one on torrents maybe",
        "ts": "1438657859.000024"
    },
    {
        "type": "message",
        "user": "U08ERPTQF",
        "text": "<@U07GDL0H5>: agree. Then there are the potential collaborations with IDEO or Media Lab to broaden the reach to their respective communities.",
        "ts": "1438657900.000025"
    },
    {
        "type": "message",
        "user": "U07GDL0H5",
        "text": "yes! i love the possible collaborations with IDEO and Media Lab and hope something comes of it",
        "ts": "1438657921.000026"
    },
    {
        "type": "message",
        "user": "U07GDL0H5",
        "text": "the technology could be great for artists",
        "ts": "1438657945.000027"
    },
    {
        "type": "message",
        "user": "U08ELNFTP",
        "text": "I\u2019m going to reach out to Shooter\u2026and I\u2019m supposed to be getting an introduction to Imogen Heap who is a fairly popular singer (about 2 million+ twitter followers), she\u2019s getting involved in decentralized tech and working with the Ethereum team <http:\/\/www.forbes.com\/sites\/georgehoward\/2015\/07\/28\/imogen-heap-gets-specific-about-mycelia-a-fair-trade-music-business-inspired-by-blockchain\/>",
        "attachments": [
            {
                "service_name": "Forbes",
                "title": "Imogen Heap Gets Specific About Mycelia: A Fair Trade Music Business Inspired By Blockchain",
                "title_link": "http:\/\/www.forbes.com\/sites\/georgehoward\/2015\/07\/28\/imogen-heap-gets-specific-about-mycelia-a-fair-trade-music-business-inspired-by-blockchain\/",
                "text": "Grammy-Award winning Artist, composer, and technologist, Imogen Heap lays out an expansive vision for Mycelia - her concept for how we can utilize the Blockchain to revision the Music Industry in a Fair Trade manner.",
                "fallback": "Forbes: Imogen Heap Gets Specific About Mycelia: A Fair Trade Music Business Inspired By Blockchain",
                "thumb_url": "http:\/\/blogs-images.forbes.com\/georgehoward\/files\/2015\/07\/J2A3157_retouched-1-e1438043807368.jpeg",
                "from_url": "http:\/\/www.forbes.com\/sites\/georgehoward\/2015\/07\/28\/imogen-heap-gets-specific-about-mycelia-a-fair-trade-music-business-inspired-by-blockchain\/",
                "thumb_width": 640,
                "thumb_height": 427,
                "id": 1
            }
        ],
        "ts": "1438657964.000028"
    },
    {
        "type": "message",
        "user": "U08ELNFTP",
        "text": "she\u2019s the kind of person that would be perfect to help build some of these communities and it wouldn\u2019t cost a thing most likely",
        "ts": "1438657979.000030"
    },
    {
        "type": "message",
        "user": "U07GDL0H5",
        "text": "awesome!",
        "ts": "1438657985.000031"
    },
    {
        "type": "message",
        "user": "U08ELNFTP",
        "text": "I think getting 10 communities that we try to build is the best way to start, and maybe go after communities that are on subreddits that have huge problems with mods",
        "ts": "1438658020.000032"
    },
    {
        "type": "message",
        "user": "U08ERPTQF",
        "text": "Well a large subreddit issue is around AMAs - but I don't think Datt is well placed to solve this",
        "ts": "1438658161.000033"
    },
    {
        "type": "message",
        "user": "U07GDL0H5",
        "text": "i think if we target any of reddit's commuties, we shouldn't really start with the largest ones. we'd have the most to gain by targeting \/r\/bitcoin and \/r\/decentralized and things like that to start",
        "ts": "1438658236.000034"
    },
    {
        "user": "U08EZP01H",
        "type": "message",
        "subtype": "channel_join",
        "text": "<@U08EZP01H|darrenm> has joined the channel",
        "ts": "1438659115.000035"
    },
    {
        "type": "message",
        "user": "U08EZP01H",
        "text": "crazytalk: crowdfund a content bounty",
        "ts": "1438659714.000036"
    },
    {
        "type": "message",
        "user": "U08ERPTQF",
        "text": "<@U08EZP01H>: that seems to be another perspective on the discussion yesterday about subscribing to authors you like - <https:\/\/dattnetwork.slack.com\/archives\/meta\/p1438491020000178>",
        "attachments": [
            {
                "color": "4D394B",
                "from_url": "https:\/\/dattnetwork.slack.com\/archives\/meta\/p1438491020000178",
                "fallback": "[August 1st, 2015 9:50 PM] paul_xbt: it's a bit like betting that that author's content is going to be awesome",
                "author_subname": "paul_xbt",
                "ts": "1438491020.000178",
                "text": "it's a bit like betting that that author's content is going to be awesome",
                "author_name": "Paul Salisbury",
                "author_link": "https:\/\/dattnetwork.slack.com\/team\/paul_xbt",
                "author_icon": "https:\/\/secure.gravatar.com\/avatar\/96cf283248628534fdee2cc0e690c360.jpg?s=48&d=https%3A%2F%2Fslack.global.ssl.fastly.net%2F66f9%2Fimg%2Favatars%2Fava_0020-48.png",
                "mrkdwn_in": [
                    "text"
                ],
                "id": 1
            }
        ],
        "ts": "1438659837.000037"
    },
    {
        "type": "message",
        "user": "U08ERPTQF",
        "text": "perhaps the crowdfunding element is akin to saying \"I'm going to post this content on the network soon - who's keen to provide a bounty?\"",
        "ts": "1438659905.000039"
    },
    {
        "type": "message",
        "user": "U08ERPTQF",
        "text": "otherwise once it is posted, anyone could add to the bounty",
        "ts": "1438659936.000040"
    },
    {
        "type": "message",
        "user": "U08EZP01H",
        "text": "Hrmm.. yea it's a great meta concept but practically implementing seems tricky",
        "ts": "1438660027.000041"
    },
    {
        "type": "message",
        "user": "U08ERPTQF",
        "text": "I think any variation of this idea is going to help 'gamify' posting quality content and make for stickier communities",
        "ts": "1438660054.000042"
    },
    {
        "type": "message",
        "user": "U08ERPTQF",
        "text": "<@U08EZP01H>: agree it's unlikely to be a day 1 feature, but hub &amp; spoke micropayment channels would enable this",
        "ts": "1438660143.000043"
    },
    {
        "type": "message",
        "user": "U08EZP01H",
        "text": "another way to build our communities could be putting shared marketing initiatives together with communities, like augur, open bazaar, backfeed. whenever someone has a press release or launch, we all push the same message",
        "ts": "1438660309.000044"
    },
    {
        "type": "message",
        "user": "U08BY8MGV",
        "text": "We could target smaller bitcoin publications like Newbtc or Cointelegraph. If they post, they make money and drive traffic to their site. We can use good content posted by creators that's already being published elsewhere. This would make our community posters compete with professionals and hopefully less likely to post lower quality content. The professional Poster is even more incentivized to post the best content on Datt because too many down votes could get them banned, a reputation blow that reverberates outside the community. Btc news sites post links for free. We pay them. We would be targeting Reddit consumers initially (r\/bitcoin etc), but a slightly different set of Posters.",
        "ts": "1438663816.000045"
    },
    {
        "type": "message",
        "user": "U08EZP01H",
        "text": "<@U08BY8MGV>: I like that line of thinking. To build on that idea, we could create on-boarding tools for the publishers we contact. Perhaps that can be done with <@U08ERPTQF> 's IFTTT concept.",
        "ts": "1438664069.000046"
    },
    {
        "type": "message",
        "user": "U08BY8MGV",
        "text": "I think initially you just tell them to create an account and post. They'll start getting money and traffic without doing anything else.",
        "ts": "1438664158.000047"
    },
    {
        "type": "message",
        "user": "U08ERPTQF",
        "text": "I've started an <#C08HVDJ4S> channel to expand on ideas to get content in and out of Datt",
        "ts": "1438664214.000048"
    },
    {
        "type": "message",
        "user": "U08ERPTQF",
        "text": "<@U08BY8MGV>: smaller pubs like cointelegraph might, but it's interesting to think about smoother integrations for larger pubs too",
        "ts": "1438664290.000049"
    },
    {
        "type": "message",
        "user": "U08EZP01H",
        "text": "<@U08BY8MGV>: That's a good point. Compared to advertising, this works much better. All day my mind goes back and for between, \"How can you grow the community\" and \"they're getting paid for it!\".",
        "ts": "1438664322.000050"
    },
    {
        "type": "message",
        "user": "U08ELNFTP",
        "text": "I do think we need to be sure not to focus too tightly on related decentralized technologies though, it\u2019s just as important that we get \u201ceveryday users\u201d because they are the word of mouth that matters so much",
        "ts": "1438664325.000051",
        "reactions": [
            {
                "name": "+1",
                "users": [
                    "U08EZP01H",
                    "U08ERPTQF"
                ],
                "count": 2
            }
        ]
    },
    {
        "type": "message",
        "user": "U08EZP01H",
        "text": "<@U08ELNFTP>: That's huge. If we think we 'only' can go after niches, that self-fulfills anyway.",
        "ts": "1438664371.000052"
    },
    {
        "type": "message",
        "user": "U08BY8MGV",
        "text": "Also, even more good news. Bitcoin isn't niche anymore. Every major financial publication writes about it all the time",
        "ts": "1438664457.000053"
    },
    {
        "type": "message",
        "user": "U08ELNFTP",
        "text": "I have some communities that may shock people, but some that really could work (juggalos, conspiracy theorists\/godlikeproductions.com type people, former SomethingAwful fans who left when they started charging)",
        "edited": {
            "user": "U08ELNFTP",
            "ts": "1438664479.000000"
        },
        "ts": "1438664470.000054"
    },
    {
        "type": "message",
        "user": "U08BY8MGV",
        "text": "They aren't as interested in other cryptocurrency content though",
        "ts": "1438664481.000056"
    },
    {
        "type": "message",
        "user": "U08ELNFTP",
        "text": "here\u2019s the thing though, datt really could be a bridge technology to get people into crypto content\u2026. incentivizing reporting and quality content in these scenes with money is something unprecidented",
        "ts": "1438664574.000057",
        "reactions": [
            {
                "name": "+1",
                "users": [
                    "U07GDL0H5",
                    "U08ERPTQF"
                ],
                "count": 2
            }
        ]
    },
    {
        "type": "message",
        "user": "U08ELNFTP",
        "text": "I think there\u2019s enough cool communities we could open up to in both, along with countries with severe censorship issues.",
        "ts": "1438664649.000058",
        "reactions": [
            {
                "name": "+1",
                "users": [
                    "U08EZP01H"
                ],
                "count": 1
            }
        ]
    },
    {
        "type": "message",
        "user": "U08ELNFTP",
        "text": "I love this brainstorming and just saying random ideas though, this is usually how great stuff gets noticed!",
        "ts": "1438664670.000059"
    },
    {
        "type": "message",
        "user": "U08ERPTQF",
        "text": "<@U08ELNFTP>: absolutely agree we need to bridge mainstream publishers\/communities into Datt",
        "ts": "1438665080.000060"
    },
    {
        "type": "message",
        "user": "U08CFV27P",
        "text": "r\/redditalternatives good for some alpha\/beta users. not a huge community but they are really enthusiastic about trying new alternatives.",
        "ts": "1438665102.000061"
    },
    {
        "type": "message",
        "user": "U08ELNFTP",
        "text": "I think compiling a short list of non-traditional journalists and bloggers that would be ideal for the platform would be a good start\u2026. people who would be open to a new way incentivizing, but those who have truly unique and original content (think Nick Szabo but in different fields and genres)",
        "ts": "1438665202.000062"
    },
    {
        "type": "message",
        "user": "U08ERPTQF",
        "text": "and we provide a platform that demonstrates content can be profitable aside from advertising",
        "ts": "1438665220.000063"
    },
    {
        "type": "message",
        "user": "U08ELNFTP",
        "text": "Exactly, this is something I have been actively seeking a solution to and this has the best potential of any I have seen. Journalism is so important but so hard now, if the platform is easy enough to use they will use it and that just starts a snowball effect because they are essentially the media",
        "ts": "1438665358.000064"
    },
    {
        "type": "message",
        "user": "U08ELNFTP",
        "text": "I wonder what it would take to get a Glenn Greenwald involved\u2026.",
        "ts": "1438665453.000065",
        "reactions": [
            {
                "name": "+1",
                "users": [
                    "U08ERPTQF"
                ],
                "count": 1
            }
        ]
    },
    {
        "type": "message",
        "user": "U08EZP01H",
        "text": "Oooah. Now we're thinking big.",
        "ts": "1438665471.000066"
    },
    {
        "type": "message",
        "user": "U08EZP01H",
        "text": "That's an interesting idea.",
        "ts": "1438665484.000067"
    },
    {
        "type": "message",
        "user": "U08ELNFTP",
        "text": "I have a knack for getting in touch with people that should be way out of my grasp (see guests on my podcast lol)",
        "ts": "1438665514.000068"
    },
    {
        "type": "message",
        "user": "U08E2KZM4",
        "text": "I am not a specialist on communities, but it would be awesome if we had really unique content that does not exist anywhere else. I once had participated in an EDU unconference and one teacher was describing how he transformed his classroom using Khan Academy\u2019s content. But not the videos, the content was simple apps that helped kids grasp some concept and train themselves on it.",
        "ts": "1438667571.000069"
    },
    {
        "type": "message",
        "user": "U08E2KZM4",
        "text": "So, small apps, being just JS text, embedded in other content perhaps.",
        "ts": "1438667629.000070"
    },
    {
        "type": "message",
        "user": "U08ELNFTP",
        "text": "that sounds awesome",
        "ts": "1438667672.000071"
    },
    {
        "type": "message",
        "user": "U08ERPTQF",
        "text": "<@U08ELNFTP>: following a media conference here, Glenn had to run, but suggested to the audience that he replies to most email questions.",
        "ts": "1438667730.000072"
    },
    {
        "type": "message",
        "user": "U08E2KZM4",
        "text": "thx, I am thinking about this article a lot: <https:\/\/medium.com\/@clayallsopp\/a-dynamic-crazy-native-mobile-future-powered-by-javascript-70f2d56b1987>",
        "attachments": [
            {
                "service_name": "Medium",
                "title": "A Dynamic, Crazy, Native Mobile Future\u200a\u2014\u200aPowered by JavaScript",
                "title_link": "https:\/\/medium.com\/@clayallsopp\/a-dynamic-crazy-native-mobile-future-powered-by-javascript-70f2d56b1987",
                "text": "How React Native and changes in App Store policy can take mobile down a weird, but exciting, road.",
                "fallback": "Medium: A Dynamic, Crazy, Native Mobile Future\u200a\u2014\u200aPowered by JavaScript",
                "thumb_url": "https:\/\/d262ilb51hltx0.cloudfront.net\/max\/800\/0*x73U_YOT36FiNj28.jpeg",
                "ts": 1427560808,
                "from_url": "https:\/\/medium.com\/@clayallsopp\/a-dynamic-crazy-native-mobile-future-powered-by-javascript-70f2d56b1987",
                "thumb_width": 201,
                "thumb_height": 201,
                "id": 1
            }
        ],
        "ts": "1438667741.000073"
    },
    {
        "type": "message",
        "user": "U08E2KZM4",
        "text": "pay attention to Native Embeds chapter",
        "ts": "1438667752.000075"
    }
]