[
    {
        "type": "message",
        "user": "U07GDL0H5",
        "text": "this now exists: <http:\/\/blog.datt.co\/>",
        "ts": "1440658945.000009",
        "reactions": [
            {
                "name": "+1",
                "users": [
                    "U08MAKT70",
                    "U08DH3ESU",
                    "U08F438SK",
                    "U08EZP01H",
                    "U08ERPTQF",
                    "U08DD8LNP",
                    "U08F2RTCN"
                ],
                "count": 7
            }
        ]
    },
    {
        "type": "message",
        "user": "U08EZP01H",
        "text": "I've been using all the google docs everyone made for reference, even if the document has become out-dated. As such, here is a list of all the google documents going back to July 31st. <https:\/\/docs.google.com\/document\/d\/1RFIRdwCYqrGH5uD9ebWlWdWmIUrZL4A-11BGti55rqc\/edit?usp=sharing>",
        "ts": "1440688318.000010"
    },
    {
        "type": "message",
        "user": "U07GDL0H5",
        "text": "awesome <@U08EZP01H> ... note that i've been trying to do the same thing on the dattdocs\/README.md doc",
        "ts": "1440692660.000011"
    },
    {
        "type": "message",
        "user": "U08EZP01H",
        "text": "thanks! i'll add these to that list as well.",
        "ts": "1440692751.000012"
    },
    {
        "type": "message",
        "user": "U08EZP01H",
        "text": "<@U07GDL0H5>: ha. just realized how MANY are already there. :grin:",
        "ts": "1440700054.000013"
    },
    {
        "type": "message",
        "user": "U08CBD41G",
        "text": "Looks like ChangeTip just launched an experiment around tipping content creators: <https:\/\/www.changetip.com\/tipworthy>",
        "edited": {
            "user": "U08CBD41G",
            "ts": "1440712098.000000"
        },
        "ts": "1440712064.000014"
    },
    {
        "type": "message",
        "user": "U07GDL0H5",
        "text": "awesome ... we heard about this, so it's cool to see what they've actually done",
        "ts": "1440712157.000017"
    },
    {
        "type": "message",
        "user": "U08K9N7PU",
        "text": "iv been thinking about the \/bitcoin problem.\n\nwhat if the user decided who thier mod was.....",
        "ts": "1440716445.000018"
    },
    {
        "type": "message",
        "user": "U07GDL0H5",
        "text": "already covered in <@U08DD8LNP> 's collectives idea :simple_smile:",
        "ts": "1440716478.000019"
    },
    {
        "type": "message",
        "user": "U08K9N7PU",
        "text": "user chooses from a pool of mods for content channel.... ill go back a nd look",
        "ts": "1440716495.000020"
    },
    {
        "type": "message",
        "user": "U08K9N7PU",
        "text": "im glad im not the only one that has been thinking on the issue at least",
        "ts": "1440716522.000021"
    },
    {
        "type": "message",
        "user": "U08DD8LNP",
        "text": "Yeah the \/r\/Bitcoin drama is a great example to use when explaining collectives ",
        "ts": "1440716598.000022"
    },
    {
        "type": "message",
        "user": "U08K9N7PU",
        "text": "you got direct link to the collectives info? im searching.. .looks like i missed a lot this week",
        "ts": "1440716679.000023"
    },
    {
        "type": "message",
        "user": "U07GDL0H5",
        "text": "this talks about collectives: <https:\/\/github.com\/dattnetwork\/dattdocs\/blob\/master\/DATTmodel2.md>",
        "attachments": [
            {
                "service_name": "GitHub",
                "title": "dattnetwork\/dattdocs",
                "title_link": "https:\/\/github.com\/dattnetwork\/dattdocs\/blob\/master\/DATTmodel2.md",
                "text": "dattdocs - Document all the things.",
                "fallback": "GitHub: dattnetwork\/dattdocs",
                "thumb_url": "https:\/\/avatars0.githubusercontent.com\/u\/13266895?v=3&s=400",
                "from_url": "https:\/\/github.com\/dattnetwork\/dattdocs\/blob\/master\/DATTmodel2.md",
                "thumb_width": 214,
                "thumb_height": 214,
                "id": 1
            }
        ],
        "ts": "1440716775.000024"
    },
    {
        "type": "message",
        "user": "U08K9N7PU",
        "text": "you da man",
        "ts": "1440716783.000026"
    },
    {
        "type": "message",
        "user": "U07GDL0H5",
        "text": "more: <https:\/\/github.com\/dattnetwork\/dattdocs\/blob\/master\/data-models.md#collective>",
        "ts": "1440716814.000027"
    },
    {
        "type": "message",
        "user": "U08K9N7PU",
        "text": "this is beutiful",
        "ts": "1440717147.000028",
        "reactions": [
            {
                "name": "+1",
                "users": [
                    "U07GDL0H5",
                    "U08ERPTQF",
                    "U08DD8LNP"
                ],
                "count": 3
            }
        ]
    },
    {
        "type": "message",
        "user": "U08K9N7PU",
        "text": "its as if 1000 thermoses shouted out in horror then suddenly stopped",
        "ts": "1440718248.000029"
    },
    {
        "type": "message",
        "user": "U08FJ080J",
        "text": "Great blog post",
        "ts": "1440734153.000030"
    }
]