[
    {
        "type": "message",
        "user": "U08F08BD1",
        "text": "i saw the offspring on that tour. met the guys outside afterwards, was pretty badass.",
        "ts": "1438950986.003860"
    },
    {
        "user": "U08PP2QQJ",
        "type": "message",
        "subtype": "channel_join",
        "text": "<@U08PP2QQJ|aweissman> has joined the channel",
        "ts": "1438955696.003861"
    },
    {
        "type": "message",
        "user": "U08F31MGX",
        "text": "It sure is hard to keep up with the backscroll in here <https:\/\/dattnetwork.slack.com\/archives\/general\/p1438558423003270>",
        "attachments": [
            {
                "color": "4D394B",
                "from_url": "https:\/\/dattnetwork.slack.com\/archives\/general\/p1438558423003270",
                "fallback": "[August 2nd, 2015 4:33 PM] ryanxcharles: just exported and counted the total # of slack messages. 3816.",
                "author_subname": "ryanxcharles",
                "ts": 1438558423,
                "text": "just exported and counted the total # of slack messages. 3816.",
                "author_link": "https:\/\/dattnetwork.slack.com\/team\/ryanxcharles",
                "author_icon": "https:\/\/secure.gravatar.com\/avatar\/17e6619ba42a009b25f1883641e64e1c.jpg?s=48&d=https%3A%2F%2Fslack.global.ssl.fastly.net%2F3654%2Fimg%2Favatars%2Fava_0021-48.png",
                "mrkdwn_in": [
                    "text"
                ],
                "id": 1
            }
        ],
        "edited": {
            "user": "U08F31MGX",
            "ts": "1438957588.000000"
        },
        "ts": "1438957576.003862"
    },
    {
        "type": "message",
        "user": "U07GDL0H5",
        "text": "ok i updated the slack archive again. total messages in public channels is now 5207. definitely getting close to the 10,000 free comment archive limit.",
        "ts": "1438977063.003865",
        "reactions": [
            {
                "name": "+1",
                "users": [
                    "U08ERPTQF",
                    "U08DD8LNP"
                ],
                "count": 2
            }
        ]
    },
    {
        "type": "message",
        "user": "U08DD8LNP",
        "text": "<https:\/\/bitcointalk.org\/index.php?topic=1141617>",
        "attachments": [
            {
                "text": "[ANN] R3D - [DEV INFO] BITTREX CFC - deployable, voting, reputation",
                "fallback": "[ANN] R3D - [DEV INFO] BITTREX CFC - deployable, voting, reputation",
                "from_url": "https:\/\/bitcointalk.org\/index.php?topic=1141617",
                "id": 1
            }
        ],
        "ts": "1438991390.003866"
    },
    {
        "type": "message",
        "user": "U08DD8LNP",
        "text": "there is clearly a lot of demand for this sort of system, I\u2019ve never seen so many developers independently try to make the same basic thing on their own",
        "ts": "1438991448.003868",
        "reactions": [
            {
                "name": "+1",
                "users": [
                    "U08ERPTQF",
                    "U08D641AP",
                    "U08C22VNW"
                ],
                "count": 3
            }
        ]
    },
    {
        "type": "message",
        "user": "U08F438SK",
        "text": "Agreed",
        "ts": "1438997969.003869"
    },
    {
        "type": "message",
        "user": "U07GDL0H5",
        "text": "i've written a summary of week 1 here: <https:\/\/github.com\/dattnetwork\/dattdocs#end-of-week-1-aug-7-2015>",
        "attachments": [
            {
                "service_name": "GitHub",
                "title": "dattnetwork\/dattdocs",
                "title_link": "https:\/\/github.com\/dattnetwork\/dattdocs#end-of-week-1-aug-7-2015",
                "text": "dattdocs - Document all the things.",
                "fallback": "GitHub: dattnetwork\/dattdocs",
                "thumb_url": "https:\/\/avatars0.githubusercontent.com\/u\/13266895?v=3&s=400",
                "from_url": "https:\/\/github.com\/dattnetwork\/dattdocs#end-of-week-1-aug-7-2015",
                "thumb_width": 214,
                "thumb_height": 214,
                "id": 1
            }
        ],
        "ts": "1438999702.003870",
        "reactions": [
            {
                "name": "+1",
                "users": [
                    "U08EZP01H",
                    "U08D641AP",
                    "U08DD8LNP"
                ],
                "count": 3
            }
        ]
    },
    {
        "type": "message",
        "user": "U08ERPTQF",
        "text": "<@U08DD8LNP>: R3D seem to have missed the fact that bad actors are incentivized to be miners, and since miners are more affluent the will create a lot of new addresses and will spam with some level of impunity",
        "ts": "1439003147.003872"
    },
    {
        "type": "message",
        "user": "U08DD8LNP",
        "text": "yeah cost per account is totally not the way to go if you don\u2019t have any solid way to ban their participation later.   btw I just link to whatever I find don\u2019t think of these as endorsements in anyway.  The R3D project is looking for like 1 million in funding through a coin sale from what I gather",
        "ts": "1439003223.003873"
    },
    {
        "type": "message",
        "user": "U08ERPTQF",
        "text": "<@U07GDL0H5>: great summary of the week. I too am impressed with what we've achieved towards the MVP goals in just one week.",
        "ts": "1439003443.003874"
    },
    {
        "type": "message",
        "user": "U08DD8LNP",
        "text": "also <@U07GDL0H5> that third repository I would think of as the deployment repository",
        "ts": "1439003478.003875"
    },
    {
        "type": "message",
        "user": "U08DD8LNP",
        "text": "you can pull in a backend pretty well as a development aid in an ember-cli project but as of right now the ember-cli project primarily serves as a build tool that generates a static app.",
        "ts": "1439003575.003876"
    },
    {
        "type": "message",
        "user": "U08DD8LNP",
        "text": "the third repo could include a signed build of that and a setup to host a node that optionally hosts the UI frontend from that signed build",
        "ts": "1439003611.003877"
    },
    {
        "type": "message",
        "user": "U08ERPTQF",
        "text": "Question: are we looking to keep using GitHub pages to serve the UI front-end, landing page, etc?",
        "ts": "1439005071.003878"
    },
    {
        "type": "message",
        "user": "U07GDL0H5",
        "text": "i think github pages is fine for now, but when i get arround to it i will host <http:\/\/datt.co|datt.co> somewhere",
        "ts": "1439005710.003879"
    }
]