[
    {
        "type": "message",
        "user": "U08F438SK",
        "text": "Datt was just featured on Zapchain, in Daniel Cawrey's post \"Decentralization: We need to believe\"",
        "ts": "1440799828.000031"
    },
    {
        "type": "message",
        "user": "U08F438SK",
        "text": "<https:\/\/www.zapchain.com\/a\/l\/decentralization-we-need-to-believe\/5btVKjkZls>",
        "attachments": [
            {
                "service_name": "ZapChain",
                "title": "Decentralization: We Need to Believe",
                "title_link": "https:\/\/www.zapchain.com\/a\/l\/decentralization-we-need-to-believe\/5btVKjkZls",
                "text": "Are less centralized systems technology's final frontier?",
                "fallback": "ZapChain: Decentralization: We Need to Believe",
                "image_url": "http:\/\/i.imgur.com\/W9jiSER.jpg",
                "from_url": "https:\/\/www.zapchain.com\/a\/l\/decentralization-we-need-to-believe\/5btVKjkZls",
                "image_width": 445,
                "image_height": 250,
                "image_bytes": 182330,
                "id": 1
            }
        ],
        "ts": "1440799831.000032",
        "reactions": [
            {
                "name": "+1",
                "users": [
                    "U07GDL0H5",
                    "U08EZP01H",
                    "U08ERPTQF"
                ],
                "count": 3
            }
        ]
    },
    {
        "type": "message",
        "user": "U08ERPTQF",
        "text": "I thought the quote from <@U07GDL0H5> does a good job of explaining\/positioning Datt",
        "ts": "1440810831.000034"
    },
    {
        "type": "message",
        "user": "U08F438SK",
        "text": "Where should we meet tomorrow? I'm sure we can find space @ Hacker Dojo, but everyone is in SF and I'm happy to go to SF",
        "ts": "1440820541.000035"
    },
    {
        "type": "message",
        "user": "U08F438SK",
        "text": "or do we want to stay heads down tmrw and just do a Slack session? I'm probably going to be in SF anyway fwiw",
        "ts": "1440820603.000036"
    },
    {
        "type": "message",
        "user": "U07GDL0H5",
        "text": "hadn't planned on meeting. brad was the one organizing that and he's gone for BM. i intend to work on this though. i'd be happy to meet in SF. maybe just find some cool place with free wifi?",
        "ts": "1440824516.000037"
    },
    {
        "type": "message",
        "user": "U08F438SK",
        "text": "Sounds good to me.  I'm not a SF native so feel free to nominate a good hacking space. Otherwise, last week's Starbucks worked fine for me",
        "ts": "1440824618.000038"
    },
    {
        "type": "message",
        "user": "U07GDL0H5",
        "text": "sure, let's just meet there ... it was great because it wasn't busy",
        "ts": "1440824658.000039"
    },
    {
        "type": "message",
        "user": "U08F438SK",
        "text": "awesome. around 1PM still work for you? I guess we should put some hours in case anyone from here wants to show up",
        "ts": "1440825353.000040"
    },
    {
        "type": "message",
        "user": "U07GDL0H5",
        "text": "sure that works",
        "ts": "1440825367.000041"
    },
    {
        "type": "message",
        "user": "U08F438SK",
        "text": "cool.  might be running into Andrew Barisser tomorrow, will invite him",
        "ts": "1440825455.000042"
    },
    {
        "type": "message",
        "user": "U07GDL0H5",
        "text": "oh that would be awesome",
        "ts": "1440825476.000043"
    },
    {
        "type": "message",
        "user": "U08F438SK",
        "text": "yeah surprised he didn't jump into Datt given he was calling for Reddit ownership to be decentralized via the blockchain in Jan 2014 (<https:\/\/www.cryptocoinsnews.com\/andrew-barissers-open-letter-reddit-build-bitcoin\/>)",
        "attachments": [
            {
                "service_name": "CCN: Financial Bitcoin &amp; Cryptocurrency News",
                "title": "Andrew Barisser's Open Letter To Reddit: Build On Bitcoin - CCN: Financial Bitcoin &amp; Cryptocurrency News",
                "title_link": "https:\/\/www.cryptocoinsnews.com\/andrew-barissers-open-letter-reddit-build-bitcoin\/",
                "text": "Yesterday, Reddit\u2019s admin Yishan announced that they plan to create a cryptocurrency. Reddit raised $50 million in funding, and plans to share 10% with the userbase somehow, calling for the possible need for a cryptocurrency. The plan is in its infancy, but Andrew Barisser of Assembly Coins wrote an open letter to Reddit. He makes a strong argument for Reddit building on top of the Bitcoin blockchain, rather than creating another altcoin. Barriser says: \"From a technical point of view, however, Reddit stands at a crossroads with many different paths. How to implement their vision so that it is convenient \u2026",
                "fallback": "CCN: Financial Bitcoin &amp; Cryptocurrency News: Andrew Barisser's Open Letter To Reddit: Build On Bitcoin - CCN: Financial Bitcoin &amp; Cryptocurrency News",
                "image_url": "https:\/\/www.cryptocoinsnews.com\/wp-content\/uploads\/2014\/10\/bitcoi-key.jpg",
                "ts": 1412183462,
                "from_url": "https:\/\/www.cryptocoinsnews.com\/andrew-barissers-open-letter-reddit-build-bitcoin\/",
                "image_width": 377,
                "image_height": 250,
                "image_bytes": 538416,
                "id": 1
            }
        ],
        "ts": "1440825564.000044"
    },
    {
        "type": "message",
        "user": "U07GDL0H5",
        "text": "ha yeah i remember that article very clearly, that's how i originally met him",
        "ts": "1440825594.000046"
    },
    {
        "type": "message",
        "user": "U08F438SK",
        "text": "nice. btw are you going to Scaling Bitcoin in Montreal?",
        "ts": "1440826042.000047"
    },
    {
        "type": "message",
        "user": "U08F438SK",
        "text": "I'm thinking of going. It's on a weekend and only $150 + travel\/accommodation. Seems like it would be edifying",
        "ts": "1440826077.000048"
    },
    {
        "type": "message",
        "user": "U07GDL0H5",
        "text": "i applied for sponsorship thing, so if they pay for my travel i intend to go. hadn't seriously considered going if i had to pay my own way.",
        "ts": "1440826103.000049"
    },
    {
        "type": "message",
        "user": "U08F438SK",
        "text": "hope you get it. I'm still very on the fence, esp since everyone will be on IRC anyway. but always good to know where things are headed.",
        "ts": "1440826187.000050"
    }
]