[
    {
        "user": "U0A5YC15X",
        "type": "message",
        "subtype": "channel_join",
        "text": "<@U0A5YC15X|n370> has joined the channel",
        "ts": "1441375653.000117"
    },
    {
        "type": "message",
        "user": "U09VDLJ4A",
        "text": "Will there be a crow fundraising for this project in the near future?",
        "ts": "1441378344.000118"
    },
    {
        "type": "message",
        "user": "U08F31MGX",
        "text": "Oh damn, I can't @ channel",
        "ts": "1441381193.000124"
    },
    {
        "type": "message",
        "user": "U08F31MGX",
        "text": "Oh well",
        "edited": {
            "user": "U08F31MGX",
            "ts": "1441381223.000000"
        },
        "ts": "1441381206.000125"
    },
    {
        "type": "message",
        "user": "U08F31MGX",
        "text": "<https:\/\/www.coursera.org\/course\/bitcointech> Starts today!",
        "attachments": [
            {
                "service_name": "Coursera",
                "title": "Bitcoin and Cryptocurrency Technologies - Princeton University | Coursera",
                "title_link": "https:\/\/www.coursera.org\/course\/bitcointech",
                "text": "Bitcoin and Cryptocurrency Technologies from Princeton University. There\u2019s a lot of excitement about Bitcoin, but also a lot of confusion about what Bitcoin is and how it works. We\u2019re offering this course focusing on the computer science behind Bitcoin to help cut through the hype and get to the core of what makes Bitcoin unique. Take free online classes from 120+ top universities and educational organizations. We partner with schools like Stanford, Yale, Princeton, and others to offer courses in dozens of topics, from computer science to teaching and beyond. Whether you are pursuing a passion or looking to advance your career, Coursera provides open, free education for everyone.",
                "fallback": "Coursera: Bitcoin and Cryptocurrency Technologies - Princeton University | Coursera",
                "thumb_url": "https:\/\/d3njjcbhbojbot.cloudfront.net\/api\/utilities\/v1\/imageproxy\/https:\/\/d15cw65ipctsrr.cloudfront.net\/0f\/e2bef0ed1211e49ef82329f96bb44a\/Bitcoin-logo.png",
                "from_url": "https:\/\/www.coursera.org\/course\/bitcointech",
                "thumb_width": 460,
                "thumb_height": 259,
                "id": 1
            }
        ],
        "ts": "1441381211.000126",
        "reactions": [
            {
                "name": "+1",
                "users": [
                    "U08EZP01H",
                    "U08ERPTQF"
                ],
                "count": 2
            }
        ]
    },
    {
        "type": "message",
        "user": "U08ERPTQF",
        "text": "<@U09VDLJ4A> we haven't really discussed crowd funding. It's not obvious how it would accelerate the development of the prototype. Perhaps when we go from prototype to MVP\/Launch...",
        "ts": "1441399388.000129"
    }
]