[
    {
        "type": "message",
        "user": "U07GDL0H5",
        "text": "zapchain just rolled out a new interface <https:\/\/www.zapchain.com\/>",
        "attachments": [
            {
                "title": "ZapChain",
                "title_link": "https:\/\/www.zapchain.com\/",
                "text": "The best place to talk about emerging technology.",
                "fallback": "ZapChain",
                "image_url": "https:\/\/s3.amazonaws.com\/files.parsetfss.com\/f4ce45fa-ab12-4c24-a33c-a100a8133f3f\/tfss-8e5051e8-0bfc-48c2-9c9f-f2cb5b6db13f-zapchain_logo.png",
                "from_url": "https:\/\/www.zapchain.com\/",
                "image_width": 238,
                "image_height": 238,
                "image_bytes": 12819,
                "id": 1
            }
        ],
        "ts": "1445455286.000014"
    }
]