[
    {
        "type": "message",
        "user": "U08ERPTQF",
        "text": "Mainstream perspective on comments: Is it the beginning of the end for online comments?\n<http:\/\/www.bbc.co.uk\/news\/blogs-trending-33963436>",
        "attachments": [
            {
                "service_name": "BBC News",
                "title": "Is it the beginning of the end for online comments? - BBC News",
                "title_link": "http:\/\/www.bbc.co.uk\/news\/blogs-trending-33963436",
                "text": "Two popular websites have turned off their commenting sections - so have comments had their day?",
                "fallback": "BBC News: Is it the beginning of the end for online comments? - BBC News",
                "image_url": "http:\/\/ichef.bbci.co.uk\/news\/560\/cpsprodpb\/11C38\/production\/_85006727_thinkstockphotos-465296359.jpg",
                "from_url": "http:\/\/www.bbc.co.uk\/news\/blogs-trending-33963436",
                "image_width": 444,
                "image_height": 250,
                "image_bytes": 31414,
                "id": 1
            }
        ],
        "ts": "1440013129.000397"
    },
    {
        "type": "message",
        "user": "U094X6WUT",
        "text": "When they had the printing press they printed bibles and then started on the vulgar shit like porn and other filth. It's the easiest content to produce and of course there's going to be shit. I think user-curation can fix a lot if everyone is on the same page on how stuff is voted on. Maybe even follow trusted voters and highlight their curation inside the comments? Of course you could even have some sort of micro-cashflow to those curators if their followers vote on their curation.",
        "ts": "1440014774.000399"
    },
    {
        "user": "U08DE11UZ",
        "type": "message",
        "subtype": "channel_join",
        "text": "<@U08DE11UZ|sp0rkyd0rky> has joined the channel",
        "ts": "1440048376.000400"
    }
]