[
    {
        "type": "message",
        "user": "U07GDL0H5",
        "text": "Japan\u2019s Largest Q&amp;A Platform OKWave Adds Bitcoin Services <https:\/\/news.bitcoin.com\/japans-largest-qa-platform-okwave-adds-bitcoin-services\/>",
        "attachments": [
            {
                "service_name": "Bitcoin News",
                "title": "Japan's Largest Q&amp;A Platform OKWave Adds Bitcoin Services - Bitcoin News",
                "title_link": "https:\/\/news.bitcoin.com\/japans-largest-qa-platform-okwave-adds-bitcoin-services\/",
                "text": "Now you can get paid in Bitcoin for answering questions of OkWave.",
                "fallback": "Bitcoin News: Japan's Largest Q&amp;A Platform OKWave Adds Bitcoin Services - Bitcoin News",
                "thumb_url": "https:\/\/news.bitcoin.com\/wp-content\/uploads\/2015\/10\/OKWave1789.jpg",
                "ts": 1443772832,
                "from_url": "https:\/\/news.bitcoin.com\/japans-largest-qa-platform-okwave-adds-bitcoin-services\/",
                "thumb_width": 1021,
                "thumb_height": 580,
                "id": 1
            }
        ],
        "ts": "1443810981.000021"
    }
]