[
    {
        "type": "message",
        "user": "U08ERPTQF",
        "text": "Would be pretty cool to reach out to Nate and invite him to Datt sometime eh",
        "ts": "1440320727.000435",
        "reactions": [
            {
                "name": "+1",
                "users": [
                    "U08DH3ESU",
                    "U08EZP01H",
                    "U07GDL0H5"
                ],
                "count": 3
            }
        ]
    },
    {
        "type": "message",
        "user": "U08DH3ESU",
        "text": "We should do that, even though this instance is a couple of years old. This kind of things will open up the idea of long-form content and actually a more open journalistic approach to using the platform.",
        "ts": "1440321544.000436"
    },
    {
        "type": "message",
        "user": "U08F438SK",
        "text": "Yeah, it's from 2013, but the Alexis Madrigal follow-up is my favorite piece on this problem so I couldn't help it :simple_smile:",
        "ts": "1440321766.000437"
    }
]