[
    {
        "type": "message",
        "user": "U08F438SK",
        "text": "hey <@U08EZP01H> what program do you use for making the design images (e.g. dattmedia\/UI_Mockups\/READ FIRST-Workflows\/Flow_Searching.png)?",
        "ts": "1440980753.000004"
    },
    {
        "type": "message",
        "user": "U08EZP01H",
        "text": "my guess is Illustrator, but Photoshop could get by. <@U08C464NS> did those",
        "ts": "1440982282.000005"
    },
    {
        "type": "message",
        "user": "U08EZP01H",
        "text": "are you looking for other options <@U08F438SK> ?",
        "ts": "1440982409.000006"
    },
    {
        "type": "message",
        "user": "U08F438SK",
        "text": "sorry, you did some beautiful doc in dattmedia that left your name stuck in my head :stuck_out_tongue:",
        "ts": "1440982461.000007"
    },
    {
        "type": "message",
        "user": "U08F438SK",
        "text": "that's fine just wanted to know which tools everyone is using",
        "ts": "1440982487.000008"
    }
]