[
    {
        "type": "message",
        "user": "U08F438SK",
        "text": "<@U07GDL0H5> maybe I have a different version of bitcore even after reinstalling deps, but I see a minor issue with lib\/worker.js:publicKeyHexFromPrivateKeyJSON",
        "ts": "1440235223.000674"
    },
    {
        "type": "message",
        "user": "U08F438SK",
        "text": "I don't see bitcore.PrivateKey.fromJSON as a valid method on PrivateKey in this branch's bitcore version; using bitcore.PrivateKey.fromObject works though",
        "ts": "1440235270.000675"
    },
    {
        "type": "message",
        "user": "U08F438SK",
        "text": "added in-line comment in GitHub: <https:\/\/github.com\/ryanxcharles\/datt-node\/commit\/d66d24850da4550d856a113e037f7b2224e9664d>",
        "attachments": [
            {
                "service_name": "GitHub",
                "title": "do not convert private key to WIF \u00b7 ryanxcharles\/datt-node@d66d248 \u00b7 GitHub",
                "title_link": "https:\/\/github.com\/ryanxcharles\/datt-node\/commit\/d66d24850da4550d856a113e037f7b2224e9664d",
                "text": "Converting a private key to WIF is actually a cryptographic operation, because the checksum must be computed. A better way to send the private key to a worker for processing is to convert it to JSON.",
                "fallback": "GitHub: do not convert private key to WIF \u00b7 ryanxcharles\/datt-node@d66d248",
                "thumb_url": "https:\/\/avatars1.githubusercontent.com\/u\/63740?v=3&s=200",
                "from_url": "https:\/\/github.com\/ryanxcharles\/datt-node\/commit\/d66d24850da4550d856a113e037f7b2224e9664d",
                "thumb_width": 200,
                "thumb_height": 200,
                "id": 1
            }
        ],
        "ts": "1440235296.000676"
    },
    {
        "type": "message",
        "user": "U08F438SK",
        "text": "In this branch package.json is referring to your ryanxcharles:fix-web-workers fork\/branch:  \"bitcore\": \"<https:\/\/github.com\/ryanxcharles\/bitcore.git#fix-web-workers>\" and I believe that is what I have locally for testing this.  Works with PrivateKey.fromObject , though.",
        "edited": {
            "user": "U08F438SK",
            "ts": "1440235530.000000"
        },
        "ts": "1440235515.000678"
    },
    {
        "type": "message",
        "user": "U08F438SK",
        "text": "loving the AsyncCrypto module btw, very cool getting the parallel workers in node &amp; browser.",
        "ts": "1440235697.000681"
    },
    {
        "type": "message",
        "user": "U07GDL0H5",
        "text": "<@U08F438SK>: is it possible you need to delete your node_modules\/bitcore folder then run \"npm install\" again ? \"npm install\" doesn't necessarily reinstall if you already have a version installed",
        "edited": {
            "user": "U07GDL0H5",
            "ts": "1440265386.000000"
        },
        "ts": "1440265223.000682"
    },
    {
        "type": "message",
        "user": "U07GDL0H5",
        "text": "<@U08F438SK>: on scanning the recent versions of bitcore, \"fromJSON\" is indeed missing ... i probably made my fix on an outdated version, and they recently changed fromJSON to fromObject, and somehow i rebased without knowing i broke things",
        "ts": "1440265687.000685"
    },
    {
        "type": "message",
        "user": "U07GDL0H5",
        "text": "so i will update to use fromObject instead",
        "ts": "1440265693.000686"
    },
    {
        "type": "message",
        "user": "U07GDL0H5",
        "text": "updated :simple_smile: <https:\/\/github.com\/dattnetwork\/datt-node\/pull\/15>",
        "attachments": [
            {
                "service_name": "GitHub",
                "title": "make workers work in web browser by ryanxcharles \u00b7 Pull Request #15 \u00b7 dattnetwork\/datt-node \u00b7 GitHub",
                "title_link": "https:\/\/github.com\/dattnetwork\/datt-node\/pull\/15",
                "text": "Change from grunt to gulp, which is easier to use :) Make \"workers\" work in a browser (they already worked in node). I had to fix some issues with bitcore for this to work - see my special bitcore ...",
                "fallback": "GitHub: make workers work in web browser by ryanxcharles \u00b7 Pull Request #15 \u00b7 dattnetwork\/datt-node",
                "thumb_url": "https:\/\/avatars3.githubusercontent.com\/u\/63740?v=3&s=400",
                "from_url": "https:\/\/github.com\/dattnetwork\/datt-node\/pull\/15",
                "thumb_width": 266,
                "thumb_height": 266,
                "id": 1
            }
        ],
        "ts": "1440266180.000687"
    },
    {
        "type": "message",
        "user": "U08F438SK",
        "text": "Nice, thanks!",
        "ts": "1440267435.000689"
    },
    {
        "type": "message",
        "user": "U08F438SK",
        "text": "I was still having some issues with promises coming out of asynccrypto after I did fromJSON-&gt;fromObject , let me test and post. ",
        "ts": "1440267516.000690"
    },
    {
        "type": "message",
        "user": "U08F438SK",
        "text": "Also, noticed that using AsyncCrypto from NodeJS REPL causes variables to appear\/disappear from REPL scope randomly; maybe REPL is attaching to worker process? Probably a workerpool package issue.",
        "ts": "1440267703.000691"
    },
    {
        "type": "message",
        "user": "U07GDL0H5",
        "text": "hmm, i have no idea, i hadn't tried to use it from the REPL",
        "ts": "1440270394.000692"
    },
    {
        "type": "message",
        "user": "U08F438SK",
        "text": "No worries REPL is a side thing -- I can keep my REPL addiction to myself :-)",
        "ts": "1440270494.000693"
    },
    {
        "type": "message",
        "user": "U08ERPTQF",
        "text": "<@U08F438SK>: time to start a Tonic addiction? <https:\/\/tonicdev.com\/>",
        "ts": "1440272820.000694"
    },
    {
        "type": "message",
        "user": "U08F438SK",
        "text": "Yeah saw Tonic in HN the other day, can't wait to get to hack W\/ it :-)",
        "ts": "1440273181.000695"
    }
]