[
    {
        "type": "message",
        "user": "U08G10908",
        "text": "The blockstack project (summit on September 12th in NYC after Consensus) is moving forward on some of these items: <https:\/\/github.com\/blockstack\/>",
        "ts": "1439583574.000596",
        "reactions": [
            {
                "name": "+1",
                "users": [
                    "U08ERPTQF",
                    "U08F2RTCN"
                ],
                "count": 2
            }
        ]
    },
    {
        "type": "message",
        "user": "U08DD8LNP",
        "text": "chrome only browser p2p using peerjs: <http:\/\/www.bittess.com\/>  <https:\/\/github.com\/BitTess\/BitTess>",
        "attachments": [
            {
                "service_name": "GitHub",
                "title": "BitTess\/BitTess",
                "title_link": "https:\/\/github.com\/BitTess\/BitTess",
                "text": "BitTess - Peer to Peer Website",
                "fallback": "GitHub: BitTess\/BitTess",
                "thumb_url": "https:\/\/avatars2.githubusercontent.com\/u\/13393160?v=3&s=400",
                "from_url": "https:\/\/github.com\/BitTess\/BitTess",
                "thumb_width": 420,
                "thumb_height": 420,
                "id": 1
            }
        ],
        "ts": "1439591091.000597"
    },
    {
        "type": "message",
        "user": "U07GDL0H5",
        "text": "bitcore-node is a \"full node\" based on Bitcoin Core and bitcore ... it runs a patched version of Bitcoin Core and then exposes a bunch of Bitcoin Core functionality inside a node application <https:\/\/github.com\/bitpay\/bitcore-node>",
        "attachments": [
            {
                "service_name": "GitHub",
                "title": "bitpay\/bitcore-node",
                "title_link": "https:\/\/github.com\/bitpay\/bitcore-node",
                "text": "bitcore-node - Full node with extended capabilities using Bitcore and Bitcoin Core",
                "fallback": "GitHub: bitpay\/bitcore-node",
                "thumb_url": "https:\/\/avatars2.githubusercontent.com\/u\/2554930?v=3&s=400",
                "from_url": "https:\/\/github.com\/bitpay\/bitcore-node",
                "thumb_width": 400,
                "thumb_height": 400,
                "id": 1
            }
        ],
        "ts": "1439595906.000599",
        "reactions": [
            {
                "name": "heart_eyes",
                "users": [
                    "U08DD8LNP"
                ],
                "count": 1
            },
            {
                "name": "tada",
                "users": [
                    "U08ERPTQF"
                ],
                "count": 1
            }
        ]
    },
    {
        "type": "message",
        "user": "U07GDL0H5",
        "text": "\"a demo of using web rtc with no signaling server\" <https:\/\/github.com\/cjb\/serverless-webrtc>",
        "attachments": [
            {
                "service_name": "GitHub",
                "title": "cjb\/serverless-webrtc",
                "title_link": "https:\/\/github.com\/cjb\/serverless-webrtc",
                "text": "serverless-webrtc - A demo of using WebRTC with no signaling server.",
                "fallback": "GitHub: cjb\/serverless-webrtc",
                "thumb_url": "https:\/\/avatars1.githubusercontent.com\/u\/21217?v=3&s=400",
                "from_url": "https:\/\/github.com\/cjb\/serverless-webrtc",
                "thumb_width": 400,
                "thumb_height": 400,
                "id": 1
            }
        ],
        "ts": "1439604715.000601",
        "reactions": [
            {
                "name": "+1",
                "users": [
                    "U08ERPTQF"
                ],
                "count": 1
            }
        ]
    },
    {
        "user": "U094X6WUT",
        "type": "message",
        "subtype": "channel_join",
        "text": "<@U094X6WUT|epsen> has joined the channel",
        "ts": "1439609046.000603"
    },
    {
        "type": "message",
        "user": "U08F438SK",
        "text": "<@U07GDL0H5> w\/ serverless-webrtc one still uses <http:\/\/stun.l.google.com|stun.l.google.com> if you're not on the same subnet, though right? still feel like <http:\/\/stun.l.google.com|stun.l.google.com> is acting as a server there... though replacing it by <http:\/\/foo.com|foo.com> and having it work if you're on the same network is pretty cool.",
        "ts": "1439621999.000604"
    }
]