[
    {
        "type": "message",
        "user": "U07GDL0H5",
        "text": ":O ... rumors that bitpay laid off \"most\" of its staff ... true? <https:\/\/www.reddit.com\/r\/Bitcoin\/comments\/3m6sd4\/bitpay_api_problems_causing_customer_purchases_to\/cvco18f>",
        "attachments": [
            {
                "service_name": "reddit",
                "title": "BitPay API problems causing customer purchases to fail. BitPay needs to communicate with their merchants to ease the pain. \u2022 \/r\/Bitcoin",
                "title_link": "https:\/\/www.reddit.com\/r\/Bitcoin\/comments\/3m6sd4\/bitpay_api_problems_causing_customer_purchases_to\/cvco18f",
                "text": "And we laid off most of our remaining staff today.",
                "fallback": "reddit: BitPay API problems causing customer purchases to fail. BitPay needs to communicate with their merchants to ease the pain. \u2022 \/r\/Bitcoin",
                "thumb_url": "https:\/\/www.redditstatic.com\/icon.png",
                "from_url": "https:\/\/www.reddit.com\/r\/Bitcoin\/comments\/3m6sd4\/bitpay_api_problems_causing_customer_purchases_to\/cvco18f",
                "thumb_width": 256,
                "thumb_height": 256,
                "id": 1
            }
        ],
        "ts": "1443116953.000030"
    },
    {
        "type": "message",
        "user": "U08MAKT70",
        "text": ":open_mouth:",
        "ts": "1443135714.000032"
    }
]