[
    {
        "type": "message",
        "user": "U08DD8LNP",
        "text": "<https:\/\/youtu.be\/Jln3mi0vfJU>",
        "ts": "1439400939.000226"
    },
    {
        "type": "message",
        "user": "U08DD8LNP",
        "text": "ah that\u2019s lame, slack doesn\u2019t handle shorteners: <https:\/\/www.youtube.com\/watch?v=Jln3mi0vfJU&amp;feature=youtu.be>",
        "attachments": [
            {
                "service_name": "YouTube",
                "service_url": "https:\/\/www.youtube.com\/",
                "title": "The line must be drawn here! This far, no further!",
                "title_link": "https:\/\/www.youtube.com\/watch?v=Jln3mi0vfJU&amp;feature=youtu.be",
                "author_name": "Strafe B",
                "author_link": "https:\/\/www.youtube.com\/user\/strafebj",
                "thumb_url": "https:\/\/i.ytimg.com\/vi\/Jln3mi0vfJU\/hqdefault.jpg",
                "thumb_width": 480,
                "thumb_height": 360,
                "fallback": "YouTube Video: The line must be drawn here! This far, no further!",
                "video_html": "<iframe width=\"400\" height=\"225\" src=\"https:\/\/www.youtube.com\/embed\/Jln3mi0vfJU?feature=oembed\" frameborder=\"0\" allowfullscreen><\/iframe>",
                "video_html_width": 400,
                "video_html_height": 225,
                "from_url": "https:\/\/www.youtube.com\/watch?v=Jln3mi0vfJU&amp;feature=youtu.be",
                "id": 1
            }
        ],
        "ts": "1439400958.000227"
    },
    {
        "type": "message",
        "user": "U08EZP01H",
        "text": "\"To enable shortened URLs in Slack please enable Micropayment Channels in your browser and load your wallet\"",
        "ts": "1439405424.000229"
    },
    {
        "type": "message",
        "user": "U08F438SK",
        "text": ":-D",
        "ts": "1439411088.000230"
    },
    {
        "type": "message",
        "user": "U08C464NS",
        "text": "If you're into electronic music, you need to listen to this. Such a journey. <https:\/\/www.youtube.com\/watch?v=iRA82xLsb_w>",
        "attachments": [
            {
                "service_name": "YouTube",
                "service_url": "https:\/\/www.youtube.com\/",
                "title": "Eric Prydz - Opus (OUT NOW)",
                "title_link": "https:\/\/www.youtube.com\/watch?v=iRA82xLsb_w",
                "author_name": "Eric Prydz",
                "author_link": "https:\/\/www.youtube.com\/user\/EricPrydzTV",
                "thumb_url": "https:\/\/i.ytimg.com\/vi\/iRA82xLsb_w\/hqdefault.jpg",
                "thumb_width": 480,
                "thumb_height": 360,
                "fallback": "YouTube Video: Eric Prydz - Opus (OUT NOW)",
                "video_html": "<iframe width=\"400\" height=\"225\" src=\"https:\/\/www.youtube.com\/embed\/iRA82xLsb_w?feature=oembed\" frameborder=\"0\" allowfullscreen><\/iframe>",
                "video_html_width": 400,
                "video_html_height": 225,
                "from_url": "https:\/\/www.youtube.com\/watch?v=iRA82xLsb_w",
                "id": 1
            }
        ],
        "ts": "1439411143.000231"
    },
    {
        "type": "message",
        "user": "U08DD8LNP",
        "text": "<http:\/\/www.thrivenotes.com\/your-vote-doesnt-matter\/>",
        "attachments": [
            {
                "service_name": "Thrivenotes",
                "title": "Your Vote Doesn't Matter",
                "title_link": "http:\/\/www.thrivenotes.com\/your-vote-doesnt-matter\/",
                "text": "A Brief Treatise on the Futility of Mainstream Political Action and the Promise of Smart Contracts and Cryptographic Governance Before I touch on new techniques available to the aspiring political ...",
                "fallback": "Thrivenotes: Your Vote Doesn't Matter",
                "thumb_url": "https:\/\/s0.wp.com\/i\/blank.jpg",
                "ts": 1431461307,
                "from_url": "http:\/\/www.thrivenotes.com\/your-vote-doesnt-matter\/",
                "thumb_width": 200,
                "thumb_height": 200,
                "id": 1
            }
        ],
        "ts": "1439418403.000233"
    },
    {
        "type": "message",
        "user": "U07GDL0H5",
        "text": "<http:\/\/blog.samaltman.com\/projects-and-companies>",
        "attachments": [
            {
                "service_name": "Sam Altman",
                "title": "Projects and Companies",
                "title_link": "http:\/\/blog.samaltman.com\/projects-and-companies",
                "text": "In the early days of my startup, I used to get slightly offended when people would refer to it as a \u201cproject\u201d.\u00a0 \u201cHow\u2019s your project going?\u201d seemed like the asker didn't take us seriously, even...",
                "fallback": "Sam Altman: Projects and Companies",
                "from_url": "http:\/\/blog.samaltman.com\/projects-and-companies",
                "id": 1
            }
        ],
        "ts": "1439421736.000235",
        "reactions": [
            {
                "name": "heavy_plus_sign",
                "users": [
                    "U08F438SK"
                ],
                "count": 1
            }
        ]
    },
    {
        "type": "message",
        "user": "U08ERPTQF",
        "text": "Great find <@U07GDL0H5> - at the moment we are still in an experimental phase, then project phase, then company",
        "ts": "1439423205.000237"
    },
    {
        "type": "message",
        "user": "U08D641AP",
        "text": "make it work, make it right, make it fast",
        "ts": "1439423252.000238"
    },
    {
        "type": "message",
        "user": "U08D641AP",
        "text": "(originally from PARC: <http:\/\/research.microsoft.com\/en-us\/um\/people\/blampson\/33-hints\/webpage.html> )",
        "ts": "1439423790.000239"
    },
    {
        "type": "message",
        "user": "U08DD8LNP",
        "text": "Someone asked me when we expected to have datt ready, I said the only timelines we were really operating on were \u201cwhen it\u2019s done, and as soon as possible\"",
        "ts": "1439423793.000240"
    },
    {
        "type": "message",
        "user": "U08EZP01H",
        "text": "<@U07GDL0H5>: \"You worry more about pretend work...\" nailed it. Great read.",
        "ts": "1439424924.000241"
    }
]