[
    {
        "type": "message",
        "user": "U08CCGGG1",
        "text": "you guys have probably posted this somewhere so if so can you please point me to where there may be an ongoing discussion about this: <https:\/\/www.reddit.com\/r\/Bitcoin\/comments\/3gdad5\/meta_on_hardforking_if_bitcoin_is_so_vulnerable\/>",
        "attachments": [
            {
                "service_name": "reddit",
                "title": "[META] On hardforking: If Bitcoin is so vulnerable to reddit posts and a man who codes in the open, that it requires censorship to stay safe, perhaps it is destined for doom after all. \u2022 \/r\/Bitcoin",
                "title_link": "https:\/\/www.reddit.com\/r\/Bitcoin\/comments\/3gdad5\/meta_on_hardforking_if_bitcoin_is_so_vulnerable\/",
                "text": "To not violate \/u\/theymos' stated \"rules\", or at least make him commit incredible hypocrisy, I shall neither link to the post in question nor...",
                "fallback": "reddit: [META] On hardforking: If Bitcoin is so vulnerable to reddit posts and a man who codes in the open, that it requires censorship to stay safe, perhaps it is destined for doom after all. \u2022 \/r\/Bitcoin",
                "thumb_url": "https:\/\/www.redditstatic.com\/icon.png",
                "from_url": "https:\/\/www.reddit.com\/r\/Bitcoin\/comments\/3gdad5\/meta_on_hardforking_if_bitcoin_is_so_vulnerable\/",
                "thumb_width": 256,
                "thumb_height": 256,
                "id": 1
            }
        ],
        "ts": "1439228696.000197"
    },
    {
        "type": "message",
        "user": "U08CCGGG1",
        "text": "(another big reason for having a decentralized reddit)",
        "ts": "1439228711.000199"
    },
    {
        "type": "message",
        "user": "U08CCGGG1",
        "text": "For anyone who hasn\u2019t read this post, I highly recommend it.",
        "ts": "1439228966.000200"
    },
    {
        "type": "message",
        "user": "U08EZP01H",
        "text": "Might be good if it's the sort of problem you only have once.",
        "ts": "1439230219.000201"
    },
    {
        "type": "message",
        "user": "U08EZP01H",
        "text": "Never saw a contentious attempt at a hard fork coming. Curious.",
        "ts": "1439230250.000202"
    },
    {
        "type": "message",
        "user": "U07GDL0H5",
        "text": "yeah, saw that post already, definitely part of the motivation for this project. really annoying when mods take stances like that, and users don't even know. we should definitely take note of this post.",
        "ts": "1439230303.000203"
    }
]