[
    {
        "type": "message",
        "user": "U08MAKT70",
        "text": "Hm, it might be beneficial actually. As of now we are just using peerJS, so if <@U08F438SK> feels the server implementation is good enough for a prototype",
        "ts": "1442748549.000027"
    },
    {
        "type": "message",
        "user": "U08F438SK",
        "text": "I just want to get the UI integrated in the simplest multi-host prototype before upgrading the server",
        "ts": "1442764893.000028"
    },
    {
        "type": "message",
        "user": "U08ERPTQF",
        "text": "Cool. No pressure <@U08F438SK> ",
        "ts": "1442783352.000029"
    },
    {
        "type": "message",
        "user": "U08F438SK",
        "text": "no, pressure is good! Datt needs to happen, thanks for keeping fingers on the pulse. More details soon <@U08ERPTQF> ",
        "ts": "1442786043.000030",
        "reactions": [
            {
                "name": "simple_smile",
                "users": [
                    "U08ERPTQF"
                ],
                "count": 1
            }
        ]
    }
]