[
    {
        "type": "message",
        "user": "U08F438SK",
        "text": "Purpose is the best alarm. The chance to chip away at Datt for a couple hours before work made 5a feel like 10a :-) . ",
        "ts": "1439905504.000631",
        "reactions": [
            {
                "name": "+1",
                "users": [
                    "U08ERPTQF"
                ],
                "count": 1
            }
        ]
    },
    {
        "type": "message",
        "user": "U08F438SK",
        "text": "Getting close to a rewrite of content, content store , addition of p2p messages and making Datt object an EventEmitter, using that to propagate info. Also abstracting brain wallet and generation and persistence +  key stretching",
        "ts": "1439905719.000632",
        "reactions": [
            {
                "name": "+1",
                "users": [
                    "U08MAKT70",
                    "U07GDL0H5",
                    "U08ERPTQF",
                    "U08DD8LNP"
                ],
                "count": 4
            }
        ]
    },
    {
        "type": "message",
        "user": "U08F438SK",
        "text": "argh, gotta pause and go into office. definitely pushing tonight. mostly just writing tests and fixing bugs now",
        "ts": "1439914786.000633"
    },
    {
        "type": "message",
        "user": "U07GDL0H5",
        "text": "i started working putting the crypto into web workers\/threads, and came across this: <https:\/\/github.com\/josdejong\/workerpool>",
        "attachments": [
            {
                "service_name": "GitHub",
                "title": "josdejong\/workerpool",
                "title_link": "https:\/\/github.com\/josdejong\/workerpool",
                "text": "workerpool - Offload tasks to a pool of workers on node.js and in the browser",
                "fallback": "GitHub: josdejong\/workerpool",
                "thumb_url": "https:\/\/avatars1.githubusercontent.com\/u\/568626?v=3&s=400",
                "from_url": "https:\/\/github.com\/josdejong\/workerpool",
                "thumb_width": 400,
                "thumb_height": 400,
                "id": 1
            }
        ],
        "ts": "1439954766.000634",
        "reactions": [
            {
                "name": "+1",
                "users": [
                    "U08DD8LNP",
                    "U08F438SK",
                    "U08ERPTQF",
                    "U08MAKT70"
                ],
                "count": 4
            }
        ]
    },
    {
        "type": "message",
        "user": "U07GDL0H5",
        "text": "if we can use that, they have already written a lot of logic around managing workers that would be extremely useful",
        "ts": "1439954782.000636"
    },
    {
        "type": "message",
        "user": "U07GDL0H5",
        "text": "works both in node and a browser - child process forks in node, web workers in a browser - exactly how i think i should be done :simple_smile:",
        "ts": "1439954799.000637"
    },
    {
        "type": "message",
        "user": "U08DD8LNP",
        "text": "very nice find",
        "ts": "1439954940.000638"
    },
    {
        "type": "message",
        "user": "U08F438SK",
        "text": "Agreed",
        "ts": "1439955501.000639"
    }
]