[
    {
        "type": "message",
        "user": "U08FJ080J",
        "text": "Question to throw out there.... why are you restricting DATT to creating a social media platform? The _realprodukt_ of DATT is empowering: 1) consumers, to reward and gain access to quality content without sacrificing privacy, and 2) content creators, to monetize highly value content. \n\nThis isn't limited to just a social media application (although I understand having it as a first base\/MVP). \n\nThe web as we know it is a content generation tool without an in-built monetization mechanism. This is why we've seen ads dominate the internet as much as we have. So it seems to me that there is an opportunity for DATT to be something a bit bigger: a reinvention of the web with micropayments.\n\nLike SSL certificates and https brought public key encryption to billions of people, largely without their knowledge, micropayments could be done the same way - building it into a browser. Rather than create an application that has micropayments to reward content, why not wire up the entire web with micropayments?",
        "edited": {
            "user": "U08FJ080J",
            "ts": "1442670202.000000"
        },
        "ts": "1442669962.000114"
    },
    {
        "type": "message",
        "user": "U08FJ080J",
        "text": "Anyway, DATT is pretty far along its present course, but perhaps this is something to keep in mind. ",
        "ts": "1442671319.000117"
    },
    {
        "type": "message",
        "user": "U08MAKT70",
        "text": "I was thinking the exact same thing <@U08FJ080J>. Much like zeronet, but without the need of installing new software, and where people get paid to host content",
        "ts": "1442674516.000118"
    },
    {
        "type": "message",
        "user": "U08MAKT70",
        "text": "The optimal solution would be to build this as to different projects: the network part where all the logic of hosting, retrieving and paying for content, and then build the \u201csocial Datt\u201d on top of this layer",
        "ts": "1442674600.000119"
    },
    {
        "type": "message",
        "user": "U07GDL0H5",
        "text": "<@U08FJ080J>: i wouldn't say we are \"restricting\" datt, but rather focusing on social media as our first app. i don't want to reinvent the web as our first step because i think that's an enormous problem that a lot of people are already working on. if we are successful with a social media app, we will continue to take steps in the direction of reinventing the web.",
        "ts": "1442682963.000120",
        "reactions": [
            {
                "name": "+1",
                "users": [
                    "U08MAKT70",
                    "U08F438SK",
                    "U08ERPTQF",
                    "U08FJ080J"
                ],
                "count": 4
            }
        ]
    },
    {
        "type": "message",
        "user": "U07GDL0H5",
        "text": "<@U08MAKT70>: worth noting that the logic of hosting, retrieving and paying for content is exactly what ipfs proposes to solve",
        "ts": "1442683068.000121"
    },
    {
        "type": "message",
        "user": "U07GDL0H5",
        "text": "albeit with filecoin instead of bitcoin",
        "ts": "1442683083.000122"
    },
    {
        "type": "message",
        "user": "U07GDL0H5",
        "text": "and i also agree that at a logical level that it is how our application should be structured - which is exactly why datt-node is separated from datt.ui :simple_smile:",
        "ts": "1442683113.000123"
    },
    {
        "type": "message",
        "user": "U08MAKT70",
        "text": "<@U07GDL0H5>: Yes, I might have mixed up zeronet and ipfs in my argument",
        "ts": "1442683277.000124"
    },
    {
        "type": "message",
        "user": "U08F438SK",
        "text": "on way over on freeway, can't wait.",
        "ts": "1442692861.000125"
    },
    {
        "type": "message",
        "user": "U08F438SK",
        "text": "had coastal cleanup volunteer event this AM and tore my belt off, so had to grab another en route",
        "ts": "1442692949.000126"
    },
    {
        "type": "message",
        "user": "U08ERPTQF",
        "text": "While you guys are all together, it would be good to get an indication whether the prototype client will include wallet functionality for initiating payments, or is that moving out to MVP?",
        "ts": "1442694134.000127"
    },
    {
        "type": "message",
        "user": "U08ERPTQF",
        "text": "My focus today is contributing to the Technology section of the master plan",
        "ts": "1442695422.000128"
    },
    {
        "type": "message",
        "user": "U08F438SK",
        "text": "payments are essential but in the series of prototypes produced there will be a prototype without payments",
        "ts": "1442716107.000129"
    },
    {
        "type": "message",
        "user": "U08F438SK",
        "text": "MVP will have payments for sure",
        "ts": "1442716115.000130"
    },
    {
        "type": "message",
        "user": "U08ERPTQF",
        "text": "<@U08F438SK>: so I guess the first prototype is without a wallet or payments, the next may have payments, then MVP should have wallet &amp; payments.",
        "ts": "1442716871.000131"
    },
    {
        "type": "message",
        "user": "U08F438SK",
        "text": "yes this will be the progression",
        "ts": "1442720196.000132"
    }
]