[
    {
        "type": "message",
        "user": "U08CG8V89",
        "text": "that was a good article <@U08F438SK>. thanks for the link. as a writer, i'd have upvoted it on datt :simple_smile:",
        "ts": "1440330062.004283"
    },
    {
        "type": "message",
        "user": "U08ERPTQF",
        "text": "Would also be good to reach out to John Ratcliff as a volunteer mod of r\/Bitcoin to understand the curation challenges first hand <https:\/\/letstalkbitcoin.com\/blog\/post\/confessions-of-an-r-bitcoin-moderator>",
        "attachments": [
            {
                "service_name": "Let's Talk Bitcoin",
                "title": "Confessions of an \/r\/bitcoin moderator",
                "title_link": "https:\/\/letstalkbitcoin.com\/blog\/post\/confessions-of-an-r-bitcoin-moderator",
                "text": "It's Not What You Think I apologize for the title of this article because it is pure unadulterated click-bait. You started reading this because you thought you were going to to hear the dirty details of the inner sanctum of the bitcoin moderators; a secret cabal of initiates who conduct ceremonies and rituals under the cover of darkness to control the bitcoin community. Sadly, that is not the case. The vast bulk of our time and energy is devoted to removi...",
                "fallback": "Let's Talk Bitcoin: Confessions of an \/r\/bitcoin moderator",
                "image_url": "https:\/\/letstalkbitcoin.com\/files\/blogs\/1335-d55920ff1a2c6d8ddff8426bcb32d5cb39529dfb3d042ed5c13da8d49c499f94.jpg",
                "from_url": "https:\/\/letstalkbitcoin.com\/blog\/post\/confessions-of-an-r-bitcoin-moderator",
                "image_width": 250,
                "image_height": 250,
                "image_bytes": 56078,
                "id": 1
            }
        ],
        "ts": "1440366759.004284",
        "reactions": [
            {
                "name": "+1",
                "users": [
                    "U08F438SK"
                ],
                "count": 1
            }
        ]
    },
    {
        "user": "U09G3QHCL",
        "type": "message",
        "subtype": "channel_join",
        "text": "<@U09G3QHCL|eadsjr> has joined the channel",
        "ts": "1440381802.004286"
    }
]