[
    {
        "type": "message",
        "user": "U08ERPTQF",
        "text": "Google &amp; Twitter seem to be leading the charge with a simplified and easily cacheable publishing format. It should be interesting to see if this is an open standard a la microformats or the intended scope is only for 'publishing partners'.\n<http:\/\/www.nytimes.com\/2015\/09\/12\/technology\/google-twitter-and-publishers-seek-faster-web.html>",
        "ts": "1442055994.000039"
    },
    {
        "type": "message",
        "user": "U08D641AP",
        "text": "almost certainly angled towards micropayments",
        "ts": "1442090181.000040"
    },
    {
        "type": "message",
        "user": "U08ERPTQF",
        "text": "<@U08D641AP>: I'm not so sure it is... Easier caching, aggregation &amp; embedding seems to be the focus. I'm hoping we can adopt the format &amp; apply the micropayments :smiley: ",
        "ts": "1442094009.000041"
    },
    {
        "type": "message",
        "user": "U08F438SK",
        "text": ":+1: :-)",
        "ts": "1442097050.000042"
    },
    {
        "type": "message",
        "user": "U08F438SK",
        "text": "btw <@U07GDL0H5> IDEO presentation is a great summary of status and direction: <https:\/\/github.com\/dattnetwork\/dattdocs\/blob\/master\/presentations\/2015-09-02%20IDEO.pdf>",
        "attachments": [
            {
                "service_name": "GitHub",
                "title": "dattnetwork\/dattdocs",
                "title_link": "https:\/\/github.com\/dattnetwork\/dattdocs\/blob\/master\/presentations\/2015-09-02%20IDEO.pdf",
                "text": "dattdocs - Document all the things.",
                "fallback": "GitHub: dattnetwork\/dattdocs",
                "thumb_url": "https:\/\/avatars0.githubusercontent.com\/u\/13266895?v=3&s=400",
                "from_url": "https:\/\/github.com\/dattnetwork\/dattdocs\/blob\/master\/presentations\/2015-09-02%20IDEO.pdf",
                "thumb_width": 214,
                "thumb_height": 214,
                "id": 1
            }
        ],
        "ts": "1442097461.000043",
        "reactions": [
            {
                "name": "+1",
                "users": [
                    "U08C464NS",
                    "U08ERPTQF",
                    "U08DDGSNQ"
                ],
                "count": 3
            }
        ]
    }
]