[
    {
        "type": "message",
        "subtype": "file_share",
        "text": "<@U08F438SK|willy> uploaded a file: <https:\/\/dattnetwork.slack.com\/files\/willy\/F09T07KNC\/usingmockupstylesindattui.png|UsingMockupStylesInDattUI.png> and commented: trying to bring it all together: go1dfish's client + Chris' mockup HTML\/CSS + datt-node p2p\/storage code ",
        "file": {
            "id": "F09T07KNC",
            "created": 1441010014,
            "timestamp": 1441010014,
            "name": "UsingMockupStylesInDattUI.png",
            "title": "UsingMockupStylesInDattUI.png",
            "mimetype": "image\/png",
            "filetype": "png",
            "pretty_type": "PNG",
            "user": "U08F438SK",
            "editable": false,
            "size": 115130,
            "mode": "hosted",
            "is_external": false,
            "external_type": "",
            "is_public": true,
            "public_url_shared": false,
            "display_as_bot": false,
            "username": "",
            "url": "https:\/\/slack-files.com\/files-pub\/T07GDKW3U-F09T07KNC-0f1b9768df\/usingmockupstylesindattui.png",
            "url_download": "https:\/\/slack-files.com\/files-pub\/T07GDKW3U-F09T07KNC-0f1b9768df\/download\/usingmockupstylesindattui.png",
            "url_private": "https:\/\/files.slack.com\/files-pri\/T07GDKW3U-F09T07KNC\/usingmockupstylesindattui.png",
            "url_private_download": "https:\/\/files.slack.com\/files-pri\/T07GDKW3U-F09T07KNC\/download\/usingmockupstylesindattui.png",
            "thumb_64": "https:\/\/slack-files.com\/files-tmb\/T07GDKW3U-F09T07KNC-76d717affd\/usingmockupstylesindattui_64.png",
            "thumb_80": "https:\/\/slack-files.com\/files-tmb\/T07GDKW3U-F09T07KNC-76d717affd\/usingmockupstylesindattui_80.png",
            "thumb_360": "https:\/\/slack-files.com\/files-tmb\/T07GDKW3U-F09T07KNC-76d717affd\/usingmockupstylesindattui_360.png",
            "thumb_360_w": 360,
            "thumb_360_h": 130,
            "thumb_480": "https:\/\/slack-files.com\/files-tmb\/T07GDKW3U-F09T07KNC-76d717affd\/usingmockupstylesindattui_480.png",
            "thumb_480_w": 480,
            "thumb_480_h": 173,
            "thumb_160": "https:\/\/slack-files.com\/files-tmb\/T07GDKW3U-F09T07KNC-76d717affd\/usingmockupstylesindattui_160.png",
            "thumb_720": "https:\/\/slack-files.com\/files-tmb\/T07GDKW3U-F09T07KNC-76d717affd\/usingmockupstylesindattui_720.png",
            "thumb_720_w": 720,
            "thumb_720_h": 260,
            "thumb_960": "https:\/\/slack-files.com\/files-tmb\/T07GDKW3U-F09T07KNC-76d717affd\/usingmockupstylesindattui_960.png",
            "thumb_960_w": 960,
            "thumb_960_h": 346,
            "thumb_1024": "https:\/\/slack-files.com\/files-tmb\/T07GDKW3U-F09T07KNC-76d717affd\/usingmockupstylesindattui_1024.png",
            "thumb_1024_w": 1024,
            "thumb_1024_h": 369,
            "image_exif_rotation": 1,
            "original_w": 1850,
            "original_h": 667,
            "permalink": "https:\/\/dattnetwork.slack.com\/files\/willy\/F09T07KNC\/usingmockupstylesindattui.png",
            "permalink_public": "https:\/\/slack-files.com\/T07GDKW3U-F09T07KNC-0f1b9768df",
            "channels": [
                "C07GDL0Q7"
            ],
            "groups": [

            ],
            "ims": [

            ],
            "comments_count": 1,
            "initial_comment": {
                "id": "Fc09T0D9D2",
                "created": 1441010014,
                "timestamp": 1441010014,
                "user": "U08F438SK",
                "comment": "trying to bring it all together: go1dfish's client + Chris' mockup HTML\/CSS + datt-node p2p\/storage code "
            },
            "num_stars": 1
        },
        "user": "U08F438SK",
        "upload": true,
        "display_as_bot": false,
        "username": "<@U08F438SK|willy>",
        "bot_id": null,
        "ts": "1441010017.000062"
    },
    {
        "type": "message",
        "user": "U07GDL0H5",
        "text": "\"synapsi\" is ken miyoshi's new \"questions for a bounty\" site, sort of like a stack overflow with bitcoin <https:\/\/synapsi.com\/#sthash.anRYFgOo.dpbs>",
        "ts": "1441041391.000063"
    },
    {
        "type": "message",
        "user": "U07GDL0H5",
        "text": "fyi ... matan and primavera of backfeed came over to IDEO last week ... i've been in touch with them for a while. i think for the time being their technology is too theoretical for us to use. they have a centralized implementation of their protocol, but needs to be rebuilt in a decentralized way, presumably on ethereum. that will take a long time.",
        "ts": "1441046962.000064"
    },
    {
        "type": "message",
        "user": "U08DD8LNP",
        "text": "<@U08F438SK> feel free to wipe out my sidebar stuff, it was mainly there to demo the collective concept not based on any UX we were planning to have",
        "ts": "1441046966.000065"
    },
    {
        "type": "message",
        "user": "U08F31MGX",
        "text": "Does SF change during BM week? <https:\/\/dattnetwork.slack.com\/archives\/general\/p1440824516000037>",
        "attachments": [
            {
                "color": "4D394B",
                "from_url": "https:\/\/dattnetwork.slack.com\/archives\/general\/p1440824516000037",
                "fallback": "[August 28th, 2015 10:01 PM] ryanxcharles: hadn't planned on meeting. brad was the one organizing that and he's gone for BM. i intend to work on this though. i'd be happy to meet in SF. maybe just find some cool place with free wifi?",
                "author_subname": "ryanxcharles",
                "ts": 1440824516,
                "text": "hadn't planned on meeting. brad was the one organizing that and he's gone for BM. i intend to work on this though. i'd be happy to meet in SF. maybe just find some cool place with free wifi?",
                "author_link": "https:\/\/dattnetwork.slack.com\/team\/ryanxcharles",
                "author_icon": "https:\/\/secure.gravatar.com\/avatar\/17e6619ba42a009b25f1883641e64e1c.jpg?s=48&d=https%3A%2F%2Fslack.global.ssl.fastly.net%2F3654%2Fimg%2Favatars%2Fava_0021-48.png",
                "mrkdwn_in": [
                    "text"
                ],
                "id": 1
            }
        ],
        "ts": "1441055213.000066"
    },
    {
        "type": "message",
        "user": "U08F31MGX",
        "text": "I can imagine that a lot of stuff kind of slows down in dev land",
        "ts": "1441055224.000068"
    },
    {
        "type": "message",
        "user": "U08F31MGX",
        "text": "I know a lot of my crazy hacker friends because I camped with them heh",
        "ts": "1441055239.000069"
    },
    {
        "type": "message",
        "user": "U08EZP01H",
        "text": "Google Votes: A Liquid Democracy Experiment on a Corporate Social Network <http:\/\/www.tdcommons.org\/cgi\/viewcontent.cgi?article=1092&amp;context=dpubs_series>",
        "ts": "1441069464.000070",
        "reactions": [
            {
                "name": "+1",
                "users": [
                    "U08ERPTQF",
                    "U08F438SK"
                ],
                "count": 2
            }
        ]
    },
    {
        "type": "message",
        "user": "U08D641AP",
        "text": "really cool that they're experimenting with Liquid democracies... sad though that it's on Google+ when it could be crypto",
        "ts": "1441070888.000071"
    },
    {
        "type": "message",
        "user": "U08C9E7J5",
        "text": "Hey guys, sorry I haven't been active with datt. What's been done so far looks awesome \u2014 I hope to contribute to it soon!",
        "ts": "1441082442.000072",
        "reactions": [
            {
                "name": "simple_smile",
                "users": [
                    "U08F438SK"
                ],
                "count": 1
            }
        ]
    },
    {
        "type": "message",
        "user": "U07GDL0H5",
        "text": "awesome <@U08C9E7J5> :simple_smile:",
        "ts": "1441084692.000073"
    },
    {
        "type": "message",
        "user": "U08R6QWP3",
        "text": "That liquid democracy idea is very cool\u2026 It\u2019d be great on crypto, but as far as I know you still need a central authority for identification purposes.  Any cool solutions to the \u201c1 real person 1 vote\u201d problem?",
        "ts": "1441085180.000074"
    },
    {
        "user": "U09UQTE6Q",
        "type": "message",
        "subtype": "channel_join",
        "text": "<@U09UQTE6Q|nikosbentenitis> has joined the channel",
        "ts": "1441086490.000075"
    },
    {
        "type": "message",
        "user": "U07GDL0H5",
        "text": "welcome <@U09UQTE6Q> !",
        "ts": "1441086503.000076"
    },
    {
        "type": "message",
        "user": "U08F438SK",
        "text": "the liquid democracy stuff is fascinating, thanks for the link",
        "ts": "1441087367.000077"
    }
]