[
    {
        "type": "message",
        "user": "U08DD8LNP",
        "text": "This exactly why it needs to be possible to fork a community without losing it\u2026.",
        "ts": "1439706616.000375",
        "reactions": [
            {
                "name": "+1",
                "users": [
                    "U08ERPTQF"
                ],
                "count": 1
            }
        ]
    },
    {
        "type": "message",
        "user": "U08DD8LNP",
        "text": "<https:\/\/www.reddit.com\/r\/Bitcoin\/comments\/3h608a\/why_bitcoinxt_is_considered_offtopic\/>",
        "attachments": [
            {
                "service_name": "reddit",
                "title": "Why BitcoinXT is considered off-topic \u2022 \/r\/Bitcoin",
                "title_link": "https:\/\/www.reddit.com\/r\/Bitcoin\/comments\/3h608a\/why_bitcoinxt_is_considered_offtopic\/",
                "text": "Since there is a lot of controversy in the decision to treat BitcoinXT as off-topic on this subreddit, let me explain why this decision was...",
                "fallback": "reddit: Why BitcoinXT is considered off-topic \u2022 \/r\/Bitcoin",
                "thumb_url": "https:\/\/www.redditstatic.com\/icon.png",
                "from_url": "https:\/\/www.reddit.com\/r\/Bitcoin\/comments\/3h608a\/why_bitcoinxt_is_considered_offtopic\/",
                "thumb_width": 256,
                "thumb_height": 256,
                "id": 1
            }
        ],
        "ts": "1439706617.000376"
    },
    {
        "type": "message",
        "user": "U08DD8LNP",
        "text": "there is a huge rift in that subreddit now, both among the users and the mods and it will lead to a splintering",
        "ts": "1439706662.000378"
    }
]