[
    {
        "type": "message",
        "user": "U08DD8LNP",
        "text": "<https:\/\/www.reddit.com\/r\/technology\/comments\/3gynwu\/reddit_is_now_censoring_posts_and_communities_on\/>",
        "attachments": [
            {
                "service_name": "reddit",
                "title": "Reddit is now censoring posts and communities on a country-by-country basis \u2022 \/r\/technology",
                "title_link": "https:\/\/www.reddit.com\/r\/technology\/comments\/3gynwu\/reddit_is_now_censoring_posts_and_communities_on\/",
                "text": "8028 points and 3348 comments so far on reddit",
                "fallback": "reddit: Reddit is now censoring posts and communities on a country-by-country basis \u2022 \/r\/technology",
                "thumb_url": "https:\/\/www.redditstatic.com\/icon.png",
                "from_url": "https:\/\/www.reddit.com\/r\/technology\/comments\/3gynwu\/reddit_is_now_censoring_posts_and_communities_on\/",
                "thumb_width": 256,
                "thumb_height": 256,
                "id": 1
            }
        ],
        "ts": "1439598798.000371"
    },
    {
        "type": "message",
        "user": "U08DD8LNP",
        "text": "Pretty significant uproar in that thread",
        "ts": "1439598807.000372"
    },
    {
        "user": "U094X6WUT",
        "type": "message",
        "subtype": "channel_join",
        "text": "<@U094X6WUT|epsen> has joined the channel",
        "ts": "1439609157.000374"
    }
]