[
    {
        "type": "message",
        "user": "U08K9N7PU",
        "text": "This was a great read in regards to identity concealment <http:\/\/andrehaynes.me\/static\/AA_Reddit.pdf>",
        "ts": "1439904390.004230"
    },
    {
        "type": "message",
        "user": "U08F438SK",
        "text": "congrats <@U07GDL0H5> , post a pic of IDEO if you get a chance :simple_smile:",
        "ts": "1439915383.004231"
    },
    {
        "type": "message",
        "user": "U08CG8V89",
        "text": "assumingly most of you saw this: <https:\/\/about.gitlab.com\/2015\/08\/18\/gitlab-loves-mattermost> might be a useful alternative as the slack 10K message limit approaches",
        "attachments": [
            {
                "id": 1
            }
        ],
        "ts": "1439924768.004232"
    },
    {
        "type": "message",
        "user": "U08CG8V89",
        "text": "looks like that didn't FURL. this is the title: GitLab Mattermost, an open source on-premises Slack alternative",
        "ts": "1439924836.004234"
    },
    {
        "type": "message",
        "user": "U08MEV56D",
        "text": "<https:\/\/gist.github.com\/mnot\/382aca0b23b6bf082116#preserving-the-internet>",
        "attachments": [
            {
                "id": 1
            }
        ],
        "ts": "1439929664.004235",
        "reactions": [
            {
                "name": "+1",
                "users": [
                    "U08ERPTQF",
                    "U08DD8LNP"
                ],
                "count": 2
            }
        ]
    },
    {
        "type": "message",
        "user": "U08ELNFTP",
        "text": "Just published this, wanted to share it here and see what everyone thought\u2026please spread the word as I would love to see what other projects are floating out there: <https:\/\/medium.com\/@TonySwish\/raising-1-3-million-in-26-hours-marketing-augur-62c5a366198b?source=tw-f02b4adf731e-1439955480549>",
        "attachments": [
            {
                "service_name": "Medium",
                "title": "Raising $1.3 Million In 26 Hours, Marketing Augur",
                "title_link": "https:\/\/medium.com\/@TonySwish\/raising-1-3-million-in-26-hours-marketing-augur-62c5a366198b?source=tw-f02b4adf731e-1439955480549",
                "text": "Today is the second day of Augur\u2019s Reputation Token crowdsale and I\u2019m proud to say we raised $1.3 Million dollars in the\u2026",
                "fallback": "Medium: Raising $1.3 Million In 26 Hours, Marketing Augur",
                "image_url": "https:\/\/cdn-images-1.medium.com\/max\/800\/1*pJojeRTEd3SD7XEwhikJKA.png",
                "ts": 1439955083,
                "from_url": "https:\/\/medium.com\/@TonySwish\/raising-1-3-million-in-26-hours-marketing-augur-62c5a366198b?source=tw-f02b4adf731e-1439955480549",
                "image_width": 435,
                "image_height": 250,
                "image_bytes": 26296,
                "id": 1
            }
        ],
        "ts": "1439955774.004239"
    },
    {
        "type": "message",
        "user": "U07GDL0H5",
        "text": "awesome work <@U08ELNFTP> !",
        "ts": "1439955830.004241"
    },
    {
        "type": "message",
        "user": "U08ELNFTP",
        "text": "thanks! great to hear, been a rough day (way rougher than it should be with such good news)\u2026wanted to share how good things can go when done right",
        "ts": "1439955867.004242",
        "reactions": [
            {
                "name": "tada",
                "users": [
                    "U08F438SK",
                    "U08F2RTCN",
                    "U08ERPTQF",
                    "U08DD8LNP",
                    "U07GDL0H5",
                    "U08D641AP"
                ],
                "count": 6
            }
        ]
    },
    {
        "type": "message",
        "user": "U08F438SK",
        "text": "really great medium post, thanks for sharing that",
        "ts": "1439962647.004243"
    }
]