[
    {
        "type": "message",
        "user": "U07GDL0H5",
        "text": "this commit is worth celebrating: <https:\/\/github.com\/dattnetwork\/datt\/commit\/0143900c44583082605340c2702ff0520e0854e8>",
        "attachments": [
            {
                "service_name": "GitHub",
                "title": "add wallet withdrawal ability to UI \u00b7 dattnetwork\/datt@0143900 \u00b7 GitHub",
                "title_link": "https:\/\/github.com\/dattnetwork\/datt\/commit\/0143900c44583082605340c2702ff0520e0854e8",
                "text": "You can now withdraw from the Datt wallet. So the built-in bitcoin wallet is mostly working now. There are definitely some bugs that will have to be solved before letting anyone put real money in t...",
                "fallback": "GitHub: add wallet withdrawal ability to UI \u00b7 dattnetwork\/datt@0143900",
                "thumb_url": "https:\/\/avatars1.githubusercontent.com\/u\/63740?v=3&s=200",
                "from_url": "https:\/\/github.com\/dattnetwork\/datt\/commit\/0143900c44583082605340c2702ff0520e0854e8",
                "thumb_width": 200,
                "thumb_height": 200,
                "id": 1
            }
        ],
        "ts": "1449625777.000030",
        "reactions": [
            {
                "name": "champagne",
                "users": [
                    "U08EZP01H",
                    "U08EKTS7P",
                    "U08MAKT70",
                    "U0GCV4LN7"
                ],
                "count": 4
            },
            {
                "name": "+1",
                "users": [
                    "U08DH3ESU",
                    "U08FJ080J",
                    "U08FELZL7",
                    "U0GCV4LN7",
                    "U08ERPTQF"
                ],
                "count": 5
            }
        ]
    }
]