[
    {
        "type": "message",
        "user": "U08CG8V89",
        "text": "i don't think this was ever posted. one of the users from <http:\/\/valME.io|valME.io> mentioned it. from <https:\/\/empeopled.com\/faq>: \"How does Empeopled work?\n\nWhen someone up-votes your post or comment you instantly get credited a small amount of Bitcoin. \n\nOn top of that, as you accumulate up-votes, your vote carries an increasingly greater weight. \n\nSince trending content is determined by the amount of votes content gets, a greater voting weight means you have more say on who and what people pay attention to. \n\nLastly, since Empeopled is managed by its members, a greater voting weight also gives you more say on its future features, how its money is managed, its rules, and who its moderators are. \"",
        "ts": "1448033261.000019"
    },
    {
        "type": "message",
        "user": "U08CG8V89",
        "text": "also be sure to check out \"How much is each up-vote worth?\" and \"How do commissions work?\"",
        "ts": "1448033371.000020"
    },
    {
        "type": "message",
        "user": "U07GDL0H5",
        "text": "empeopled is on the list of related technologies, it's worth a reminder, thanks",
        "ts": "1448039021.000021"
    },
    {
        "type": "message",
        "user": "U08CG8V89",
        "text": "ah, my bad",
        "ts": "1448039035.000022"
    }
]