[
    {
        "type": "message",
        "user": "U07GDL0H5",
        "text": "unfortunately I was not accepted into YC. got a generic rejection message. fortunately, however, i was invited to interview with LAUNCH. that will be next week.",
        "ts": "1446138280.000259"
    },
    {
        "user": "U0DEY44GZ",
        "type": "message",
        "subtype": "channel_join",
        "text": "<@U0DEY44GZ|jason> has joined the channel",
        "ts": "1446142278.000260"
    },
    {
        "type": "message",
        "user": "U08EKTS7P",
        "text": "bummer + congrats!",
        "ts": "1446143162.000261"
    },
    {
        "type": "message",
        "user": "U07GDL0H5",
        "text": "thx :simple_smile:",
        "ts": "1446144122.000262"
    },
    {
        "type": "message",
        "user": "U08CG8V89",
        "text": "<@U07GDL0H5>: please don't let it deter you in any way. This is a difficult idea to sell.",
        "ts": "1446144385.000263"
    },
    {
        "type": "message",
        "user": "U07GDL0H5",
        "text": "<@U08CG8V89>: thx, agreed :simple_smile:",
        "ts": "1446146619.000264"
    },
    {
        "user": "U0DFQM8NM",
        "type": "message",
        "subtype": "channel_join",
        "text": "<@U0DFQM8NM|jesse> has joined the channel",
        "ts": "1446166188.000265"
    },
    {
        "type": "message",
        "user": "U0DFQM8NM",
        "text": "<https:\/\/www.reddit.com\/r\/Bitcoin\/comments\/3qr99v\/public_launch_of_bitcoinpowered_decentralized\/cwhuf7z>",
        "attachments": [
            {
                "service_name": "reddit",
                "title": "Public Launch of Bitcoin-Powered, Decentralized Reddit Alternative Possible in March \u2022 \/r\/Bitcoin",
                "title_link": "https:\/\/www.reddit.com\/r\/Bitcoin\/comments\/3qr99v\/public_launch_of_bitcoinpowered_decentralized\/cwhuf7z",
                "text": "41 points and 9 comments so far on reddit",
                "fallback": "reddit: Public Launch of Bitcoin-Powered, Decentralized Reddit Alternative Possible in March \u2022 \/r\/Bitcoin",
                "thumb_url": "https:\/\/i.redditmedia.com\/QU4A3qBWqcOCj3gZjpIi6RY45gFI3jgRbzxcAZRINm0.jpg?w=320&s=9b0879032f90c94ef362c8965f73d63d",
                "from_url": "https:\/\/www.reddit.com\/r\/Bitcoin\/comments\/3qr99v\/public_launch_of_bitcoinpowered_decentralized\/cwhuf7z",
                "thumb_width": 319,
                "thumb_height": 212,
                "id": 1
            }
        ],
        "ts": "1446167253.000266"
    },
    {
        "type": "message",
        "user": "U0DFQM8NM",
        "text": "I don\u2019t think it\u2019s a bad name either",
        "ts": "1446167284.000268"
    },
    {
        "type": "message",
        "user": "U07GDL0H5",
        "text": "\"The moment I saw the name Datt, I immediately knew it was a winner. \"  ... ha, i guess i won't show that person my alternative name brainstorms :simple_smile:",
        "ts": "1446169804.000269"
    },
    {
        "type": "message",
        "user": "U08EZP01H",
        "text": "An upside, with Datt you have the advantage of your branding not coming with much pre-packaged connotations. You get to define its meaning without having to worry about knee jerk reactions; it's a fresh label.",
        "ts": "1446170219.000270"
    },
    {
        "type": "message",
        "user": "U07GDL0H5",
        "text": "agreed",
        "ts": "1446170283.000271"
    },
    {
        "type": "message",
        "user": "U07GDL0H5",
        "text": "\"Some social media platform (perhaps Datt) will eventually figure out how to allow content creators to monetize their content via a direct connection with their audience. Once that happens, it will be interesting to see what happens to traditional outlets for news articles, ebooks, videos, podcasts, music, and basically every other form of online content.\" ... this person gets it",
        "ts": "1446170560.000272"
    }
]