[
    {
        "type": "message",
        "user": "U0EHYFCH0",
        "text": "so how do we test this across or between us",
        "ts": "1449851897.000040"
    },
    {
        "type": "message",
        "user": "U0EHYFCH0",
        "text": "send dummy files to each other",
        "ts": "1449851902.000041"
    },
    {
        "type": "message",
        "user": "U0EHYFCH0",
        "text": "also congratulations!",
        "ts": "1449851993.000042"
    },
    {
        "user": "U0GE8U52T",
        "type": "message",
        "subtype": "channel_join",
        "text": "<@U0GE8U52T|j24j243159> has joined the channel",
        "ts": "1449854069.000043"
    },
    {
        "type": "message",
        "user": "U07GDL0H5",
        "text": "<https:\/\/twitter.com\/ryanxcharles\/status\/675401309063806977>",
        "attachments": [
            {
                "fallback": "<https:\/\/twitter.com\/ryanxcharles|@ryanxcharles>: This winter, I'm circumnavigating the planet and teaching blockchain all over the world. Should I tweet my trip?",
                "ts": 1449863195,
                "author_name": "Ryan X. Charles",
                "author_link": "https:\/\/twitter.com\/ryanxcharles\/status\/675401309063806977",
                "author_icon": "https:\/\/pbs.twimg.com\/profile_images\/2843317961\/06eecfd8db67d57ed4c5718c8db35aa5_normal.jpeg",
                "author_subname": "@ryanxcharles",
                "text": "This winter, I'm circumnavigating the planet and teaching blockchain all over the world. Should I tweet my trip?",
                "service_name": "twitter",
                "service_url": "https:\/\/twitter.com\/",
                "from_url": "https:\/\/twitter.com\/ryanxcharles\/status\/675401309063806977",
                "id": 1
            }
        ],
        "ts": "1449863941.000044",
        "reactions": [
            {
                "name": "white_check_mark",
                "users": [
                    "U08EZP01H"
                ],
                "count": 1
            },
            {
                "name": "+1",
                "users": [
                    "U08F2RTCN"
                ],
                "count": 1
            }
        ]
    },
    {
        "type": "message",
        "user": "U07GDL0H5",
        "text": "Prototype <http:\/\/blog.datt.co\/articles\/2015-12-11-prototype\/>",
        "ts": "1449872174.000046"
    },
    {
        "type": "message",
        "user": "U07GDL0H5",
        "text": "interesting stats: datt is 3905 lines of code, or 7134 includes tests. fullnode is 8722 lines of code, or 16280 including tests. all put together it's 12627 lines without tests, or 23414 lines with tests.",
        "ts": "1449875934.000047"
    }
]