[
    {
        "type": "message",
        "user": "U08F438SK",
        "text": "what times?",
        "ts": "1443286251.000164"
    },
    {
        "type": "message",
        "user": "U08F438SK",
        "text": "This afternoon there is the 2nd-to-last group at Entropi before we shut down but I might be able to get my spot covered so I can attend if drop-ins are allowed",
        "ts": "1443286394.000165"
    },
    {
        "type": "message",
        "user": "U07GDL0H5",
        "text": "1:30pm - walkins not normally allowed, but i'll be sure you get in :simple_smile:",
        "ts": "1443288341.000166"
    },
    {
        "type": "message",
        "user": "U08F438SK",
        "text": "awesome. let me see if I can get this afternoon's session covered at Entropi",
        "ts": "1443290606.000167"
    },
    {
        "type": "message",
        "user": "U08F438SK",
        "text": "OK, headed out that way",
        "ts": "1443293071.000168"
    }
]