[
    {
        "type": "message",
        "user": "U08FELZL7",
        "text": "Anybody heard of Blendle? A platform that aggregates articles from a variety of newspapers and magazines and sells them on a pay-per-article basis. Only available in Netherlands and Germany right now, but international expansion is planned (they already have a deal with The Wall Street Journal and The Washington Post); 400 000 users in September 2015.\nInteresting article on Medium by the main founder, Alexander Kl\u00f6pping: <https:\/\/medium.com\/on-blendle\/blendle-a-radical-experiment-with-micropayments-in-journalism-365-days-later-f3b799022edc>\nGreat insights:\n1)  \u201cWe don\u2019t sell a lot of news in Blendle. People apparently don\u2019t want to spend money on something they can get everywhere for free now. People do spend money on background pieces. Great analysis. Opinion pieces. Long interviews. Stuff like that. In other words: people don\u2019t want to spend money on the \u2018what\u2019, they want to spend money on the \u2018why\u2019.\u201d\n2) \u201cMicropayments and refunds create a great metric for quality\u201d. \nI like that Blendle also offers the possibility for users to ask for a refund, in case the article is a clickbait; this is the perfect quality control tool.\n3) \u201cIts money from people who weren\u2019t paying for journalism before. My friends have never paid for music and movies, until Spotify and Netflix. And with Blendle, they\u2019re paying for journalism, often for the first time in their lives\u201d.",
        "attachments": [
            {
                "service_name": "Medium",
                "title": "Blendle: A radical experiment with micropayments in journalism, 365 days later \u2014 On Blendle",
                "title_link": "https:\/\/medium.com\/on-blendle\/blendle-a-radical-experiment-with-micropayments-in-journalism-365-days-later-f3b799022edc",
                "text": "One year of journalism without subscriptions, without ads and without clickbait",
                "fallback": "Medium: Blendle: A radical experiment with micropayments in journalism, 365 days later \u2014 On Blendle",
                "image_url": "https:\/\/cdn-images-1.medium.com\/max\/800\/1*62JM_uL7uijql38HX9Y_2w.jpeg",
                "ts": 1430241029,
                "from_url": "https:\/\/medium.com\/on-blendle\/blendle-a-radical-experiment-with-micropayments-in-journalism-365-days-later-f3b799022edc",
                "image_width": 375,
                "image_height": 250,
                "image_bytes": 149272,
                "id": 1
            }
        ],
        "ts": "1443546867.000201",
        "reactions": [
            {
                "name": "+1",
                "users": [
                    "U08ERPTQF",
                    "U08EZP01H",
                    "U08F438SK"
                ],
                "count": 3
            },
            {
                "name": "simple_smile",
                "users": [
                    "U08F438SK"
                ],
                "count": 1
            }
        ]
    },
    {
        "type": "message",
        "user": "U07GDL0H5",
        "text": "awesome ... very relevant",
        "ts": "1443547974.000203"
    },
    {
        "type": "message",
        "user": "U08ERPTQF",
        "text": "Interesting the Blendle also has curators that users can follow.",
        "ts": "1443551722.000204"
    },
    {
        "type": "message",
        "user": "U08ERPTQF",
        "text": "In some ways Datt is aiming to be like Blendle for the open web, not just newspapers.",
        "ts": "1443551833.000205"
    },
    {
        "type": "message",
        "user": "U08EZP01H",
        "text": "really clean presentation too.",
        "ts": "1443562416.000206"
    },
    {
        "type": "message",
        "user": "U08DH3ESU",
        "text": "The point about Blendle that I have an issue with is 'Payment per article', however small it might be. There is no long term value of holding on to journalistic content (even if it is the 'why' or 'how' and not 'what' part of news\/analysis). I would love to see a subscription based model where you can pay extra for content not on offer thru' a standard package. (Something like base package + additional for analysis etc). But, newspapers would not like this as it might lead to cancellation of subscriptions at their sites. Double edged sword. :simple_smile:",
        "ts": "1443577907.000207"
    },
    {
        "type": "message",
        "user": "U0AV4U333",
        "text": "<@U08DH3ESU>: what\u2019s the general issue with pay per article?",
        "ts": "1443594802.000208"
    },
    {
        "type": "message",
        "user": "U0AV4U333",
        "text": "i.e. why is there no long term value of holding on to journalistic content",
        "ts": "1443594820.000209"
    },
    {
        "type": "message",
        "user": "U0AV4U333",
        "text": "and what does that mean?",
        "ts": "1443594824.000210"
    }
]