[
    {
        "user": "U0FGYGG67",
        "type": "message",
        "subtype": "channel_join",
        "text": "<@U0FGYGG67|paulkohl> has joined the channel",
        "ts": "1448898068.000027"
    },
    {
        "type": "message",
        "user": "U07GDL0H5",
        "text": "Towards a Prototype 7 <http:\/\/blog.datt.co\/articles\/2015-11-30-towards-a-prototype-7\/>",
        "ts": "1448911184.000028",
        "reactions": [
            {
                "name": "rocket",
                "users": [
                    "U08EZP01H",
                    "U08MAKT70",
                    "U08DH3ESU",
                    "U08FJ080J",
                    "U08F438SK",
                    "U08F2RTCN"
                ],
                "count": 6
            }
        ]
    }
]