[
    {
        "type": "message",
        "user": "U08C464NS",
        "text": "<@U08F438SK>: thanks :simple_smile: (I'm NODE11)",
        "ts": "1450685677.000102"
    },
    {
        "user": "U0H3VL683",
        "type": "message",
        "subtype": "channel_join",
        "text": "<@U0H3VL683|edmund> has joined the channel",
        "ts": "1450705146.000103"
    },
    {
        "type": "message",
        "user": "U08F438SK",
        "text": "oops <@U08C464NS> :simple_smile:, makes sense, all your mocks have been awesome",
        "ts": "1450748244.000104"
    },
    {
        "type": "message",
        "user": "U07GDL0H5",
        "text": "<https:\/\/twitter.com\/ryanxcharles\/status\/679139918229037056>",
        "attachments": [
            {
                "fallback": "<https:\/\/twitter.com\/ryanxcharles|@ryanxcharles>: Best place to start a business.",
                "ts": 1450754548,
                "author_name": "\u30e9\u30a4\u30a2\u30f3 \u30a8\u30af\u30b9. \u30c1\u30e3\u30fc\u30eb\u30ba",
                "author_link": "https:\/\/twitter.com\/ryanxcharles\/status\/679139918229037056",
                "author_icon": "https:\/\/pbs.twimg.com\/profile_images\/2843317961\/06eecfd8db67d57ed4c5718c8db35aa5_normal.jpeg",
                "author_subname": "@ryanxcharles",
                "text": "Best place to start a business.",
                "service_name": "twitter",
                "service_url": "https:\/\/twitter.com\/",
                "from_url": "https:\/\/twitter.com\/ryanxcharles\/status\/679139918229037056",
                "id": 1
            }
        ],
        "ts": "1450755324.000105"
    }
]