[
    {
        "type": "message",
        "user": "U08F438SK",
        "text": "agreed <@U08C464NS>",
        "ts": "1445824880.000218"
    },
    {
        "type": "message",
        "user": "U08F438SK",
        "text": "BTW wanted to say I am still following this  with excitement. Hate that since Ryan's awesome rewrite in sprint up to YC I have been basically uninvolved -- turned out that I can't afford the risk at this time and owe my current employer too much to commit to more than occasional open source commits right now. ",
        "ts": "1445826235.000219"
    },
    {
        "type": "message",
        "user": "U08F438SK",
        "text": "absolutely amazing progress though <@U07GDL0H5> -- looking forward to prototype :-)",
        "ts": "1445826373.000220"
    },
    {
        "type": "message",
        "user": "U07GDL0H5",
        "text": ":+1:",
        "ts": "1445826926.000221"
    },
    {
        "type": "message",
        "user": "U07GDL0H5",
        "text": "Transactions and Blocks in Ridiculous Detail (PDF) <https:\/\/github.com\/ryanxcharles\/blockchain-university\/blob\/master\/slides\/2015-10-26-transactions-and-blocks.pdf>",
        "attachments": [
            {
                "service_name": "GitHub",
                "title": "ryanxcharles\/blockchain-university",
                "title_link": "https:\/\/github.com\/ryanxcharles\/blockchain-university\/blob\/master\/slides\/2015-10-26-transactions-and-blocks.pdf",
                "text": "blockchain-university - Blockchain University code examples and slides.",
                "fallback": "GitHub: ryanxcharles\/blockchain-university",
                "thumb_url": "https:\/\/avatars3.githubusercontent.com\/u\/63740?v=3&s=400",
                "from_url": "https:\/\/github.com\/ryanxcharles\/blockchain-university\/blob\/master\/slides\/2015-10-26-transactions-and-blocks.pdf",
                "thumb_width": 266,
                "thumb_height": 266,
                "id": 1
            }
        ],
        "ts": "1445834989.000222"
    },
    {
        "type": "message",
        "user": "U07GDL0H5",
        "text": "Bitcoin Cryptography: Hash Functions and Elliptic Curves (PDF) <https:\/\/github.com\/ryanxcharles\/blockchain-university\/blob\/master\/slides\/2015-10-26-bitcoin-cryptography.pdf>",
        "attachments": [
            {
                "service_name": "GitHub",
                "title": "ryanxcharles\/blockchain-university",
                "title_link": "https:\/\/github.com\/ryanxcharles\/blockchain-university\/blob\/master\/slides\/2015-10-26-bitcoin-cryptography.pdf",
                "text": "blockchain-university - Blockchain University code examples and slides.",
                "fallback": "GitHub: ryanxcharles\/blockchain-university",
                "thumb_url": "https:\/\/avatars3.githubusercontent.com\/u\/63740?v=3&s=400",
                "from_url": "https:\/\/github.com\/ryanxcharles\/blockchain-university\/blob\/master\/slides\/2015-10-26-bitcoin-cryptography.pdf",
                "thumb_width": 266,
                "thumb_height": 266,
                "id": 1
            }
        ],
        "ts": "1445835017.000224"
    },
    {
        "type": "message",
        "user": "U07GDL0H5",
        "text": "...giving both of those presentations tomorow at Blockchain University. input appreciated :simple_smile:",
        "ts": "1445835046.000226"
    },
    {
        "type": "message",
        "user": "U07GDL0H5",
        "text": "giving those and 3 more presentations at BCU this week, plus the presentation at SF Bitcoin Social - probably the most presentations i've ever given in a single week",
        "ts": "1445835080.000227"
    },
    {
        "type": "message",
        "user": "U08DH3ESU",
        "text": "Quick question: what is the level of the audience? Beginners\/moderately know about bitcoin &amp; blockchain\/programming for the next big application :simple_smile:",
        "ts": "1445837521.000228"
    }
]