[
    {
        "type": "message",
        "user": "U07GDL0H5",
        "text": "this article is pretty relevant: <https:\/\/medium.com\/@maciejolpinski\/decentralising-facebook-with-blockchain-and-userfeeds-fcd25e4de097#.bd3im3bsa>",
        "attachments": [
            {
                "service_name": "Medium",
                "title": "Decentralising Facebook with Blockchains and Userfeeds.",
                "title_link": "https:\/\/medium.com\/@maciejolpinski\/decentralising-facebook-with-blockchain-and-userfeeds-fcd25e4de097#.bd3im3bsa",
                "text": "Part 1. The Problem.",
                "fallback": "Medium: Decentralising Facebook with Blockchains and Userfeeds.",
                "image_url": "https:\/\/cdn-images-1.medium.com\/max\/800\/1*derVlXxadZhJgShz-cBXOw.png",
                "fields": [
                    {
                        "title": "Reading time",
                        "value": "8 mins :clock2:",
                        "short": true
                    },
                    {
                        "title": "Recommends",
                        "value": "6 :green_heart:",
                        "short": true
                    }
                ],
                "ts": 1450275302,
                "from_url": "https:\/\/medium.com\/@maciejolpinski\/decentralising-facebook-with-blockchain-and-userfeeds-fcd25e4de097#.bd3im3bsa",
                "image_width": 730,
                "image_height": 250,
                "image_bytes": 7472,
                "id": 1
            }
        ],
        "ts": "1450393329.000070",
        "reactions": [
            {
                "name": "+1",
                "users": [
                    "U08C464NS",
                    "U08ERPTQF",
                    "U08F438SK"
                ],
                "count": 3
            },
            {
                "name": "runner",
                "users": [
                    "U0GUE9R9T"
                ],
                "count": 1
            }
        ]
    },
    {
        "type": "message",
        "user": "U08ERPTQF",
        "text": "<@U07GDL0H5>: it's uncanny how similar this is to some of our earlier thinking around Listings and user centric content curation",
        "ts": "1450397939.000072"
    },
    {
        "type": "message",
        "user": "U08C464NS",
        "text": "A lot of people are thinking about this stuff. It seems like the next logical step. Maybe they're ghosting in this slack and saw us talking about it :stuck_out_tongue:",
        "ts": "1450397999.000073"
    },
    {
        "type": "message",
        "user": "U08ERPTQF",
        "text": ":wink: yea the gates are fairly open for anyone who can innovate the fastest. The smart contract between brand and user is a really clever way to dis intermediate the 'ad platform', while I'd expect they could monetize the 'contract platform' instead",
        "ts": "1450398244.000074"
    },
    {
        "type": "message",
        "user": "U08C464NS",
        "text": "Yeah I thought that was an interesting idea",
        "ts": "1450398280.000075"
    },
    {
        "type": "message",
        "user": "U08C464NS",
        "text": "It'd be like the blanket Star Wars coverage right now. Imagine Disney just auto searching the top 1000 influential people on the network and sending the contract",
        "edited": {
            "user": "U08C464NS",
            "ts": "1450398421.000000"
        },
        "ts": "1450398393.000076"
    },
    {
        "type": "message",
        "user": "U08ERPTQF",
        "text": "There needs to be an intrinsic cost to creating those contracts to discourage spam.",
        "ts": "1450398424.000078"
    },
    {
        "type": "message",
        "user": "U08C464NS",
        "text": "Yeah. Maybe the followers of the user would be the judge of that. If they were spamming ads 24\/7, perhaps their popularity would wane?",
        "ts": "1450398483.000079"
    },
    {
        "type": "message",
        "user": "U08C464NS",
        "text": "Also, with a system like Datt, very popular people could potentially earn a significant income directly from upvotes and likes",
        "ts": "1450398537.000080"
    },
    {
        "type": "message",
        "user": "U08ERPTQF",
        "text": "It's the old quantity\/quality trade off. There's multiple ways for users to earn from the value of their content or reputation",
        "ts": "1450398628.000081"
    },
    {
        "type": "message",
        "user": "U08C464NS",
        "text": "it could potentially replace systems like Patreon too right? cool to think about :simple_smile:",
        "ts": "1450398687.000082"
    },
    {
        "type": "message",
        "user": "U08ERPTQF",
        "text": "Datt nodes will likely also emerge that filter any paid-content :)",
        "ts": "1450398724.000083"
    },
    {
        "type": "message",
        "user": "U08C464NS",
        "text": "It'll be cool to see which out of paid\/non-paid wins",
        "ts": "1450399065.000084"
    },
    {
        "type": "message",
        "user": "U08C464NS",
        "text": "The free one will be like 4chan",
        "ts": "1450399188.000086"
    },
    {
        "type": "message",
        "user": "U08ERPTQF",
        "text": "I also like how this ties in with the projected trust concept <@U08FMHVJ4> shared",
        "ts": "1450399242.000087"
    },
    {
        "type": "message",
        "user": "U08C464NS",
        "text": "I didn't see that link",
        "ts": "1450399385.000088"
    },
    {
        "type": "message",
        "user": "U08ERPTQF",
        "text": "<@U08C464NS>: agree that the least moderated listings will spawn 4chan content",
        "ts": "1450399431.000089"
    },
    {
        "type": "message",
        "user": "U08ERPTQF",
        "text": "<@U08C464NS> <https:\/\/dattnetwork.slack.com\/archives\/general\/p1447037101000005>",
        "attachments": [
            {
                "color": "4D394B",
                "from_url": "https:\/\/dattnetwork.slack.com\/archives\/general\/p1447037101000005",
                "fallback": "[November 8th, 2015 6:45 PM] greg: <@U07GDL0H5>: regarding mods, you may want to look into Dionysis\u2019 notion of \u201cprojected trust\u201d <https:\/\/gist.github.com\/dionyziz\/e3b296861175e0ebea4b>",
                "author_subname": "greg",
                "ts": "1447037101.000005",
                "text": "<@U07GDL0H5>: regarding mods, you may want to look into Dionysis\u2019 notion of \u201cprojected trust\u201d <https:\/\/gist.github.com\/dionyziz\/e3b296861175e0ebea4b>",
                "author_name": "okTurtles",
                "author_link": "https:\/\/dattnetwork.slack.com\/team\/greg",
                "author_icon": "https:\/\/avatars.slack-edge.com\/2015-08-01\/8531788420_b464a5e806b4b70dd7f5_48.jpg",
                "mrkdwn_in": [
                    "text"
                ],
                "id": 1
            }
        ],
        "ts": "1450399486.000090",
        "reactions": [
            {
                "name": "+1",
                "users": [
                    "U08C464NS"
                ],
                "count": 1
            }
        ]
    },
    {
        "type": "message",
        "user": "U08C464NS",
        "text": "that's a big read, I'll bookmark it for later :simple_smile: thanks for the link",
        "ts": "1450399891.000093",
        "reactions": [
            {
                "name": "simple_smile",
                "users": [
                    "U08ERPTQF"
                ],
                "count": 1
            }
        ]
    },
    {
        "type": "message",
        "user": "U08DGB0F2",
        "text": "Hello people of Datt, I wanted to send you a quick message letting you know that we are looking for regular contributors at <http:\/\/www.diginomics.com|www.diginomics.com>. I am letting a handful of close contacts know of our opening for regular contributors of bitcoin news &amp; content.\n\nDirect bitcoin compensation will be made on a per-article basis. Send me a DM if you are interested in contributing.",
        "ts": "1450401749.000094"
    },
    {
        "user": "U0GUE9R9T",
        "type": "message",
        "subtype": "channel_join",
        "text": "<@U0GUE9R9T|donpdonp> has joined the channel",
        "ts": "1450405182.000095"
    },
    {
        "type": "message",
        "user": "U0EH5QEJD",
        "text": "any one knocked out turn and stun servers yet?",
        "ts": "1450411196.000096"
    }
]