[
    {
        "user": "U0E62G1S8",
        "type": "message",
        "subtype": "channel_join",
        "text": "<@U0E62G1S8|postcard> has joined the channel",
        "ts": "1447107558.000016"
    },
    {
        "type": "message",
        "user": "U07GDL0H5",
        "text": "an article about google's new open-source AI product: <http:\/\/www.popsci.com\/google-ai>",
        "attachments": [
            {
                "service_name": "Popular Science",
                "title": "How Google Aims To Dominate Artificial Intelligence",
                "title_link": "http:\/\/www.popsci.com\/google-ai",
                "text": "The search giant is making its AI open source so anyone can use it",
                "fallback": "Popular Science: How Google Aims To Dominate Artificial Intelligence",
                "image_url": "http:\/\/www.popsci.com\/sites\/popsci.com\/files\/custom-touts\/2015\/11\/popscijohnchaeimage1.jpg",
                "from_url": "http:\/\/www.popsci.com\/google-ai",
                "image_width": 444,
                "image_height": 250,
                "image_bytes": 6341183,
                "id": 1
            }
        ],
        "ts": "1447120116.000017"
    },
    {
        "type": "message",
        "user": "U07GDL0H5",
        "text": "although i don't see any immedate use for this in datt, long-term this is the type of thing we can use to classify data and bring more relevant content to users",
        "ts": "1447120140.000019"
    }
]