[
    {
        "type": "message",
        "user": "U08C464NS",
        "text": "Just to add my feedback for the weekend. I think it's great that there are so many people contributing ideas, exploring how it could work in this early stage :simple_smile:. However, this might prove to be a hindrance as things progress (too many cooks!). Maybe there should be a singular vision in the technical, design and business aspects, so things can move faster, while remaining consistent. I know it's early days, but might be something to think about! Nice meeting you all :simple_smile:",
        "ts": "1438593781.003316",
        "reactions": [
            {
                "name": "+1",
                "users": [
                    "U08ERPTQF"
                ],
                "count": 1
            }
        ]
    },
    {
        "type": "message",
        "user": "U08DDG1SB",
        "text": "Probably best to have lots of discussion here <@U08C464NS> and have <@U07GDL0H5> guide based on his vision of where it should be going. Anyone with contrasting ideas should be encouraged to submit a pull request with said idea and it can be evaluated for inclusion as well. ",
        "ts": "1438604609.003317"
    },
    {
        "type": "message",
        "user": "U07GDL0H5",
        "text": "that's the plan <@U08DDG1SB> <@U08C464NS> :simple_smile:",
        "ts": "1438613520.003318"
    },
    {
        "type": "message",
        "user": "U07GDL0H5",
        "text": "relevant article <https:\/\/medium.com\/matter\/the-web-we-have-to-save-2eb1fe15a426>",
        "attachments": [
            {
                "service_name": "Medium",
                "title": "The Web We Have to Save \u2014 Matter",
                "title_link": "https:\/\/medium.com\/matter\/the-web-we-have-to-save-2eb1fe15a426",
                "text": "The rich, diverse, free web that I loved\u200a\u2014\u200aand spent years in an Iranian jail for\u200a\u2014\u200ais dying. Why is nobody stopping it?",
                "fallback": "Medium: The Web We Have to Save \u2014 Matter",
                "image_url": "https:\/\/d262ilb51hltx0.cloudfront.net\/max\/800\/1*DLIqBteIIJchIhaiUfCFdQ.jpeg",
                "ts": 1436896511,
                "from_url": "https:\/\/medium.com\/matter\/the-web-we-have-to-save-2eb1fe15a426",
                "image_width": 352,
                "image_height": 250,
                "image_bytes": 225942,
                "id": 1
            }
        ],
        "ts": "1438616055.003319"
    },
    {
        "user": "U08GXNESG",
        "type": "message",
        "subtype": "channel_join",
        "text": "<@U08GXNESG|jessepollak> has joined the channel",
        "ts": "1438617184.003321"
    },
    {
        "type": "message",
        "user": "U08GXNESG",
        "text": "sup <@U07GDL0H5>!",
        "ts": "1438617378.003322"
    },
    {
        "type": "message",
        "user": "U07GDL0H5",
        "text": "yo <@U08GXNESG> , welcome!",
        "ts": "1438617400.003323"
    },
    {
        "type": "message",
        "user": "U08GXNESG",
        "text": "was hoping to make it down this weekend, but then got caught writing code for clef :simple_smile:",
        "ts": "1438617412.003324"
    },
    {
        "type": "message",
        "user": "U08GXNESG",
        "text": "scrolling back through the history, it looks like y\u2019all did some serious work",
        "ts": "1438617426.003325"
    },
    {
        "type": "message",
        "user": "U07GDL0H5",
        "text": "yep, there was a lot of progress. my summary here: <https:\/\/github.com\/dattnetwork\/dattdocs#hackathon-day-3-aug-2-2015>",
        "attachments": [
            {
                "service_name": "GitHub",
                "title": "dattnetwork\/dattdocs",
                "title_link": "https:\/\/github.com\/dattnetwork\/dattdocs#hackathon-day-3-aug-2-2015",
                "text": "dattdocs - Document all the things.",
                "fallback": "GitHub: dattnetwork\/dattdocs",
                "thumb_url": "https:\/\/avatars0.githubusercontent.com\/u\/13266895?v=3&s=400",
                "from_url": "https:\/\/github.com\/dattnetwork\/dattdocs#hackathon-day-3-aug-2-2015",
                "thumb_width": 214,
                "thumb_height": 214,
                "id": 1
            }
        ],
        "ts": "1438617453.003326"
    },
    {
        "text": "reading",
        "type": "message",
        "subtype": "me_message",
        "user": "U08GXNESG",
        "ts": "1438617536.003328"
    },
    {
        "type": "message",
        "user": "U08GXNESG",
        "text": ":thumbsup: huge",
        "ts": "1438617681.003329"
    },
    {
        "user": "U08H2MDMJ",
        "type": "message",
        "subtype": "channel_join",
        "text": "<@U08H2MDMJ|ethanz> has joined the channel",
        "ts": "1438622463.003330"
    },
    {
        "type": "message",
        "user": "U08DD8LNP",
        "text": "<@U07GDL0H5>: that\u2019s a really really good article read it a few days back.  There are some similar words from snowden in greenwald\u2019s book: <https:\/\/www.reddit.com\/r\/Oppression\/comments\/3bpdj3\/it_allows_them_to_explore_who_they_are_and_who\/>?",
        "attachments": [
            {
                "service_name": "reddit",
                "title": "\"It allows them to explore who they are and who they want to be, but that works only if we\u2019re able to be private and anonymous, to make mistakes. I do not want to live in a world where we have no privacy and no freedom, where the unique value of the Internet is snuffed out\" - \/u\/SuddenlySnowden \u2022 \/r\/Oppression",
                "title_link": "https:\/\/www.reddit.com\/r\/Oppression\/comments\/3bpdj3\/it_allows_them_to_explore_who_they_are_and_who\/",
                "text": "<http:\/\/www.vice.com\/en_ca\/read\/glen-greenwalds-new-book-on-snowden-explains-and-humanizes-the-nsa-whistleblower> \u201cEqually central to his...",
                "fallback": "reddit: \"It allows them to explore who they are and who they want to be, but that works only if we\u2019re able to be private and anonymous, to make mistakes. I do not want to live in a world where we have no privacy and no freedom, where the unique value of the Internet is snuffed out\" - \/u\/SuddenlySnowden \u2022 \/r\/Oppression",
                "thumb_url": "https:\/\/www.redditstatic.com\/icon.png",
                "from_url": "https:\/\/www.reddit.com\/r\/Oppression\/comments\/3bpdj3\/it_allows_them_to_explore_who_they_are_and_who\/",
                "thumb_width": 256,
                "thumb_height": 256,
                "id": 1
            }
        ],
        "ts": "1438623397.003331"
    },
    {
        "user": "U08H3RPAN",
        "type": "message",
        "subtype": "channel_join",
        "text": "<@U08H3RPAN|chels_bar> has joined the channel",
        "ts": "1438623653.003333"
    },
    {
        "type": "message",
        "user": "U08ERPTQF",
        "text": "Some more of the outcomes from the various discussions are making their way out of Slack\/Google Docs and into <https:\/\/github.com\/dattnetwork\/dattdocs>",
        "attachments": [
            {
                "service_name": "GitHub",
                "title": "dattnetwork\/dattdocs",
                "title_link": "https:\/\/github.com\/dattnetwork\/dattdocs",
                "text": "dattdocs - Document all the things.",
                "fallback": "GitHub: dattnetwork\/dattdocs",
                "thumb_url": "https:\/\/avatars0.githubusercontent.com\/u\/13266895?v=3&s=400",
                "from_url": "https:\/\/github.com\/dattnetwork\/dattdocs",
                "thumb_width": 214,
                "thumb_height": 214,
                "id": 1
            }
        ],
        "ts": "1438635001.003334"
    },
    {
        "type": "message",
        "user": "U08D641AP",
        "text": "whose model was it this weekend that we really galvanized around (aside from that \"who gets the downvote money\" problem)?",
        "ts": "1438635493.003336"
    },
    {
        "type": "message",
        "user": "U08ERPTQF",
        "text": "I think <@U08BY8MGV>'s model (DATTmodel1) got the most traction over the weekend.",
        "ts": "1438636072.003337"
    },
    {
        "type": "message",
        "user": "U08D641AP",
        "text": "yep, just pinged him after reading extensive notes to figure it out",
        "ts": "1438636111.003338"
    },
    {
        "type": "message",
        "user": "U08ERPTQF",
        "text": "I proposed DATTmodel2 as a variation on that model. Mostly because I couldn't see the flow from Creator -&gt; Mod working as intended",
        "ts": "1438636190.003339"
    },
    {
        "type": "message",
        "user": "U08D641AP",
        "text": "I've implemented the first version of his model on converse (and deployed it) with working accounting (money moving from user to content creator) \u2013 can probably start another branch to implement v2?",
        "ts": "1438636221.003340"
    },
    {
        "type": "message",
        "user": "U08ERPTQF",
        "text": "Cool I'll pull the latest Converse to check it out",
        "ts": "1438636333.003341"
    },
    {
        "type": "message",
        "user": "U08D641AP",
        "text": "changes are on the `datt` branch",
        "ts": "1438636431.003342"
    },
    {
        "type": "message",
        "user": "U08D641AP",
        "text": "also, I have some working synchronization between nodes upstream in maki",
        "ts": "1438636446.003343"
    },
    {
        "type": "message",
        "user": "U08D641AP",
        "text": "branch is `fabric`",
        "ts": "1438636452.003344"
    },
    {
        "type": "message",
        "user": "U08ERPTQF",
        "text": "I don't think model2 warrants a different branch from a front-end perspective",
        "ts": "1438636468.003345"
    },
    {
        "type": "message",
        "user": "U08D641AP",
        "text": "but that's secondary to getting a working single-node implementation right now, IMHO",
        "ts": "1438636469.003346",
        "reactions": [
            {
                "name": "+1",
                "users": [
                    "U08ERPTQF"
                ],
                "count": 1
            }
        ]
    },
    {
        "type": "message",
        "user": "U08D641AP",
        "text": "new WIP opened for `datt` branch: <https:\/\/github.com\/martindale\/converse\/pull\/24>",
        "attachments": [
            {
                "service_name": "GitHub",
                "title": "WIP: DATT by martindale \u00b7 Pull Request #24 \u00b7 martindale\/converse \u00b7 GitHub",
                "title_link": "https:\/\/github.com\/martindale\/converse\/pull\/24",
                "text": "This implements @bradleykam's monetary implications for both upvotes and downvotes, which function identically \u2013 in the event of a first-time vote, they now spend 1 bit from the user account, givin...",
                "fallback": "GitHub: WIP: DATT by martindale \u00b7 Pull Request #24 \u00b7 martindale\/converse",
                "thumb_url": "https:\/\/avatars2.githubusercontent.com\/u\/129761?v=3&s=400",
                "from_url": "https:\/\/github.com\/martindale\/converse\/pull\/24",
                "thumb_width": 398,
                "thumb_height": 398,
                "id": 1
            }
        ],
        "ts": "1438637983.003347"
    },
    {
        "type": "message",
        "user": "U08D641AP",
        "text": "I started work on cryptographic identity via a clever construction of service workers (which offers private key sandboxing from user JS land!!), but it seems I _need_ a single-page app framework to make that work smoothly",
        "ts": "1438638044.003349"
    },
    {
        "type": "message",
        "user": "U08D641AP",
        "text": "not sure if I should wait for client-side key management to move forward with real bitcoin deposits or not",
        "ts": "1438638073.003350"
    },
    {
        "type": "message",
        "user": "U08D641AP",
        "text": "using <@U07GDL0H5>'s `fullnode` and bip39 mnemonics + bip32 HD keys",
        "ts": "1438638121.003351"
    },
    {
        "type": "message",
        "user": "U08ERPTQF",
        "text": "<@U08D641AP>: what do you think about my proposal for address management to use BIP44 to separate out addresses used to Author content versus those used to Vote or Gild - this is only known to the user wallet not the network at large",
        "ts": "1438638982.003352"
    },
    {
        "type": "message",
        "user": "U08ERPTQF",
        "text": "<@U08C464NS>'s balance mockup lists the transactions by type, BIP44 might be an easy way for the wallet to know the type of transaction. <https:\/\/github.com\/dattnetwork\/dattmedia\/blob\/master\/chris_NODE\/Mockups\/Standard%20Colors\/balance.png?raw=true>",
        "edited": {
            "user": "U08ERPTQF",
            "ts": "1438639221.000000"
        },
        "ts": "1438639153.003353"
    },
    {
        "user": "U08HHL5FE",
        "type": "message",
        "subtype": "channel_join",
        "text": "<@U08HHL5FE|whit> has joined the channel",
        "ts": "1438639984.003358"
    },
    {
        "type": "message",
        "user": "U08BZE91C",
        "text": "hello <@U08HHL5FE>",
        "ts": "1438640040.003359"
    },
    {
        "type": "message",
        "user": "U08C9ML1Y",
        "text": "paul_xbt i think content and comments should have pubkeys instead of addresses, because that would allow the client to pay in different coins without much trouble",
        "ts": "1438641999.003360"
    },
    {
        "type": "message",
        "user": "U07GDL0H5",
        "text": "welcome <@U08HHL5FE> !",
        "ts": "1438642021.003361"
    },
    {
        "type": "message",
        "user": "U07GDL0H5",
        "text": "FYI my status is as follows ... talked with <@U08H3RPAN> and Ethan of MIT Media Lab this morning ... they're working on some very similar things ... sort of doing the education equivalent of this project",
        "ts": "1438642067.003362"
    },
    {
        "type": "message",
        "user": "U07GDL0H5",
        "text": "i guess 'decentralized blackboard' would be one way to put it",
        "ts": "1438642076.003363"
    },
    {
        "type": "message",
        "user": "U07GDL0H5",
        "text": "please contact <@U08H3RPAN> if you're interested in being involved in that stuff ... we may be able to collaborate on software &amp; protocols because there is a lot of overlap",
        "ts": "1438642112.003364"
    },
    {
        "type": "message",
        "user": "U07GDL0H5",
        "text": "also talked with a guy at <http:\/\/cracked.com|cracked.com> who is writing an article about what the deal is with reddit right now, and he's interviewing ex-reddit employees. i said all the usual stuff i say about reddit, including that reddit itself is still a very capable company and will be able to keep growing, but there is room for something new that solves some of the problems of reddit",
        "ts": "1438642184.003365"
    },
    {
        "type": "message",
        "user": "U07GDL0H5",
        "text": "and now i'm going to go get a business address. bbl.",
        "ts": "1438642195.003366",
        "reactions": [
            {
                "name": "+1",
                "users": [
                    "U08ERPTQF"
                ],
                "count": 1
            }
        ]
    },
    {
        "type": "message",
        "user": "U08D641AP",
        "text": "<@U07GDL0H5>: that was my last company (Coursefork), we were doing a partnership with MIT \u2013 do you know if it's still the same people or are the home-rolling it?",
        "ts": "1438642301.003367"
    },
    {
        "type": "message",
        "user": "U07GDL0H5",
        "text": "Ethan and Chelsea are their names. plus they are affiliated with the other bitcoin people there.",
        "ts": "1438642329.003368"
    },
    {
        "type": "message",
        "user": "U08D641AP",
        "text": "fwiw, all the <http:\/\/coursefork.org|coursefork.org> code is what eventually got turned into Maki",
        "ts": "1438642356.003369"
    },
    {
        "type": "message",
        "user": "U08D641AP",
        "text": "decentralized structureless documents with forks, pull requests, and merges",
        "ts": "1438642389.003370"
    },
    {
        "type": "message",
        "user": "U08D641AP",
        "text": "now that's all automated through consensus rules",
        "ts": "1438642399.003371"
    },
    {
        "type": "message",
        "user": "U08H2MDMJ",
        "text": "If you're interested in what we're thinking about re: \"distributed blackboard\", feel free to reach out either to me or <@U08H3RPAN>  - we're interested in similar methods of federating publishing and using the blockchain for identity, but are planning on building around Wordpress for use within classrooms. The basic idea: lots of classrooms encourage blogging, but the content ends up owned\/controlled by the university or the professor. Aggregating individual blogs into a class blog is a small, tractable problem related to the much broader (and more interesting) problems you guys are taking on. We just thought we'd work on this one as an early proof of concept that could roll out quickly.",
        "ts": "1438642902.003372",
        "reactions": [
            {
                "name": "+1",
                "users": [
                    "U07GDL0H5"
                ],
                "count": 1
            }
        ]
    },
    {
        "user": "U08HMMCT0",
        "type": "message",
        "subtype": "channel_join",
        "text": "<@U08HMMCT0|markkat> has joined the channel",
        "ts": "1438647214.003373"
    },
    {
        "type": "message",
        "subtype": "pinned_item",
        "user": "U07GDL0H5",
        "item_type": "C",
        "attachments": [
            {
                "color": "D0D0D0",
                "fallback": "[August 3rd, 2015 4:01 PM] ethanz: If you're interested in what we're thinking about re: \"distributed blackboard\", feel free to reach out either to me or <@U08H3RPAN>  - we're interested in similar methods of federating publishing and using the blockchain for identity, but are planning on building around Wordpress for use within classrooms. The basic idea: lots of classrooms encourage blogging, but the content ends up owned\/controlled by the university or the professor. Aggregating individual blogs into a class blog is a small, tractable problem related to the much broader (and more interesting) problems you guys are taking on. We just thought we'd work on this one as an early proof of concept that could roll out quickly.",
                "author_subname": "ethanz",
                "ts": "1438642902.003372",
                "text": "If you're interested in what we're thinking about re: \"distributed blackboard\", feel free to reach out either to me or <@U08H3RPAN>  - we're interested in similar methods of federating publishing and using the blockchain for identity, but are planning on building around Wordpress for use within classrooms. The basic idea: lots of classrooms encourage blogging, but the content ends up owned\/controlled by the university or the professor. Aggregating individual blogs into a class blog is a small, tractable problem related to the much broader (and more interesting) problems you guys are taking on. We just thought we'd work on this one as an early proof of concept that could roll out quickly.",
                "author_name": "Ethan Zuckerman",
                "author_link": "https:\/\/dattnetwork.slack.com\/team\/ethanz",
                "author_icon": "https:\/\/secure.gravatar.com\/avatar\/ceb7a5a9870523628905044f48bbb965.jpg?s=48&d=https%3A%2F%2Fslack.global.ssl.fastly.net%2F0180%2Fimg%2Favatars%2Fava_0001-48.png",
                "mrkdwn_in": [
                    "text"
                ]
            }
        ],
        "text": "<@U07GDL0H5|ryanxcharles> pinned a message to this channel.",
        "ts": "1438649215.003374"
    },
    {
        "type": "message",
        "user": "U08ERPTQF",
        "text": "Considering that DATT could be as much of a distributed Medium as a distributed Reddit - the Media Lab perspective of bringing blog posts into a \/education channel is a great use of DATT",
        "ts": "1438651561.003375"
    },
    {
        "type": "message",
        "user": "U08ERPTQF",
        "text": "It's also interesting to consider IFTTT style integrations with publishing platforms. If you compose a post on Wordpress\/Medium\/FB\/Other and have your DATT client pull it straight in to the network.",
        "ts": "1438653626.003376"
    },
    {
        "type": "message",
        "user": "U08E5P0BZ",
        "text": "That's a cool thought <@U08ERPTQF>.",
        "ts": "1438654913.003377"
    },
    {
        "type": "message",
        "user": "U08ERPTQF",
        "text": "Just asking myself whether it even needs to be pull\nIf a user could create a deterministic address to share with the 3rd party integration, then it can *push* it directly to the blockchain",
        "ts": "1438654938.003378"
    },
    {
        "type": "message",
        "user": "U08ERPTQF",
        "text": "thanks <@U08E5P0BZ> I was starting to worry I was talking to myself :wink:",
        "ts": "1438655049.003379"
    },
    {
        "type": "message",
        "user": "U08ERPTQF",
        "text": "<@U08H2MDMJ> &amp; <@U08H3RPAN> considering your use case, then the \"class blog\" is in essence a Datt collective that purposefully curated the posts relevant to that class. Sitting above that you can have a higher order collective curating the \"school blog\" and so on up to a national level. All the while votes\/tips reward the students for their contribution of quality content",
        "ts": "1438655258.003380"
    },
    {
        "type": "message",
        "user": "U08ERPTQF",
        "text": ":thought_balloon: imagine a kid coming home from school to tell their parent that they wrote a thoughtful essay about the 4th amendment and it went viral earning them $200",
        "ts": "1438655410.003381"
    },
    {
        "type": "message",
        "user": "U08EZP01H",
        "text": "...woah. i like.",
        "ts": "1438655458.003382"
    },
    {
        "type": "message",
        "user": "U08EZP01H",
        "text": "I really like the IFTTT integration concept. If the cost to publish stays super low a 'why not' attitude might actually prove profitable.",
        "ts": "1438655551.003383"
    },
    {
        "type": "message",
        "user": "U08ERPTQF",
        "text": "some education systems have something like this already, but it's gated and closed of from the internet because of fears such as a) student is personally identifiable b) comments on student's posts could be 'hurtful' c) predators will try to start a conversation with the students.",
        "ts": "1438655675.003384"
    },
    {
        "type": "message",
        "user": "U08ERPTQF",
        "text": "we can overcome a) &amp; c) due to the anonymity if the student published directly on Datt... b) well that's the internet... we could allow authors to 'disable commenting' but this isn't desirable for the network as a whole",
        "ts": "1438655815.003385"
    },
    {
        "type": "message",
        "user": "U08DH3ESU",
        "text": "For the \"class blog\" or \"school blog\" idea it would be great if the propagation of content can be restricted to a limited set of nodes. Maybe a set of 192.x.y.z addresses only. that way the school can keep the content inside if required for fear of people outside the network posting comments and in general hurtful commenting.",
        "ts": "1438655853.003386"
    },
    {
        "type": "message",
        "user": "U08ERPTQF",
        "text": "<@U08EZP01H>: thanks. I wrote and rewrote that in Slack about a dozen times before it clicked",
        "ts": "1438655865.003387"
    },
    {
        "type": "message",
        "user": "U08ERPTQF",
        "text": "<@U08DH3ESU>: true we have talked over the weekend about the ability for nodes to 'block' nodes that they don't want to peer with, so this could be expanded",
        "ts": "1438655937.003388"
    },
    {
        "type": "message",
        "user": "U08E5P0BZ",
        "text": "Maybe the student wouldn't see it as the forum through which he submitted it filtered comments?  Seems better than having to make a mechanism for preventing comments which would be artificial anyway, since someone could just reference in their response.",
        "ts": "1438655938.003389"
    },
    {
        "type": "message",
        "user": "U08DH3ESU",
        "text": "However, in a closed set-up like a school the student will be identifiable by the type of content written at least in a smaller group",
        "ts": "1438655963.003390"
    },
    {
        "type": "message",
        "user": "U08DH3ESU",
        "text": "BTW, the school idea can be expanded to a corporate set-up and do away with intranets",
        "ts": "1438656001.003391"
    },
    {
        "type": "message",
        "user": "U08ERPTQF",
        "text": "I'd like to keep the openness of student's posts being able to go truly viral across the internet",
        "ts": "1438656017.003392"
    },
    {
        "type": "message",
        "user": "U08ERPTQF",
        "text": "<@U08DH3ESU>: yes the intranet idea was part of your business model eh",
        "ts": "1438656048.003393"
    },
    {
        "type": "message",
        "user": "U08DH3ESU",
        "text": "yep, conceptually the idea is similar with tweaks to accomodate propagation of content; But in a corporate set-up anonymity will go out of the idea; everything needs to be identifiable unless the company is fine with not knowing who did or said what",
        "ts": "1438656132.003394"
    },
    {
        "type": "message",
        "user": "U08ERPTQF",
        "text": "What if a Datt client could use specific sidechains so as to achieve some segregation but still be connected to the primary blockchain. This combined with <@U08E5P0BZ>'s suggestion to filter comments to only those submitted by clients on the same blockchain. Schools\/School Districts would then need to issue a token to each student that gives them permission to post on their sidechain",
        "ts": "1438656549.003395"
    },
    {
        "type": "message",
        "user": "U08ERPTQF",
        "text": "Then to cater for <@U08DH3ESU> a corporate simply has a private blockchain that isn't pegged to the public blockchain",
        "ts": "1438656592.003396"
    },
    {
        "type": "message",
        "user": "U08ELNFTP",
        "text": "<!channel> Hey, just wanted to introduce myself\u2026 I\u2019m Tony Sakich and I am right now a part of the Augur team. I wanted to let everyone know Ryan and I just created the <#C08HRSD6U> channel which we would love if anyone who is interested in marketing, user acquisition and topics similar to that can join! Thanks!",
        "ts": "1438656610.003397"
    },
    {
        "type": "message",
        "user": "U08ERPTQF",
        "text": "Hey Tony",
        "ts": "1438656643.003398"
    },
    {
        "type": "message",
        "user": "U08DH3ESU",
        "text": "Hi Tony",
        "ts": "1438656666.003399"
    },
    {
        "type": "message",
        "user": "U08F31MGX",
        "text": "Welcome!",
        "ts": "1438656693.003400"
    },
    {
        "type": "message",
        "user": "U08DH3ESU",
        "text": "<@U08ERPTQF>: yes. that would work for just more than this set-up; Any set-up that requires to maintain a web page to share information can be replaced with this. Basically do away with server costs to an extent and use the space in your desktop. We have apartment communities that share information using a web page and forum and this network can replace that.",
        "ts": "1438656900.003401"
    },
    {
        "type": "message",
        "user": "U08DD8LNP",
        "text": "as long as it\u2019s text, I think the general consensus is we want to focus on text data for now.",
        "ts": "1438657320.003402"
    },
    {
        "type": "message",
        "user": "U08D641AP",
        "text": "There's no one UI that can meet all of these needs.  It seems we're confirmed in needing a protocol, as opposed to a platform.",
        "ts": "1438657366.003403"
    },
    {
        "type": "message",
        "user": "U08D641AP",
        "text": "Text is a correct first goal, but we should be mindful of the various types of text. ",
        "ts": "1438657403.003404",
        "reactions": [
            {
                "name": "+1",
                "users": [
                    "U08ERPTQF",
                    "U08D641AP"
                ],
                "count": 2
            }
        ]
    },
    {
        "type": "message",
        "user": "U08D641AP",
        "text": "Strongly recommend looking at <@U08DE11UZ>'s Muttr (<http:\/\/github.com\/muttr\/whitepaper>) as a generalized messaging protocol. ",
        "attachments": [
            {
                "service_name": "GitHub",
                "title": "muttr\/whitepaper",
                "title_link": "http:\/\/github.com\/muttr\/whitepaper",
                "text": "whitepaper - secure distributed messaging protocol",
                "fallback": "GitHub: muttr\/whitepaper",
                "thumb_url": "https:\/\/avatars3.githubusercontent.com\/u\/11983374?v=3&s=400",
                "from_url": "http:\/\/github.com\/muttr\/whitepaper",
                "thumb_width": 400,
                "thumb_height": 400,
                "id": 1
            }
        ],
        "ts": "1438657458.003405"
    },
    {
        "type": "message",
        "user": "U08ERPTQF",
        "text": "<@U08DD8LNP>: I know we've discussed markdown formatted 'long form' posts and 'link posts' are those the primary candidates to start with?",
        "ts": "1438658069.003407"
    },
    {
        "type": "message",
        "user": "U07GDL0H5",
        "text": "i've thrown out there that a pet interest of mine is TeX. no social media apps support math for scientists. it is fairly easy to support markdown+TeX, where the TeX is rendered by client-side javascript.",
        "ts": "1438658401.003408",
        "reactions": [
            {
                "name": "+1",
                "users": [
                    "U08EZP01H"
                ],
                "count": 1
            }
        ]
    },
    {
        "type": "message",
        "user": "U08E5P0BZ",
        "text": "<@U08D641AP>: is there currently an uncensorable (except when you really need to :wink: ) high level p2p communication protocol?  I can think of a number of things that could be build on top of it that make that a really interesting proposition.  This project could be partitioned into the protocol and then the specific UI to \"fix reddit\", and a bunch of other things.  Might fit well with <@U07GDL0H5>'s goal of starting a bunch of companies.",
        "ts": "1438658704.003409"
    },
    {
        "type": "message",
        "user": "U08E5P0BZ",
        "text": "While this may seem counterintuitive, it may also help reduce the scope of the main project as it doesn't have to be all things to all people.  Just a \"basic\" protocol and then one flavor of UI.  Others to be developed by other factions.",
        "ts": "1438658762.003410"
    },
    {
        "type": "message",
        "user": "U08E5P0BZ",
        "text": "It would seem to me this could fit somewhere beneath the crypto 2.0 networks, namely ethereum.  Kind of a lite and specific protocol, not meant to solve all problems, just a different set of things than bittorrent solves and obviously more specific than a Turing complete language.",
        "ts": "1438658990.003411"
    },
    {
        "type": "message",
        "user": "U08E5P0BZ",
        "text": "It would be cool if it could all run on the same blockchain and send messages on the same network (subject to filtering) as that would make all of the incarnations benefit from the anti-fragility.",
        "ts": "1438659135.003412"
    },
    {
        "type": "message",
        "user": "U07GDL0H5",
        "text": "<@U08E5P0BZ>: agreed about the protocol ... if other technologies were in a state where we could build on top of them, we should ... but as best i can tell without digging into all the details, they're pretty immature right now. it may be easiest to simple design an app-specific protocol (that's exactly the work i've started doing ... barely visible in the main datt repo)",
        "ts": "1438659200.003413"
    },
    {
        "type": "message",
        "user": "U08E5P0BZ",
        "text": "I assumed there was not one.  This may have been discussed and I missed it.  I'm just thinking a more generic protocol, but not too generic (don't need to build ethereum) and then we build the UI on that.  The protocol might also attract more interest and then we could focus more on the reddit like UI\/features.  Might be infeasible but it seemed like something to consider.",
        "ts": "1438659432.003414"
    },
    {
        "type": "message",
        "user": "U08E5P0BZ",
        "text": "Perhaps what you've already started on is somewhat generic, or could just be jiggered a little to be more generic.  Or at least you could have the concept in your mind as you design it so it could later become a more generic basis for other things.",
        "ts": "1438659554.003415"
    },
    {
        "type": "message",
        "user": "U07GDL0H5",
        "text": "i don't think we need to do anything special with the protocol other than enable p2p content transfers and payments ... nowhere near as elaborate as ethereum",
        "ts": "1438659573.003416"
    },
    {
        "type": "message",
        "user": "U07GDL0H5",
        "text": "the protocol may have some interest, but i think we should focus on the app... we may still be able to leverage more advanced protocols at a later date",
        "ts": "1438659597.003417"
    },
    {
        "type": "message",
        "user": "U08E5P0BZ",
        "text": "Of course.  I'm just trying to explain where it lies.  I think there is a ton of room between what we have now and ethereum.  A wide open market.",
        "ts": "1438659622.003418"
    },
    {
        "type": "message",
        "user": "U07GDL0H5",
        "text": "yep",
        "ts": "1438659642.003419"
    },
    {
        "type": "message",
        "user": "U08DD8LNP",
        "text": "<@U08ERPTQF>: yeah I\u2019d start with just links honestly",
        "ts": "1438660349.003420"
    },
    {
        "type": "message",
        "user": "U08F2RTCN",
        "text": "how about storage <@U07GDL0H5> ?  here is what I thought were the  major blocks in the DATT protocol 1)p2p content transfer 2)payments 3)storage",
        "ts": "1438660355.003421"
    },
    {
        "type": "message",
        "user": "U08DD8LNP",
        "text": "with a goal of eventually supporting long form markdown posts",
        "ts": "1438660362.003422"
    },
    {
        "type": "message",
        "user": "U07GDL0H5",
        "text": "my thinking: nodes store data in a local database. can migrate in the future to torrents or ipfs.",
        "ts": "1438660385.003423"
    },
    {
        "type": "message",
        "user": "U07GDL0H5",
        "text": "for payments, it's just way easier to design our own simple p2p protocol to store and retrieve",
        "ts": "1438660408.003424"
    },
    {
        "type": "message",
        "user": "U08DD8LNP",
        "text": "<@U08E5P0BZ>: my goal with the UI is to abstract the backend as much as possible for the use cases.  If I can do it right we can have the same basic client interoperable with DATT as well as reddit and voat",
        "ts": "1438660415.003425"
    },
    {
        "type": "message",
        "user": "U08DD8LNP",
        "text": "but mainly my goal is to get a working UX the design guys can iterate on and we can plug the network libs into as they are built",
        "ts": "1438660460.003426",
        "reactions": [
            {
                "name": "tada",
                "users": [
                    "U08EZP01H"
                ],
                "count": 1
            },
            {
                "name": "+1",
                "users": [
                    "U08ERPTQF"
                ],
                "count": 1
            }
        ]
    },
    {
        "type": "message",
        "user": "U08DD8LNP",
        "text": "mon\/tues are generally pretty crazy for me work wise but I should be able to hammer on that some wed. I\u2019m hoping the HTML mocks will be more solid by then so I can make it pretty",
        "ts": "1438660500.003427"
    },
    {
        "type": "message",
        "user": "U08DD8LNP",
        "text": "it will mock out the user interactions but just store the data locally in browser memory (not even local storage)",
        "ts": "1438660545.003428"
    },
    {
        "type": "message",
        "user": "U08ERPTQF",
        "text": "<@U08DD8LNP>: playing with EphermeralP2P made long form posts seem like an obvious feature of any distributed Reddit, and could also help attract more Medium users, and even journalists\/whistleblowers\/activists",
        "ts": "1438660939.003429"
    },
    {
        "type": "message",
        "user": "U08E5P0BZ",
        "text": "<@U08DD8LNP>: Seems like a good plan.  Keep options open.  Please let me know if you can carve out a task for me.  I'd love  to get some more Ember experience.",
        "ts": "1438661151.003430"
    },
    {
        "type": "message",
        "user": "U08F2RTCN",
        "text": "<@U08ERPTQF>: EpheremeralP2P seems to be interesting..",
        "ts": "1438661250.003431"
    },
    {
        "type": "message",
        "user": "U08ERPTQF",
        "text": "<@U08F2RTCN>: indeed it's been that basis of my of my thinking to date. We should be able to achieve something similar with Datt without the reliance on a server for content listings and brokering the peer connections",
        "ts": "1438661474.003432"
    },
    {
        "type": "message",
        "user": "U08F2RTCN",
        "text": "<@U08ERPTQF>:  agreed",
        "ts": "1438661563.003433"
    },
    {
        "type": "message",
        "user": "U08ELNFTP",
        "text": "apologies for my slack naivet\u00e9, but could someone invite my friend Joey from Augur to this Slack? He\u2019s one of the lead devs and I\u2019d like to get him in this conversation as I just thought about how there could be some nice tie ins, I think you need to be an admin to send invites and his email is <mailto:joeykrug@gmail.com|joeykrug@gmail.com>",
        "ts": "1438662171.003434"
    },
    {
        "type": "message",
        "user": "U07GDL0H5",
        "text": "invited :simple_smile:",
        "ts": "1438662210.003435"
    },
    {
        "type": "message",
        "user": "U08ERPTQF",
        "text": ":simple_smile:",
        "ts": "1438662277.003436"
    },
    {
        "type": "message",
        "user": "U08E2KZM4",
        "text": "Ryan, my friends the founder of Bitnation  <mailto:susanne@bitnation.co|susanne@bitnation.co> and co-organizer of Bitcoin social meetup <mailto:travis@page25.org|travis@page25.org> asked for the invites.",
        "ts": "1438662516.003437"
    },
    {
        "type": "message",
        "user": "U07GDL0H5",
        "text": "both invited ... travis was already invited :simple_smile:",
        "ts": "1438662605.003438"
    },
    {
        "type": "message",
        "user": "U08E2KZM4",
        "text": "oh, thanks",
        "ts": "1438662862.003439"
    },
    {
        "type": "message",
        "user": "U07GDL0H5",
        "text": "i've created a new channel for <#C08HUNWQ6>",
        "ts": "1438663024.003440"
    },
    {
        "type": "message",
        "user": "U08DD8LNP",
        "text": "<@U08E5P0BZ>: should be more to play with once I get some more interactivity going.  one thing that might be good to think about is what aspects of the mockups would make good components",
        "ts": "1438663867.003441"
    },
    {
        "type": "message",
        "user": "U08DD8LNP",
        "text": "<@U08ERPTQF>: oh yeah I\u2019d absolutely love long form posts and comments support, but I think even just a remake of the original reddit experience would have value.  But if we can easily get text posts I\u2019m all for it",
        "ts": "1438663910.003442"
    },
    {
        "type": "message",
        "user": "U08DD8LNP",
        "text": "I want enders game esque newsboards.  My motivation for this project is almost entirely related to the ability to foster unrestricted and diverse political speech",
        "ts": "1438663951.003443"
    },
    {
        "type": "message",
        "user": "U07GDL0H5",
        "text": "yeah i think the MVP can simply support long comments. the simplest way to have long-form content. won't be as good as medium, but then again, it will have payments integrated, so people have an incentive to use it",
        "ts": "1438663977.003444"
    },
    {
        "type": "message",
        "user": "U07GDL0H5",
        "text": "also note that zapchain is doing long-form stuff now",
        "ts": "1438663984.003445"
    },
    {
        "type": "message",
        "user": "U08ERPTQF",
        "text": ":thumbsup:",
        "ts": "1438664344.003446"
    },
    {
        "user": "U08HVK9PD",
        "type": "message",
        "subtype": "channel_join",
        "text": "<@U08HVK9PD|xstt> has joined the channel",
        "ts": "1438664375.003447"
    },
    {
        "type": "message",
        "user": "U08G10908",
        "text": "A bit late to the discussion but be very careful about down voting. In general I recommend against it as it is very big place for abuse. If you are going to use it it really should not be transparent which may make it impossible with a distributed design that makes everything transparent.",
        "ts": "1438665184.003448",
        "reactions": [
            {
                "name": "+1",
                "users": [
                    "U08ERPTQF",
                    "U08D641AP"
                ],
                "count": 2
            }
        ]
    },
    {
        "type": "message",
        "user": "U08G10908",
        "text": "<http:\/\/www.raphkoster.com\/2009\/10\/07\/building-web-reputation-systems-the-blog-the-dollhouse-mafia-or-dont-display-negative-karma\/>",
        "attachments": [
            {
                "service_name": "Raph's Website",
                "title": "Don't Display Negative Karma",
                "title_link": "http:\/\/www.raphkoster.com\/2009\/10\/07\/building-web-reputation-systems-the-blog-the-dollhouse-mafia-or-dont-display-negative-karma\/",
                "text": "Randy Farmer (he of Habitat fame, and much more besides!) and Bryce Glass have been posting excerpts from their upcoming book Building Web Reputation Systems on a blog, and today's has a great anec...",
                "fallback": "Raph's Website: Don't Display Negative Karma",
                "thumb_url": "https:\/\/s0.wp.com\/i\/blank.jpg",
                "ts": 1254953013,
                "from_url": "http:\/\/www.raphkoster.com\/2009\/10\/07\/building-web-reputation-systems-the-blog-the-dollhouse-mafia-or-dont-display-negative-karma\/",
                "thumb_width": 200,
                "thumb_height": 200,
                "id": 1
            }
        ],
        "ts": "1438665281.003449"
    },
    {
        "type": "message",
        "user": "U07GDL0H5",
        "text": "thanks for the awesome link <@U08G10908> ... will read. i remember you had some great comments about how to rate things at one of the BCU events.",
        "ts": "1438665325.003451"
    },
    {
        "type": "message",
        "user": "U08E2KZM4",
        "text": "<@U08DD8LNP>: \n&gt; I want enders game esque newsboards.  \ncan you refresh my memory on how they looked?",
        "ts": "1438665341.003452"
    },
    {
        "type": "message",
        "user": "U08G10908",
        "text": "Randy and I have talked a lot about this as being one of the most common mistakes in design of social systems. ",
        "ts": "1438665352.003453"
    },
    {
        "type": "message",
        "user": "U08DD8LNP",
        "text": "<@U08E2KZM4>: well they are only described in very abstract terms, but they were basically universal message boards that allowed anonymous\/psuedoanonymous participation and were where all the great political debates happened.",
        "ts": "1438665427.003454"
    },
    {
        "type": "message",
        "user": "U08G10908",
        "text": "<@U07GDL0H5>: probably off of <http:\/\/www.lifewithalacrity.com\/2005\/12\/collective_choi.html>",
        "attachments": [
            {
                "text": "In our previous article we talked about the many systems available for collective choice. One purpose of our previous article was to create a dictionary of terms for talking about these related, but clearly different, systems. Another was to start offering analyses of these systems, many of which had not been well studied before their introduction onto the Internet. This article provides more in-depth coverage of one of the systems we previously outlined: rating systems. [Post continues]",
                "fallback": "In our previous article we talked about the many systems available for collective choice. One purpose of our previous article was to create a dictionary of terms for talking about these related, but clearly different, systems. Another was to start offering analyses of these systems, many of which had not been well studied before their introduction onto the Internet. This article provides more in-depth coverage of one of the systems we previously outlined: rating systems. [Post continues]",
                "from_url": "http:\/\/www.lifewithalacrity.com\/2005\/12\/collective_choi.html",
                "id": 1
            }
        ],
        "ts": "1438665437.003455"
    },
    {
        "type": "message",
        "user": "U08G10908",
        "text": "My writing partner and I have a number of follow up articles listed at bottom.",
        "ts": "1438665496.003457"
    },
    {
        "type": "message",
        "user": "U08E2KZM4",
        "text": "ah <@U08DD8LNP> this is when Ender's brother and sister created personas that debated in public",
        "ts": "1438665509.003458"
    },
    {
        "type": "message",
        "user": "U08E2KZM4",
        "text": "<@U08DD8LNP>: I think an ability to create multiple personas\/identities, each with their own continuity of actions (posts and karma) is essential for free speech",
        "ts": "1438665628.003459"
    },
    {
        "type": "message",
        "user": "U07GDL0H5",
        "text": "awesome, yes that's it <@U08G10908> ! thanks",
        "ts": "1438665628.003460"
    },
    {
        "type": "message",
        "user": "U08DD8LNP",
        "text": "<@U08E2KZM4>: I think anonymity in general is, IMO the ideal default would be that posts didn\u2019t have to be tied to an identity at all, but could be",
        "ts": "1438665723.003461"
    },
    {
        "type": "message",
        "user": "U08DD8LNP",
        "text": "but really solid psuedoanonymity is almost as good, just requires a bit more user effort if anonymity is the goal",
        "ts": "1438665748.003462"
    },
    {
        "type": "message",
        "user": "U08E2KZM4",
        "text": "<@U08G10908>: what do you think of the Stackoverflow\u2019s ranking system? It allows downvotes but I recall it takes away your karma for using them.",
        "ts": "1438665802.003463"
    },
    {
        "type": "message",
        "user": "U08G10908",
        "text": "An area I'm interested in is moderation by threshold keys, which is why I want identity keys to be 25519",
        "ts": "1438665822.003464"
    },
    {
        "type": "message",
        "user": "U08E2KZM4",
        "text": "<@U08G10908>: recent sidechain Elements support shnorr sigs which seem to fit the bill",
        "ts": "1438665881.003465"
    },
    {
        "type": "message",
        "user": "U08DD8LNP",
        "text": "IMO downvotes are necessary, but they should also have a cost associated with them",
        "ts": "1438665891.003466"
    },
    {
        "type": "message",
        "user": "U07GDL0H5",
        "text": "and schnorr sigs work with secp256k1, correct?",
        "ts": "1438665902.003467"
    },
    {
        "type": "message",
        "user": "U08DD8LNP",
        "text": "the tough part is deciding where that cost goes",
        "ts": "1438665902.003468"
    },
    {
        "type": "message",
        "user": "U08E2KZM4",
        "text": "I assume you want to avoid moderators taking the blame",
        "ts": "1438665903.003469"
    },
    {
        "type": "message",
        "user": "U08G10908",
        "text": "Yes, that is one of the ways you can do negative reputation. It is called altruistic punishment <http:\/\/www.lifewithalacrity.com\/2005\/03\/dunbar_altruist.html>",
        "attachments": [
            {
                "text": "In my earlier post about the Dunbar Number I offered some empirical and anecdotal evidence on the levels of satisfaction of various group sizes. In this post I offer some thoughts based on an interesting paper by Fehr and Fischbacker on that uses game theory to illustrates thresholds at 16 and 128 participants, and some thoughts on altruistic punishment and meta-moderation. (post continues)",
                "fallback": "In my earlier post about the Dunbar Number I offered some empirical and anecdotal evidence on the levels of satisfaction of various group sizes. In this post I offer some thoughts based on an interesting paper by Fehr and Fischbacker on that uses game theory to illustrates thresholds at 16 and 128 participants, and some thoughts on altruistic punishment and meta-moderation. (post continues)",
                "from_url": "http:\/\/www.lifewithalacrity.com\/2005\/03\/dunbar_altruist.html",
                "id": 1
            }
        ],
        "ts": "1438665943.003470"
    },
    {
        "type": "message",
        "user": "U08G10908",
        "text": "But it is hard to do well, needs lots of fine tuning (which is easier for centralized systems but hard for protocols and distributed systems). It may also require 2nd order altruistic punishment (i.e. Punish the non-punishers)",
        "ts": "1438666112.003472"
    },
    {
        "type": "message",
        "user": "U08E2KZM4",
        "text": "<@U08G10908>: <@U07GDL0H5> what if ranking is not system-wide and moderators could experiment with the ranking mechanism specific to their community? Stackoverflow has some similar stuff - your ranking applies to areas of your expertise - the specific tags you most frequent with",
        "edited": {
            "user": "U08E2KZM4",
            "ts": "1438666179.000000"
        },
        "ts": "1438666154.003473"
    },
    {
        "type": "message",
        "user": "U08G10908",
        "text": "Designing social systems is *hard*",
        "ts": "1438666158.003474"
    },
    {
        "type": "message",
        "user": "U08G10908",
        "text": "(As is trying to write to Slack on my iPhone in a BART train. I'll write more later.) ;-)",
        "ts": "1438666236.003476"
    },
    {
        "type": "message",
        "user": "U08E2KZM4",
        "text": ":simple_smile:",
        "ts": "1438666551.003477"
    },
    {
        "type": "message",
        "user": "U08DD8LNP",
        "text": "<@U08E5P0BZ>: <https:\/\/github.com\/dattnetwork\/datt.ui\/commit\/b680b68fbcb3e81c0a81cb575c11f60def63f8ed>",
        "ts": "1438668572.003478"
    },
    {
        "type": "message",
        "user": "U08DD8LNP",
        "text": "some things you may be able to do there (intentionally left as excercises for you) are to add some form of pre-submit validation\/messaging",
        "ts": "1438668604.003479"
    },
    {
        "type": "message",
        "user": "U08DD8LNP",
        "text": "another thing would be implementing the link vs text toggle; but that\u2019s a bit more involved and you\u2019ll need to make a datt-text component to handle the display of it",
        "ts": "1438668640.003480"
    },
    {
        "type": "message",
        "user": "U08ERPTQF",
        "text": "<@U08G10908>: could the cost of down voting suffice as altruistic punishment? Or you would still advise against down votes altogether?",
        "ts": "1438670098.003481"
    }
]