[
    {
        "type": "message",
        "user": "U08BY8MGV",
        "text": "Big table available. Comfortably should fit 6+",
        "ts": "1440269925.004263"
    },
    {
        "type": "message",
        "user": "U08F438SK",
        "text": "Awesome! Thanks <@U08BY8MGV> . running late due to doofus transit move on my part. I gotta start crashing in SF on Fridays :-P",
        "ts": "1440271496.004264"
    },
    {
        "type": "message",
        "user": "U08ERPTQF",
        "text": "Cool guys. I've got two things to contribute....\n1) Was talking with <@U08F438SK> and it would make sense to stick to the Datt repo trackers, but it's also nice having the Trello\/Kanban board so we can use <http:\/\/Waffle.io|Waffle.io> for that. It just means labelling the GitHub issues so they appear on the right board",
        "ts": "1440273017.004265"
    },
    {
        "type": "message",
        "user": "U08ERPTQF",
        "text": "2) I've put together a high-level roadmap of the things that are either in progress or planned. It doesn't go far into the future just the rest of Aug and Sept, which should see us approaching an MVP\/Alpha release for hackers",
        "ts": "1440273268.004266"
    },
    {
        "type": "message",
        "subtype": "file_share",
        "text": "<@U08ERPTQF|paul_xbt> uploaded a file: <https:\/\/dattnetwork.slack.com\/files\/paul_xbt\/F09FDJBV3\/roadmap_to_mvp.png|Roadmap to MVP.png> and commented: Welcome any feedback, or additions if there are more things you guys are working on",
        "file": {
            "id": "F09FDJBV3",
            "created": 1440273315,
            "timestamp": 1440273315,
            "name": "Roadmap to MVP.png",
            "title": "Roadmap to MVP.png",
            "mimetype": "image\/png",
            "filetype": "png",
            "pretty_type": "PNG",
            "user": "U08ERPTQF",
            "editable": false,
            "size": 109980,
            "mode": "hosted",
            "is_external": false,
            "external_type": "",
            "is_public": true,
            "public_url_shared": false,
            "display_as_bot": false,
            "username": "",
            "url_private": "https:\/\/files.slack.com\/files-pri\/T07GDKW3U-F09FDJBV3\/roadmap_to_mvp.png?t=xoxe-7557676130-19603236052-19608971585-522f2efa97",
            "url_private_download": "https:\/\/files.slack.com\/files-pri\/T07GDKW3U-F09FDJBV3\/download\/roadmap_to_mvp.png?t=xoxe-7557676130-19603236052-19608971585-522f2efa97",
            "thumb_64": "https:\/\/files.slack.com\/files-tmb\/T07GDKW3U-F09FDJBV3-7e7a973935\/roadmap_to_mvp_64.png?t=xoxe-7557676130-19603236052-19608971585-522f2efa97",
            "thumb_80": "https:\/\/files.slack.com\/files-tmb\/T07GDKW3U-F09FDJBV3-7e7a973935\/roadmap_to_mvp_80.png?t=xoxe-7557676130-19603236052-19608971585-522f2efa97",
            "thumb_360": "https:\/\/files.slack.com\/files-tmb\/T07GDKW3U-F09FDJBV3-7e7a973935\/roadmap_to_mvp_360.png?t=xoxe-7557676130-19603236052-19608971585-522f2efa97",
            "thumb_360_w": 283,
            "thumb_360_h": 360,
            "thumb_480": "https:\/\/files.slack.com\/files-tmb\/T07GDKW3U-F09FDJBV3-7e7a973935\/roadmap_to_mvp_480.png?t=xoxe-7557676130-19603236052-19608971585-522f2efa97",
            "thumb_480_w": 378,
            "thumb_480_h": 480,
            "thumb_160": "https:\/\/files.slack.com\/files-tmb\/T07GDKW3U-F09FDJBV3-7e7a973935\/roadmap_to_mvp_160.png?t=xoxe-7557676130-19603236052-19608971585-522f2efa97",
            "thumb_720": "https:\/\/files.slack.com\/files-tmb\/T07GDKW3U-F09FDJBV3-7e7a973935\/roadmap_to_mvp_720.png?t=xoxe-7557676130-19603236052-19608971585-522f2efa97",
            "thumb_720_w": 567,
            "thumb_720_h": 720,
            "thumb_960": "https:\/\/files.slack.com\/files-tmb\/T07GDKW3U-F09FDJBV3-7e7a973935\/roadmap_to_mvp_960.png?t=xoxe-7557676130-19603236052-19608971585-522f2efa97",
            "thumb_960_w": 755,
            "thumb_960_h": 960,
            "thumb_1024": "https:\/\/files.slack.com\/files-tmb\/T07GDKW3U-F09FDJBV3-7e7a973935\/roadmap_to_mvp_1024.png?t=xoxe-7557676130-19603236052-19608971585-522f2efa97",
            "thumb_1024_w": 806,
            "thumb_1024_h": 1024,
            "image_exif_rotation": 1,
            "original_w": 1038,
            "original_h": 1319,
            "permalink": "https:\/\/dattnetwork.slack.com\/files\/paul_xbt\/F09FDJBV3\/roadmap_to_mvp.png",
            "permalink_public": "https:\/\/slack-files.com\/T07GDKW3U-F09FDJBV3-136a02be4e",
            "channels": [
                "C07GDL0Q7"
            ],
            "groups": [

            ],
            "ims": [

            ],
            "comments_count": 1,
            "initial_comment": {
                "id": "Fc09FDJC4D",
                "created": 1440273315,
                "timestamp": 1440273315,
                "user": "U08ERPTQF",
                "comment": "Welcome any feedback, or additions if there are more things you guys are working on"
            }
        },
        "user": "U08ERPTQF",
        "upload": true,
        "display_as_bot": false,
        "username": "<@U08ERPTQF|paul_xbt>",
        "bot_id": null,
        "ts": "1440273317.004267"
    },
    {
        "type": "message",
        "user": "U08ERPTQF",
        "text": "<@U08BY8MGV>: From last week's gathering, the community (subreddit) style view was descoped for MVP, but is the same true for comments in general?",
        "ts": "1440273632.004268"
    },
    {
        "type": "message",
        "user": "U08BY8MGV",
        "text": "Yes I believe we will exclude comments all together from the MVP. My thought is that we will want the MVP to test whether (and how much) people will pay to upvote. This doesn't absolutely require a comments feature",
        "ts": "1440273769.004269"
    },
    {
        "type": "message",
        "user": "U08ERPTQF",
        "text": "Absolutely. I was also discussing the payment channels with <@U08F438SK> - even if its not fully functional for MVP, it will at least give us an idea of what's possible and which payments can support our business model.",
        "ts": "1440273909.004270"
    },
    {
        "type": "message",
        "user": "U07GDL0H5",
        "text": "finished a weekly summary: <https:\/\/github.com\/dattnetwork\/dattdocs#end-of-week-3-aug-22-2015---ryan-x-charles>",
        "attachments": [
            {
                "service_name": "GitHub",
                "title": "dattnetwork\/dattdocs",
                "title_link": "https:\/\/github.com\/dattnetwork\/dattdocs#end-of-week-3-aug-22-2015---ryan-x-charles",
                "text": "dattdocs - Document all the things.",
                "fallback": "GitHub: dattnetwork\/dattdocs",
                "thumb_url": "https:\/\/avatars0.githubusercontent.com\/u\/13266895?v=3&s=400",
                "from_url": "https:\/\/github.com\/dattnetwork\/dattdocs#end-of-week-3-aug-22-2015---ryan-x-charles",
                "thumb_width": 214,
                "thumb_height": 214,
                "id": 1
            }
        ],
        "ts": "1440274747.004271",
        "reactions": [
            {
                "name": "+1",
                "users": [
                    "U08ERPTQF"
                ],
                "count": 1
            }
        ]
    },
    {
        "type": "message",
        "user": "U08ERPTQF",
        "text": "WIP: Adding some network graphs in GraphML to visualize flows\n\n<https:\/\/github.com\/dattnetwork\/dattdocs\/blob\/master\/UML\/Datt%20network%20graph%20circular%20content%20incl%20curation.png>\n- Content from Alice propagates along the light blue paths, then Charlie curates the content to further propagate along the dark blue paths\n\n<https:\/\/github.com\/dattnetwork\/dattdocs\/blob\/master\/UML\/Datt%20network%20graph%20circular%20voting.png>\n- Voting follows the orange path from Bob back to Alice",
        "edited": {
            "user": "U08ERPTQF",
            "ts": "1440280369.000000"
        },
        "ts": "1440280345.004273"
    },
    {
        "type": "message",
        "user": "U08ERPTQF",
        "text": "Have updated the roadmap and commited the latest version to dattdocs: <https:\/\/github.com\/dattnetwork\/dattdocs\/raw\/master\/planning\/Roadmap%20to%20MVP.png>",
        "attachments": [
            {
                "fallback": "1057x1319px image",
                "image_url": "https:\/\/github.com\/dattnetwork\/dattdocs\/raw\/master\/planning\/Roadmap%20to%20MVP.png",
                "image_width": 1057,
                "image_height": 1319,
                "image_bytes": 113833,
                "from_url": "https:\/\/github.com\/dattnetwork\/dattdocs\/raw\/master\/planning\/Roadmap%20to%20MVP.png",
                "id": 1
            }
        ],
        "ts": "1440281311.004276"
    },
    {
        "type": "message",
        "user": "U08ERPTQF",
        "text": "Everything is pushed to dattdocs... heading out for a bit",
        "ts": "1440281577.004278"
    },
    {
        "type": "message",
        "user": "U08ERPTQF",
        "text": "Waffles are served:\n<https:\/\/waffle.io\/dattnetwork\/dattmedia\/join>\n<https:\/\/waffle.io\/dattnetwork\/datt-node\/join>",
        "attachments": [
            {
                "title": "waffle.io",
                "title_link": "https:\/\/waffle.io\/dattnetwork\/dattmedia\/join",
                "text": "GitHub-powered work tracking for teams and open source.",
                "fallback": "waffle.io",
                "image_url": "https:\/\/www.waffle.io\/resources\/images\/waffle-yellow-on-blue.png",
                "from_url": "https:\/\/waffle.io\/dattnetwork\/dattmedia\/join",
                "image_width": 250,
                "image_height": 250,
                "image_bytes": 14172,
                "id": 1
            }
        ],
        "ts": "1440287641.004279",
        "reactions": [
            {
                "name": "tada",
                "users": [
                    "U08EZP01H",
                    "U08F438SK"
                ],
                "count": 2
            }
        ]
    },
    {
        "type": "message",
        "user": "U08F438SK",
        "text": "Journalism doesn't pay anymore. In <#C08HRSD6U> I posted  screenshots from a real exchange between journalist and digital editor where editor tells journo that he should be happy to publish for free, and the beginning of a beautiful long-form from Digital Editor of Atlantic Monthly on why they pay journalists only $50-150 \/ original, researched article.  (Full read here: <http:\/\/www.theatlantic.com\/technology\/archive\/2013\/03\/a-day-in-the-life-of-a-digital-editor-2013\/273763\/> )",
        "attachments": [
            {
                "service_name": "The Atlantic",
                "title": "A Day in the Life of a Digital Editor, 2013",
                "title_link": "http:\/\/www.theatlantic.com\/technology\/archive\/2013\/03\/a-day-in-the-life-of-a-digital-editor-2013\/273763\/",
                "text": "The biz ain't what it used to be, but then again, for most people, it never really was",
                "fallback": "The Atlantic: A Day in the Life of a Digital Editor, 2013",
                "thumb_url": "http:\/\/cdn.theatlantic.com\/assets\/media\/mt\/science\/lead_large.jpg",
                "from_url": "http:\/\/www.theatlantic.com\/technology\/archive\/2013\/03\/a-day-in-the-life-of-a-digital-editor-2013\/273763\/",
                "thumb_width": 615,
                "thumb_height": 410,
                "id": 1
            }
        ],
        "ts": "1440311607.004281",
        "reactions": [
            {
                "name": "+1",
                "users": [
                    "U08ERPTQF",
                    "U08CG8V89",
                    "U08EZP01H",
                    "U08F2RTCN"
                ],
                "count": 4
            }
        ]
    }
]