[
    {
        "type": "message",
        "user": "U07GDL0H5",
        "text": "Towards a Prototype 6 <http:\/\/blog.datt.co\/articles\/2015-11-16-towards-a-prototype-6\/>",
        "ts": "1447700681.000014",
        "reactions": [
            {
                "name": "+1",
                "users": [
                    "U08F438SK",
                    "U08FELZL7",
                    "U08EKTS7P",
                    "U0FLJSP35"
                ],
                "count": 4
            }
        ]
    },
    {
        "user": "U0ELGGL3X",
        "type": "message",
        "subtype": "channel_join",
        "text": "<@U0ELGGL3X|alexricco> has joined the channel",
        "ts": "1447717686.000015"
    },
    {
        "type": "message",
        "user": "U08ELNFTP",
        "text": "I just wanted to invite everyone in Metro-Detroit to my talk on Marketing &amp; Blockchain Tech, Augur, Ethereum &amp;  Bitcoin tomorrow at Oakland University. I graduated from OU so it was a pretty cool thing that the OU chapter of the American Marketing Association asked me to talk, so I want to help grow the Metro-Detroit Bitcoin\/Blockchain community as much as I can through this event, it\u2019s open to the public and there will be free food too! Feel free to DM me for more information or if you have any questions, oh and any help spreading the word is always huge and appreciated :simple_smile:  Datt will also be mentioned :simple_smile: :simple_smile: <http:\/\/wwwp.oakland.edu\/business\/events\/111715-marketing-a-startup>",
        "ts": "1447736733.000016",
        "reactions": [
            {
                "name": "+1",
                "users": [
                    "U07GDL0H5",
                    "U08F438SK"
                ],
                "count": 2
            }
        ]
    }
]