[
    {
        "type": "message",
        "user": "U08C464NS",
        "text": "Happy Christmas everyone",
        "ts": "1451001817.000107",
        "reactions": [
            {
                "name": "tada",
                "users": [
                    "U07GDL0H5",
                    "U08EKTS7P",
                    "U0H3VL683",
                    "U0GNLBLRH",
                    "U08F2RTCN",
                    "U08F438SK"
                ],
                "count": 6
            }
        ]
    },
    {
        "type": "message",
        "user": "U0H3VL683",
        "text": "merry christmas :simple_smile:",
        "ts": "1451023606.000108"
    }
]