[
    {
        "type": "message",
        "user": "U07GDL0H5",
        "text": "friends ... i can't believe i'm saying this ... it's like a dream ... i just closed the prototype milestone <https:\/\/github.com\/dattnetwork\/datt\/issues?q=milestone%3APrototype>",
        "attachments": [
            {
                "service_name": "GitHub",
                "title": "dattnetwork\/datt",
                "title_link": "https:\/\/github.com\/dattnetwork\/datt\/issues?q=milestone%3APrototype",
                "text": "datt - Own your content.",
                "fallback": "GitHub: dattnetwork\/datt",
                "thumb_url": "https:\/\/avatars0.githubusercontent.com\/u\/13266895?v=3&s=400",
                "from_url": "https:\/\/github.com\/dattnetwork\/datt\/issues?q=milestone%3APrototype",
                "thumb_width": 214,
                "thumb_height": 214,
                "id": 1
            }
        ],
        "ts": "1449812204.000033"
    },
    {
        "type": "message",
        "user": "U07GDL0H5",
        "text": "basically what works right now is this: 1) you can open the app and you automatically have a new identity (or the same one if you already made one), 2) you can post content, which is delivered p2p to anyone else listening at that time, 3) you have an integrated bitcoin wallet (where the user controls the private keys), and can make payments to pieces of content which are received by the authors",
        "ts": "1449812286.000035",
        "reactions": [
            {
                "name": "rocket",
                "users": [
                    "U08ERPTQF",
                    "U08EZP01H",
                    "U08C464NS",
                    "U08F2RTCN",
                    "U0GMBM42G"
                ],
                "count": 5
            },
            {
                "name": "+1",
                "users": [
                    "U08E4BX5W",
                    "U08CG8V89",
                    "U08EZP01H",
                    "U08C464NS",
                    "U0GMBM42G"
                ],
                "count": 5
            }
        ]
    },
    {
        "user": "U0GCV4LN7",
        "type": "message",
        "subtype": "channel_join",
        "text": "<@U0GCV4LN7|chain> has joined the channel",
        "ts": "1449813549.000036"
    },
    {
        "type": "message",
        "user": "U08ERPTQF",
        "text": "Excellent work <@U07GDL0H5> ",
        "ts": "1449814082.000037"
    },
    {
        "type": "message",
        "user": "U07GDL0H5",
        "text": "thanks :simple_smile:",
        "ts": "1449815201.000038"
    },
    {
        "type": "message",
        "user": "U08MAKT70",
        "text": "Wow, amazing <@U07GDL0H5>!",
        "ts": "1449818760.000039"
    }
]