[
    {
        "user": "U0GMBM42G",
        "type": "message",
        "subtype": "channel_join",
        "text": "<@U0GMBM42G|advaith> has joined the channel",
        "ts": "1450194771.000056"
    },
    {
        "type": "message",
        "user": "U0GMBM42G",
        "text": "Hey there guys.",
        "ts": "1450195010.000057"
    },
    {
        "type": "message",
        "user": "U0GMBM42G",
        "text": "Is there any way I can help?",
        "ts": "1450195026.000058"
    },
    {
        "type": "message",
        "user": "U07GDL0H5",
        "text": "hey <@U0GMBM42G> :simple_smile: the best way for right now is to tackle issues from the MVP. <https:\/\/github.com\/dattnetwork\/datt\/milestones\/MVP>",
        "attachments": [
            {
                "service_name": "GitHub",
                "title": "dattnetwork\/datt",
                "title_link": "https:\/\/github.com\/dattnetwork\/datt\/milestones\/MVP",
                "text": "datt - Own your content.",
                "fallback": "GitHub: dattnetwork\/datt",
                "thumb_url": "https:\/\/avatars0.githubusercontent.com\/u\/13266895?v=3&s=400",
                "from_url": "https:\/\/github.com\/dattnetwork\/datt\/milestones\/MVP",
                "thumb_width": 214,
                "thumb_height": 214,
                "id": 1
            }
        ],
        "ts": "1450203844.000059"
    },
    {
        "type": "message",
        "user": "U07GDL0H5",
        "text": "you could start with something simple such as issuing a PR to add yourself to the contributors list.",
        "ts": "1450203870.000061"
    },
    {
        "type": "message",
        "user": "U07GDL0H5",
        "text": "the technology is the most pressing issue right now, but we will also need things like marketing if you're not a programmer",
        "ts": "1450203953.000062"
    },
    {
        "type": "message",
        "user": "U07GDL0H5",
        "text": "see all the stuff in the docs\/ folder, including business, community, product work",
        "ts": "1450203969.000063"
    },
    {
        "type": "message",
        "user": "U07GDL0H5",
        "text": "<https:\/\/github.com\/dattnetwork\/datt\/tree\/master\/docs>",
        "attachments": [
            {
                "service_name": "GitHub",
                "title": "dattnetwork\/datt",
                "title_link": "https:\/\/github.com\/dattnetwork\/datt\/tree\/master\/docs",
                "text": "datt - Own your content.",
                "fallback": "GitHub: dattnetwork\/datt",
                "thumb_url": "https:\/\/avatars0.githubusercontent.com\/u\/13266895?v=3&s=400",
                "from_url": "https:\/\/github.com\/dattnetwork\/datt\/tree\/master\/docs",
                "thumb_width": 214,
                "thumb_height": 214,
                "id": 1
            }
        ],
        "ts": "1450203988.000064"
    },
    {
        "type": "message",
        "user": "U07GDL0H5",
        "text": "i'm traveling right now so i will be a little unresponsive",
        "ts": "1450204030.000066"
    },
    {
        "user": "U0GNLBLRH",
        "type": "message",
        "subtype": "channel_join",
        "text": "<@U0GNLBLRH|jeffreybpetersen> has joined the channel",
        "ts": "1450222555.000067"
    },
    {
        "type": "message",
        "user": "U0GMBM42G",
        "text": "<@U07GDL0H5> I am definitely interested in marketing related stuff since I'm not good at code(still learning). SEO, ui, ux and growth\/marketing related stuff is what I'm interested in.",
        "ts": "1450241967.000068"
    }
]