[
    {
        "type": "message",
        "user": "U08F438SK",
        "text": "love the mockup updates from NODE11",
        "ts": "1450674279.000097",
        "reactions": [
            {
                "name": "pizza",
                "users": [
                    "U08C464NS",
                    "U07GDL0H5"
                ],
                "count": 2
            }
        ]
    },
    {
        "type": "message",
        "user": "U07GDL0H5",
        "text": "<https:\/\/ryanxcharlestimes.com\/10-gb-blocks-e7ed69e54a66>",
        "attachments": [
            {
                "service_name": "Medium",
                "title": "10 GB Blocks \u2014 Ryan X. Charles Times",
                "title_link": "https:\/\/ryanxcharlestimes.com\/10-gb-blocks-e7ed69e54a66",
                "text": "I just created my own fork of bitcoin. It\u2019s called Ryan X. Charles Bitcoin, and it\u2019s exactly the same as bitcoin, except\u2026",
                "fallback": "Medium: 10 GB Blocks \u2014 Ryan X. Charles Times",
                "image_url": "https:\/\/cdn-images-1.medium.com\/max\/800\/1*FgHsYcGzMcpPICLQRNKZ_g.jpeg",
                "fields": [
                    {
                        "title": "Reading time",
                        "value": "1 min :clock12:",
                        "short": true
                    },
                    {
                        "title": "Recommends",
                        "value": "0 :green_heart:",
                        "short": true
                    }
                ],
                "ts": 1450675718,
                "from_url": "https:\/\/ryanxcharlestimes.com\/10-gb-blocks-e7ed69e54a66",
                "image_width": 444,
                "image_height": 250,
                "image_bytes": 86248,
                "id": 1
            }
        ],
        "ts": "1450676056.000098",
        "reactions": [
            {
                "name": "simple_smile",
                "users": [
                    "U08ERPTQF",
                    "U08F2RTCN",
                    "U08FJ080J"
                ],
                "count": 3
            },
            {
                "name": "+1",
                "users": [
                    "U08FJ080J"
                ],
                "count": 1
            }
        ]
    },
    {
        "type": "message",
        "user": "U08F438SK",
        "text": "esp the new setup page for fresh users (media\/UI_Mockups\/Mockup 2\/Image_Mockups\/setup_1.png)",
        "ts": "1450676848.000100"
    },
    {
        "type": "message",
        "user": "U08ERPTQF",
        "text": "<@U0EH5QEJD>: <@U07GDL0H5>: should we get a rendezvous server up &amp; running on <http:\/\/datt.co|datt.co> for testing?",
        "ts": "1450676920.000101"
    }
]