[
    {
        "type": "message",
        "user": "U0HFX7S1X",
        "text": "greetings guys.. Am a dev who is passionate about decentralized networks :simple_smile: <https:\/\/github.com\/Wingie\/datt\/blob\/new_docs\/docs\/technology\/peer-content-discovery.md>",
        "attachments": [
            {
                "service_name": "GitHub",
                "title": "Wingie\/datt",
                "title_link": "https:\/\/github.com\/Wingie\/datt\/blob\/new_docs\/docs\/technology\/peer-content-discovery.md",
                "text": "datt - Own your content.",
                "fallback": "GitHub: Wingie\/datt",
                "thumb_url": "https:\/\/avatars3.githubusercontent.com\/u\/140260?v=3&s=400",
                "from_url": "https:\/\/github.com\/Wingie\/datt\/blob\/new_docs\/docs\/technology\/peer-content-discovery.md",
                "thumb_width": 400,
                "thumb_height": 400,
                "id": 1
            }
        ],
        "ts": "1451551653.000112"
    },
    {
        "type": "message",
        "user": "U0HFX7S1X",
        "text": "just some of my thoughts on the sort of approach we should take",
        "ts": "1451551739.000114",
        "reactions": [
            {
                "name": "+1",
                "users": [
                    "U08MAKT70",
                    "U07GDL0H5"
                ],
                "count": 2
            }
        ]
    },
    {
        "type": "message",
        "user": "U08CG8V89",
        "text": "<@U0HFX7S1X>: this made me grin - \"Proposal : Centralize (some of) the things\"",
        "ts": "1451566917.000115"
    }
]