[
    {
        "type": "message",
        "user": "U08MAKT70",
        "text": "Playing around with the prototype now. Really cool!",
        "ts": "1449916602.000048"
    },
    {
        "type": "message",
        "user": "U08C464NS",
        "text": "Well done <@U07GDL0H5> :simple_smile: Great news",
        "ts": "1449933113.000051"
    },
    {
        "type": "message",
        "user": "U08BY8MGV",
        "text": "Congrats. This is a huge step!",
        "ts": "1449951574.000054"
    }
]