[
    {
        "type": "message",
        "user": "U0DFQM8NM",
        "text": "hit up Sean Percival.. he\u2019s a bitcoiner and could still get you in late",
        "ts": "1446284179.000288"
    },
    {
        "type": "message",
        "user": "U08EZP01H",
        "text": "what's the consensus on Tech Stars? They have a big presence in a few cities.",
        "ts": "1446311386.000289"
    },
    {
        "type": "message",
        "user": "U09VDLJ4A",
        "text": "where will datt store all the data?",
        "ts": "1446336283.000290"
    },
    {
        "type": "message",
        "user": "U07GDL0H5",
        "text": "we've developed an algorithm that stores all of our data as reposts on reddit",
        "ts": "1446338951.000291"
    },
    {
        "type": "message",
        "user": "U07GDL0H5",
        "text": "... in seriousness, this document has some information on how data is stored. basically, you store some of the data on your computer. <https:\/\/github.com\/dattnetwork\/dattdocs\/blob\/master\/technology\/architecture.md>",
        "attachments": [
            {
                "service_name": "GitHub",
                "title": "dattnetwork\/dattdocs",
                "title_link": "https:\/\/github.com\/dattnetwork\/dattdocs\/blob\/master\/technology\/architecture.md",
                "text": "dattdocs - Datt Documentation",
                "fallback": "GitHub: dattnetwork\/dattdocs",
                "thumb_url": "https:\/\/avatars0.githubusercontent.com\/u\/13266895?v=3&s=400",
                "from_url": "https:\/\/github.com\/dattnetwork\/dattdocs\/blob\/master\/technology\/architecture.md",
                "thumb_width": 214,
                "thumb_height": 214,
                "id": 1
            }
        ],
        "ts": "1446339244.000292"
    }
]