[
    {
        "type": "message",
        "user": "U07GDL0H5",
        "text": "i agree they sound like they came out of a startup name generator, but so does \"facebook\"",
        "ts": "1445704948.000213"
    },
    {
        "type": "message",
        "user": "U07GDL0H5",
        "text": "<http:\/\/datt.io|datt.io> is also taken, unfortunately. so until there's an obviously better name we'll stick with <http:\/\/datt.co|datt.co>.",
        "ts": "1445704987.000214"
    },
    {
        "type": "message",
        "user": "U08C464NS",
        "text": "yeah man, I think this should be a consideration after the prototype is done?",
        "ts": "1445705654.000215"
    },
    {
        "type": "message",
        "user": "U07GDL0H5",
        "text": "it should be a consideration before the next round of attention, which was supposed to be after the prototype. so, yeah.",
        "ts": "1445705695.000216"
    },
    {
        "user": "U0D4TGZSB",
        "type": "message",
        "subtype": "channel_join",
        "text": "<@U0D4TGZSB|eric.r> has joined the channel",
        "ts": "1445717086.000217"
    }
]