[
    {
        "user": "U0EHFMJ2G",
        "type": "message",
        "subtype": "channel_join",
        "text": "<@U0EHFMJ2G|pol5> has joined the channel",
        "ts": "1447580303.000007"
    },
    {
        "type": "message",
        "user": "U0EHFMJ2G",
        "text": "hello",
        "ts": "1447580487.000008"
    },
    {
        "user": "U0EHGFV7E",
        "type": "message",
        "subtype": "channel_join",
        "text": "<@U0EHGFV7E|coolbearcjs> has joined the channel",
        "ts": "1447583959.000009"
    },
    {
        "type": "message",
        "user": "U07GDL0H5",
        "text": "hello friends. for the new people, here is a rundown of important links:\nthe blog, where you can get up to speed on what has happened over the past few months: <http:\/\/blog.datt.co\/>\ndattdocs has a bunch of information and is where our business plans, etc., are: <https:\/\/github.com\/dattnetwork\/dattdocs>\nthe main repo, for if you want to contribute code: <https:\/\/github.com\/dattnetwork\/datt>\nissues on the main repo: <https:\/\/github.com\/dattnetwork\/datt\/issues>",
        "ts": "1447604626.000010",
        "reactions": [
            {
                "name": "+1",
                "users": [
                    "U08C464NS",
                    "U08BZE91C"
                ],
                "count": 2
            }
        ]
    },
    {
        "type": "message",
        "user": "U0EH5QEJD",
        "text": "thanks boss",
        "ts": "1447608186.000011"
    },
    {
        "user": "U0EHYFCH0",
        "type": "message",
        "subtype": "channel_join",
        "text": "<@U0EHYFCH0|dackdel> has joined the channel",
        "ts": "1447612307.000012"
    },
    {
        "user": "U0EJ8JQKZ",
        "type": "message",
        "subtype": "channel_join",
        "text": "<@U0EJ8JQKZ|chewbaccalypse> has joined the channel",
        "ts": "1447635701.000013"
    }
]