[
    {
        "type": "message",
        "user": "U08DN0E5S",
        "text": "forgery is the greatest flattery",
        "ts": "1446069538.000252"
    },
    {
        "type": "message",
        "user": "U08DN0E5S",
        "text": "or whatever they say",
        "ts": "1446069541.000253"
    },
    {
        "user": "U0DD2J623",
        "type": "message",
        "subtype": "channel_join",
        "text": "<@U0DD2J623|kyletorpey> has joined the channel",
        "ts": "1446073147.000254"
    },
    {
        "type": "message",
        "user": "U07GDL0H5",
        "text": "<@U0DD2J623>: this is awesome! <https:\/\/github.com\/dattnetwork\/dattdocs\/pull\/8\/files>",
        "attachments": [
            {
                "service_name": "GitHub",
                "title": "Create bitmedia.md by kyletorpey \u00b7 Pull Request #8 \u00b7 dattnetwork\/dattdocs \u00b7 GitHub",
                "title_link": "https:\/\/github.com\/dattnetwork\/dattdocs\/pull\/8\/files",
                "text": "I think this doc may contain some useful info for Datt.",
                "fallback": "GitHub: Create bitmedia.md by kyletorpey \u00b7 Pull Request #8 \u00b7 dattnetwork\/dattdocs",
                "thumb_url": "https:\/\/avatars1.githubusercontent.com\/u\/6266647?v=3&s=400",
                "from_url": "https:\/\/github.com\/dattnetwork\/dattdocs\/pull\/8\/files",
                "thumb_width": 400,
                "thumb_height": 400,
                "id": 1
            }
        ],
        "ts": "1446084318.000255"
    },
    {
        "type": "message",
        "user": "U0DD2J623",
        "text": "<@U07GDL0H5>:  thanks :simple_smile: i saw a video of your sf bitcoin meetup talk and enjoyed your general vision of datt",
        "ts": "1446087855.000257"
    },
    {
        "type": "message",
        "user": "U0DD2J623",
        "text": "im not sure if bitcoin attached to upvotes will work well but the idea of bringing financial incentives of some sort to social media is needed.",
        "ts": "1446087907.000258"
    }
]