[
    {
        "type": "message",
        "user": "U08BY8MGV",
        "text": "<https:\/\/angel.co\/500startups-batch-16\/apply>",
        "attachments": [
            {
                "title": "Apply to Batch 16 on AngelList",
                "title_link": "https:\/\/angel.co\/500startups-batch-16\/apply",
                "fallback": "Apply to Batch 16 on AngelList",
                "thumb_url": "https:\/\/d1qb2nb5cznatu.cloudfront.net\/startups\/i\/1124-9f04812061e2dcd37e24eeb20cf47e5c-medium_jpg.jpg?buster=1428090396",
                "fields": [
                    {
                        "title": "Program",
                        "value": "Batch 16",
                        "short": true
                    },
                    {
                        "title": "Applications Due",
                        "value": "December 01",
                        "short": true
                    }
                ],
                "from_url": "https:\/\/angel.co\/500startups-batch-16\/apply",
                "thumb_width": 200,
                "thumb_height": 200,
                "id": 1
            }
        ],
        "ts": "1448483383.000024",
        "reactions": [
            {
                "name": "+1",
                "users": [
                    "U07GDL0H5",
                    "U08F438SK"
                ],
                "count": 2
            }
        ]
    },
    {
        "type": "message",
        "user": "U08BY8MGV",
        "text": "In SF ",
        "ts": "1448483391.000026"
    }
]