[
    {
        "user": "U0KD881BL",
        "type": "message",
        "subtype": "channel_join",
        "text": "<@U0KD881BL|trashish> has joined the channel",
        "ts": "1453807103.000016"
    },
    {
        "user": "U0KDKUUSW",
        "type": "message",
        "subtype": "channel_join",
        "text": "<@U0KDKUUSW|roke> has joined the channel",
        "ts": "1453817641.000017"
    },
    {
        "user": "U0KDN0B9Q",
        "type": "message",
        "subtype": "channel_join",
        "text": "<@U0KDN0B9Q|alanmcsherry> has joined the channel",
        "ts": "1453818971.000018"
    },
    {
        "user": "U0KDPJH0S",
        "type": "message",
        "subtype": "channel_join",
        "text": "<@U0KDPJH0S|tanner> has joined the channel",
        "ts": "1453819958.000019"
    },
    {
        "type": "message",
        "user": "U0KDPJH0S",
        "text": "hello :simple_smile:",
        "ts": "1453819972.000020"
    },
    {
        "user": "U0KDQJU0K",
        "type": "message",
        "subtype": "channel_join",
        "text": "<@U0KDQJU0K|vladimir> has joined the channel",
        "ts": "1453822090.000021"
    },
    {
        "user": "U0KDRDLJG",
        "type": "message",
        "subtype": "channel_join",
        "text": "<@U0KDRDLJG|shahriver> has joined the channel",
        "ts": "1453824330.000022"
    },
    {
        "type": "message",
        "user": "U07GDL0H5",
        "text": "hello everyone",
        "ts": "1453827745.000023"
    },
    {
        "type": "message",
        "user": "U07GDL0H5",
        "text": "coindesk gave us some press <http:\/\/www.coindesk.com\/bitcoin-social-network-datt-proof-of-concept\/>",
        "attachments": [
            {
                "service_name": "CoinDesk",
                "title": "Bitcoin Social Network DATT Reaches Proof-of-Concept Stage - CoinDesk",
                "title_link": "http:\/\/www.coindesk.com\/bitcoin-social-network-datt-proof-of-concept\/",
                "text": "A decentralized social network founded by Reddit\u2019s former cryptocurrency engineer has moved forward to the proof-of-concept stage.",
                "fallback": "CoinDesk: Bitcoin Social Network DATT Reaches Proof-of-Concept Stage - CoinDesk",
                "image_url": "http:\/\/media.coindesk.com\/2014\/10\/shutterstock_189811238.jpg",
                "ts": 1453804091,
                "from_url": "http:\/\/www.coindesk.com\/bitcoin-social-network-datt-proof-of-concept\/",
                "image_width": 362,
                "image_height": 250,
                "image_bytes": 819945,
                "id": 1
            }
        ],
        "ts": "1453838875.000024"
    },
    {
        "user": "U0KEYFVPH",
        "type": "message",
        "subtype": "channel_join",
        "text": "<@U0KEYFVPH|satoshidragon> has joined the channel",
        "ts": "1453843711.000026"
    },
    {
        "type": "message",
        "user": "U07GDL0H5",
        "text": "47 new people signed up for the mailing list on the basis of that coindesk article",
        "ts": "1453851190.000027"
    },
    {
        "type": "message",
        "user": "U07GDL0H5",
        "text": "friends, sometime in february i think would be a good time for Decentralize All The Things Global Hackathon #2",
        "ts": "1453851954.000028"
    },
    {
        "type": "message",
        "user": "U07GDL0H5",
        "text": "wherein we focus on these things: 1) the p2p protocol, 2) the product+community plan",
        "ts": "1453851984.000029"
    },
    {
        "type": "message",
        "user": "U07GDL0H5",
        "text": "if anyone has any particular date they would prefer, please let me know. otherwise i will pick one that works best for me :simple_smile:",
        "ts": "1453852001.000030"
    },
    {
        "type": "message",
        "user": "U07GDL0H5",
        "text": "tentatively the weekend of feb. 26 - 28 looks good",
        "ts": "1453852069.000031"
    },
    {
        "type": "message",
        "user": "U0J4MHMP1",
        "text": "Also relevant motivation - <http:\/\/www.breitbart.com\/tech\/2016\/01\/26\/how-to-get-banned-from-twitter\/>",
        "attachments": [
            {
                "service_name": "Breitbart",
                "title": "Five Ways to Get Banned from Twitter - Breitbart",
                "title_link": "http:\/\/www.breitbart.com\/tech\/2016\/01\/26\/how-to-get-banned-from-twitter\/",
                "text": "Twitter is notoriously opaque about why it punishes its users.",
                "fallback": "Breitbart: Five Ways to Get Banned from Twitter - Breitbart",
                "thumb_url": "http:\/\/media.breitbart.com\/media\/2016\/01\/ap_twitter_ap-photo-2-e1453824273848.jpg",
                "ts": 1453795483,
                "from_url": "http:\/\/www.breitbart.com\/tech\/2016\/01\/26\/how-to-get-banned-from-twitter\/",
                "thumb_width": 640,
                "thumb_height": 480,
                "id": 1
            }
        ],
        "ts": "1453867587.000032"
    }
]