[
    {
        "type": "message",
        "user": "U07GDL0H5",
        "text": "<@U0C7XL86S>: i would love to collaborate\/interoperate more closely with OB. right now i'm basically too bandwidth limited to investigate that. would appreciate it someone else would investigate &amp; write up how such an interop would work :simple_smile:",
        "ts": "1452950017.000342"
    },
    {
        "type": "message",
        "user": "U0C7XL86S",
        "text": "I\u2019ve posted your response on the OB slack, see if it generates a response",
        "ts": "1452961730.000346"
    },
    {
        "type": "message",
        "user": "U0C7XL86S",
        "text": "It seems you are focused right now more on allowing users to monetize content than to monetize reputational data. Is that a fair statement?",
        "ts": "1452961787.000347"
    },
    {
        "type": "message",
        "user": "U07GDL0H5",
        "text": "yes",
        "ts": "1452961892.000348"
    },
    {
        "type": "message",
        "user": "U0C7XL86S",
        "text": "Have you thought much yet about how ratings and reputation might work on datt? e.g. will content be sorted in a manner similar to how it works on reddit, with upvotes\/downvotes, and a composite score similar to  the algorithm they use on reddit?",
        "edited": {
            "user": "U0C7XL86S",
            "ts": "1452962078.000000"
        },
        "ts": "1452962045.000349"
    },
    {
        "type": "message",
        "user": "U0C7XL86S",
        "text": "If I were you I\u2019m thinking your plan would be to use the reddit rating\/sorting system for now while you get datt's core features in place, and focus on improving the rating\/sorting system later in a manner consistent with the basic philosophy of datt \u2014 but there are lots of ways you could go about that. I\u2019m curious to know what your thoughts are or whether you\u2019ve even been able to put much thought into it yet.",
        "ts": "1452962730.000351"
    },
    {
        "type": "message",
        "user": "U07GDL0H5",
        "text": "focus is much more on payments. users pay each other. also you can follow other users. there is no planned objective measure of reputation at the moment, though could compute a reputation based on how much someone has been paid and how many followers they have.",
        "ts": "1452964122.000353"
    },
    {
        "type": "message",
        "user": "U0C7XL86S",
        "text": "Will users pay each other for access to their content or will it be more like tipping?",
        "ts": "1452964425.000354"
    },
    {
        "type": "message",
        "user": "U07GDL0H5",
        "text": "undecided",
        "ts": "1452964497.000355"
    },
    {
        "type": "message",
        "user": "U07GDL0H5",
        "text": "though see the docs, particularly general\/plan.md",
        "ts": "1452964517.000356"
    },
    {
        "type": "message",
        "user": "U0C7XL86S",
        "text": "found it, thanks",
        "ts": "1452964929.000357"
    }
]