[
    {
        "type": "message",
        "user": "U07GDL0H5",
        "text": "my new favorite thing is posting polls on twitter. watching the results come in is fascinating. <https:\/\/twitter.com\/ryanxcharles\/status\/683561930846384129>",
        "attachments": [
            {
                "fallback": "<https:\/\/twitter.com\/ryanxcharles|@ryanxcharles>: School -&gt; College -&gt; Job -&gt; Marriage -&gt; Mortgage -&gt; Kids -&gt; Retire at 65.",
                "ts": 1451808838,
                "author_name": "Ryan X. Charles",
                "author_link": "https:\/\/twitter.com\/ryanxcharles\/status\/683561930846384129",
                "author_icon": "https:\/\/pbs.twimg.com\/profile_images\/2843317961\/06eecfd8db67d57ed4c5718c8db35aa5_normal.jpeg",
                "author_subname": "@ryanxcharles",
                "text": "School -&gt; College -&gt; Job -&gt; Marriage -&gt; Mortgage -&gt; Kids -&gt; Retire at 65.",
                "service_name": "twitter",
                "service_url": "https:\/\/twitter.com\/",
                "from_url": "https:\/\/twitter.com\/ryanxcharles\/status\/683561930846384129",
                "id": 1
            }
        ],
        "ts": "1451809279.000135"
    },
    {
        "type": "message",
        "user": "U09VDPQAU",
        "text": "<@U07GDL0H5>: I thought Hyberabad was related to the 20% to Datt answer somehow... got me confused. But now that I'm clear on the two cannot be related, I hope you'll  share some photos of there as it sounds fairly exotic. :simple_smile:",
        "ts": "1451809617.000137"
    },
    {
        "type": "message",
        "user": "U07GDL0H5",
        "text": "lol. that should be the codename of the MVP. \"Hyderabad\"",
        "ts": "1451809659.000138"
    },
    {
        "type": "message",
        "user": "U09VDPQAU",
        "text": "Maybe I'm pessimistic but relying on people leaving a 20% default value seems too optimistic if that's the sole strategy. One thing that I imagine could work though, is to have the user contribution publicly displayed, people would then proudly wear their contributor badges.",
        "ts": "1451809882.000139"
    },
    {
        "type": "message",
        "user": "U07GDL0H5",
        "text": "that's not the only possibility, just the simplest one. i'm sure there are other services Datt, Inc. could provide to earn money.",
        "ts": "1451809993.000140"
    },
    {
        "type": "message",
        "user": "U0HFX7S1X",
        "text": "nice - what are you upto in hyd? vacationing or work?",
        "ts": "1451810016.000141"
    },
    {
        "type": "message",
        "user": "U0HFX7S1X",
        "text": "have you tried hyderabadi biriyani yet?",
        "ts": "1451810032.000142"
    },
    {
        "type": "message",
        "user": "U07GDL0H5",
        "text": "i'm circumnavigating the planet teaching blockchain with Blockchain University",
        "ts": "1451810064.000143",
        "reactions": [
            {
                "name": "+1",
                "users": [
                    "U0HFX7S1X",
                    "U0GMBM42G"
                ],
                "count": 2
            }
        ]
    },
    {
        "type": "message",
        "user": "U07GDL0H5",
        "text": "no, what's hyderabadi biriyana ? :simple_smile:",
        "ts": "1451810091.000144"
    },
    {
        "type": "message",
        "user": "U0HFX7S1X",
        "text": "biriyani*",
        "ts": "1451810100.000145"
    },
    {
        "type": "message",
        "user": "U0HFX7S1X",
        "text": "its like what's hyderabad is famous for",
        "ts": "1451810107.000146"
    },
    {
        "type": "message",
        "user": "U0HFX7S1X",
        "text": "a lil spicy dish with rice and chicken",
        "ts": "1451810121.000147"
    },
    {
        "type": "message",
        "user": "U07GDL0H5",
        "text": "awesome - i will definitely be sure to try that before i leave. i only got here 12 hrs ago :simple_smile:",
        "ts": "1451810136.000148"
    },
    {
        "type": "message",
        "user": "U09VDPQAU",
        "text": "I didn't know about blockchain university... seems very interesting, thanks!",
        "ts": "1451810208.000149"
    },
    {
        "type": "message",
        "user": "U0HFX7S1X",
        "text": "let me know if this is not the right channel for code related queries - ````let msg_test =  Msg().setCmd('test').setData(\"232\")\n  this.peers.broadcastMsg(msg_test)```",
        "ts": "1451810236.000150"
    },
    {
        "type": "message",
        "user": "U0HFX7S1X",
        "text": "it gives me a item.copy is not a function error :disappointed:",
        "ts": "1451810254.000151"
    },
    {
        "type": "message",
        "user": "U07GDL0H5",
        "text": "is that in the tests, or something you wrote?",
        "ts": "1451810279.000152"
    },
    {
        "type": "message",
        "user": "U0HFX7S1X",
        "text": "something i wrote",
        "ts": "1451810286.000153"
    },
    {
        "type": "message",
        "user": "U07GDL0H5",
        "text": "i see the error ... data must be a buffer",
        "ts": "1451810288.000154"
    },
    {
        "type": "message",
        "user": "U07GDL0H5",
        "text": "not a string",
        "ts": "1451810291.000155"
    },
    {
        "type": "message",
        "user": "U07GDL0H5",
        "text": "let msg_test =  Msg().setCmd('test').setData(new Buffer(\"232\"))\n  this.peers.broadcastMsg(msg_test)",
        "ts": "1451810303.000156"
    },
    {
        "type": "message",
        "user": "U0HFX7S1X",
        "text": "yup that seemed to do the trick",
        "ts": "1451810363.000157"
    },
    {
        "type": "message",
        "user": "U0HFX7S1X",
        "text": "thanks!",
        "ts": "1451810390.000158"
    },
    {
        "type": "message",
        "user": "U07GDL0H5",
        "text": "np :simple_smile:",
        "ts": "1451810408.000159"
    },
    {
        "type": "message",
        "user": "U0HFX7S1X",
        "text": "another question - i can see the the ConnectionBrowserWebRTC connections and can see data from `this.peers.toJSON()` but when i try to broadcast the above msg i get a ` Connection is not open. You should listen for the 'open' event before sending messages.` any idea what i'm missing here?",
        "edited": {
            "user": "U0HFX7S1X",
            "ts": "1451811274.000000"
        },
        "ts": "1451811246.000160"
    },
    {
        "type": "message",
        "user": "U0HFX7S1X",
        "text": "should i be calling a `asyncConnect` again before sending?",
        "ts": "1451811259.000161"
    },
    {
        "type": "message",
        "user": "U07GDL0H5",
        "text": "i dont' really remember off-hand how that stuff works, but the network code is pretty bare-minimum just so i could get the prototype working. you have to set up a connection somehow - and i think the only way to do that is the use the \"Network\" class - it will create and open a connection, which you can then use",
        "ts": "1451811546.000163"
    },
    {
        "type": "message",
        "user": "U0HFX7S1X",
        "text": "olright will take a look",
        "ts": "1451811591.000164"
    },
    {
        "type": "message",
        "user": "U07GDL0H5",
        "text": "what article should I write next?",
        "ts": "1451886511.000165"
    },
    {
        "type": "message",
        "user": "U07GDL0H5",
        "text": "<https:\/\/twitter.com\/ryanxcharles\/status\/683886706903285760>",
        "attachments": [
            {
                "fallback": "<https:\/\/twitter.com\/ryanxcharles|@ryanxcharles>: You would most like to read an article about",
                "ts": 1451886271,
                "author_name": "Ryan X. Charles",
                "author_link": "https:\/\/twitter.com\/ryanxcharles\/status\/683886706903285760",
                "author_icon": "https:\/\/pbs.twimg.com\/profile_images\/2843317961\/06eecfd8db67d57ed4c5718c8db35aa5_normal.jpeg",
                "author_subname": "@ryanxcharles",
                "text": "You would most like to read an article about",
                "service_name": "twitter",
                "service_url": "https:\/\/twitter.com\/",
                "from_url": "https:\/\/twitter.com\/ryanxcharles\/status\/683886706903285760",
                "id": 1
            }
        ],
        "ts": "1451886643.000166"
    }
]