[
    {
        "type": "message",
        "user": "U07GDL0H5",
        "text": "1) datt does not employ content producers. users pay p2p. 2) datt is decentralized. Datt, Inc. only maintains lead through moral authority. users not locked in. 3) the amounts on datt will be a lot smaller than kickstarter. risk is minimized.",
        "ts": "1452509410.000203"
    },
    {
        "user": "U0J5FDGJZ",
        "type": "message",
        "subtype": "channel_join",
        "text": "<@U0J5FDGJZ|crasch> has joined the channel",
        "ts": "1452514356.000204"
    },
    {
        "type": "message",
        "user": "U07GDL0H5",
        "text": "Intermission: US Government, Planet Earth &amp; Other News <http:\/\/localhost:8080\/articles\/2016-01-11-intermission\/>",
        "ts": "1452515212.000205"
    },
    {
        "type": "message",
        "user": "U07GDL0H5",
        "text": "lol woops. wrong link. real link: <http:\/\/blog.datt.co\/articles\/2016-01-11-intermission\/>",
        "ts": "1452515693.000206"
    },
    {
        "type": "message",
        "user": "U09VDPQAU",
        "text": "how many hours do you have every day Ryan? Cause between your Blog, Datt &amp; giving bitcoin lectures in India, I can only imagine your days are 48 hours long... I'm seriously questioning my productivity now, thank you. :stuck_out_tongue:",
        "ts": "1452519216.000207"
    },
    {
        "type": "message",
        "user": "U07GDL0H5",
        "text": "ha thank you. i try my best. currently what i'm doing is unsustainable. trying to figure out something a little more stable.",
        "ts": "1452519268.000208"
    },
    {
        "type": "message",
        "user": "U09VDPQAU",
        "text": "I think once the beta version of Datt is rolling, hopefully that'll attract a few more developers to help! A bit like what is happening w\/ OpenBazaar I suppose.",
        "ts": "1452519468.000209"
    },
    {
        "type": "message",
        "user": "U07GDL0H5",
        "text": "that's the theory",
        "ts": "1452519502.000210"
    },
    {
        "type": "message",
        "user": "U09VDPQAU",
        "text": "you said previously the current issues listed in github are all complex, may I ask what is the one you find the most troublesome?",
        "ts": "1452519828.000211"
    },
    {
        "type": "message",
        "user": "U09VDPQAU",
        "text": "also little typo on your blog post I believe: \"*my not all of my* future activity will fall under the \u201cDatt\u201d label\"",
        "ts": "1452519976.000212"
    },
    {
        "type": "message",
        "user": "U07GDL0H5",
        "text": "thx. fixed :simple_smile:",
        "ts": "1452521688.000213"
    },
    {
        "type": "message",
        "user": "U07GDL0H5",
        "text": "as for which are complex, they are all complex, because we do not have an MVP. the p2p protocol basically sucks. needs a real p2p protocol, a real database, and a real UI. everything is prototype-stage.",
        "ts": "1452521722.000214"
    },
    {
        "type": "message",
        "user": "U09VDPQAU",
        "text": "got it, thanks",
        "ts": "1452522300.000215"
    },
    {
        "type": "message",
        "user": "U0J4MHMP1",
        "text": "<@U07GDL0H5>: the thing I hate most about developing distributed code is that asynchrony makes debugging damn near impossible.",
        "ts": "1452552318.000216"
    },
    {
        "type": "message",
        "user": "U0J4MHMP1",
        "text": "the problem is that most async primitives are hard-wired into language semantics, and you cannot, in practice, make them debuggable.",
        "ts": "1452552369.000217"
    },
    {
        "type": "message",
        "user": "U0J4MHMP1",
        "text": "fortunately, in F#, async is implemented as a monad, which means its asynchronous semantics can be switched on and off at run-time when placed underneath another monad.",
        "edited": {
            "user": "U0J4MHMP1",
            "ts": "1452553293.000000"
        },
        "ts": "1452552423.000218"
    },
    {
        "type": "message",
        "user": "U0J4MHMP1",
        "text": "so with an alternative implementation, you can set a boolean flag to specify to use async-style calls in single threaded mode, allowing you to deploy a distributed program entirely locally, and debug it as if it were a single-threaded, sequential program.",
        "ts": "1452552515.000219"
    },
    {
        "type": "message",
        "user": "U0J4MHMP1",
        "text": "So in F#, I implemented the Vsync monad to do precisely this -",
        "ts": "1452552540.000220"
    },
    {
        "type": "message",
        "subtype": "file_share",
        "text": "<@U0J4MHMP1|datt_user> shared a file: <https:\/\/dattnetwork.slack.com\/files\/datt_user\/F0J75ECVC\/Vsync_fs.fs|Vsync.fs>",
        "file": {
            "id": "F0J75ECVC",
            "created": 1452552573,
            "timestamp": 1452552573,
            "name": "Vsync_fs.fs",
            "title": "Vsync.fs",
            "mimetype": "text\/plain",
            "filetype": "fsharp",
            "pretty_type": "F#",
            "user": "U0J4MHMP1",
            "editable": true,
            "size": 7275,
            "mode": "snippet",
            "is_external": true,
            "external_type": "unknown",
            "is_public": true,
            "public_url_shared": false,
            "display_as_bot": false,
            "username": "",
            "url_private": "https:\/\/gist.github.com\/45ef1193b79e06000a9a#file-Vsync-fs",
            "url_private_download": "https:\/\/gist.github.com\/45ef1193b79e06000a9a#file-Vsync-fs",
            "permalink": "https:\/\/dattnetwork.slack.com\/files\/datt_user\/F0J75ECVC\/Vsync_fs.fs",
            "edit_link": "https:\/\/dattnetwork.slack.com\/files\/datt_user\/F0J75ECVC\/Vsync_fs.fs\/edit",
            "preview": "namespace Marvel\nopen System\nopen System.Diagnostics\nopen System.Threading\nopen System.Threading.Tasks",
            "preview_highlight": "<div class=\"CodeMirror cm-s-default CodeMirrorServer\">\n<div class=\"CodeMirror-code\">\n<div><pre><span class=\"cm-keyword\">namespace<\/span> <span class=\"cm-variable\">Marvel<\/span><\/pre><\/div>\n<div><pre><span class=\"cm-builtin\">open<\/span> <span class=\"cm-variable\">System<\/span><\/pre><\/div>\n<div><pre><span class=\"cm-builtin\">open<\/span> <span class=\"cm-variable\">System<\/span><span class=\"cm-variable\">.Diagnostics<\/span><\/pre><\/div>\n<div><pre><span class=\"cm-builtin\">open<\/span> <span class=\"cm-variable\">System<\/span><span class=\"cm-variable\">.Threading<\/span><\/pre><\/div>\n<div><pre><span class=\"cm-builtin\">open<\/span> <span class=\"cm-variable\">System<\/span><span class=\"cm-variable\">.Threading<\/span><span class=\"cm-variable\">.Tasks<\/span><\/pre><\/div>\n<\/div>\n<\/div>\n",
            "lines": 173,
            "lines_more": 168,
            "channels": [
                "C07GDL0Q7"
            ],
            "groups": [

            ],
            "ims": [

            ],
            "comments_count": 0
        },
        "user": "U0J4MHMP1",
        "upload": false,
        "display_as_bot": false,
        "username": "<@U0J4MHMP1|datt_user>",
        "bot_id": null,
        "ts": "1452552573.000222"
    },
    {
        "type": "message",
        "user": "U0J4MHMP1",
        "text": "I wonder if such a thing is possible in javascript in your asink project?",
        "ts": "1452552644.000224"
    },
    {
        "type": "message",
        "user": "U0J4MHMP1",
        "text": "Anyways, please let me know your thoughts.",
        "ts": "1452552744.000225"
    },
    {
        "type": "message",
        "user": "U07GDL0H5",
        "text": "interesting. while javascript is always single-threaded, i'm not sure what the equivalent would be to what you're describing. you could run multiple nodes on the same machine perhaps.",
        "ts": "1452568715.000227"
    },
    {
        "type": "message",
        "user": "U0J4MHMP1",
        "text": "<@U07GDL0H5>: Ah, then that confuses me a bit, as I'm not sure what would be the use of an async syntax without multi-threading?",
        "ts": "1452570838.000229"
    },
    {
        "type": "message",
        "user": "U0J4MHMP1",
        "text": "Unless, I suppose, all that async in javascript does is pre-emptively time slice in a single thread...",
        "ts": "1452570947.000230"
    },
    {
        "type": "message",
        "user": "U07GDL0H5",
        "text": "datt_user: welcome to javascript :simple_smile: there is one thread, which is very fast for IO if you keep CPU-heavy work out of that thread",
        "ts": "1452572761.000231"
    },
    {
        "type": "message",
        "user": "U0J4MHMP1",
        "text": "oh my...",
        "ts": "1452573652.000232"
    },
    {
        "type": "message",
        "user": "U07GDL0H5",
        "text": "note that datt uses process forks in node and web workers in a browser which allow to put the CPU-heavy crypto in a separate thread",
        "ts": "1452574398.000234"
    }
]