[
    {
        "user": "U0K9RKRMK",
        "type": "message",
        "subtype": "channel_join",
        "text": "<@U0K9RKRMK|tomz> has joined the channel",
        "ts": "1453713548.000003"
    },
    {
        "type": "message",
        "user": "U0K9RKRMK",
        "text": "Hey guys, I've been working for some time on a distributed forums using cryptographic proofs in the protocol. The protocol is quite solid so far, with me writing a reference client in a standalone app. Is there any interest in datt supporting that protocol and integrate with it in the website style?",
        "ts": "1453714248.000004"
    },
    {
        "type": "message",
        "user": "U0K9RKRMK",
        "text": "<http:\/\/aetheral.im>",
        "attachments": [
            {
                "title": "Choose the freedom respecting forums",
                "title_link": "http:\/\/aetheral.im",
                "text": "Aetheral Research, distributed forums protocol",
                "fallback": "Choose the freedom respecting forums",
                "from_url": "http:\/\/aetheral.im",
                "id": 1
            }
        ],
        "ts": "1453714851.000005"
    },
    {
        "type": "message",
        "user": "U09VDPQAU",
        "text": "hey tomz :simple_smile:",
        "ts": "1453715481.000007"
    },
    {
        "type": "message",
        "user": "U09VDPQAU",
        "text": "ryanxcharles: I'd be curious to know what your thoughts are about tomz's project. I know you've been looking for some help coding the project so if Datt and Aetheral projects are looking in the same direction maybe you guys working together could make sense?",
        "ts": "1453715619.000008"
    },
    {
        "type": "message",
        "user": "U07GDL0H5",
        "text": "hi <@U0K9RKRMK> :simple_smile: not only am i open to collaborating, but that would be ideal, if the protocol matches what our goals are",
        "ts": "1453727898.000009"
    },
    {
        "type": "message",
        "user": "U07GDL0H5",
        "text": "i will research it :simple_smile: somehow it never made it to our list of related technologies",
        "ts": "1453727927.000010"
    },
    {
        "type": "message",
        "user": "U07GDL0H5",
        "text": "would people be interested in a \"datt next steps\" hackathon? we had a hackathon last aug. that was extremely successful. now would be a good time for another one - with the primary aim to establish the underlying protocol - atheral being an option",
        "ts": "1453728082.000011"
    },
    {
        "type": "message",
        "user": "U07GDL0H5",
        "text": "some weekend in feb. would probably be a good choice. would possibly be online-only.",
        "ts": "1453728122.000012"
    },
    {
        "type": "message",
        "user": "U0K9RKRMK",
        "text": "ryanxcharles: my project is rather new. I started with a protocol first (\/r\/aetheralresearch) idea for synchronization and proof of identity came first. On paper. Then some time later I sat down and coded it. The client is more a proof of concept and reference client than anything else, right now.",
        "ts": "1453734428.000013"
    },
    {
        "type": "message",
        "user": "U0K9RKRMK",
        "text": "I would not be opposed to a hackaton, not sure how that would play out as I live on a different continent than you.",
        "ts": "1453734450.000014"
    },
    {
        "type": "message",
        "user": "U0K9RKRMK",
        "text": "The documentation on the site is from the initial version. You would not be able to get a interoperable client out of that yet. So I'd have to put some time into documenting stuff..",
        "ts": "1453734541.000015"
    }
]