[
    {
        "user": "U0HUZ7VRN",
        "type": "message",
        "subtype": "channel_join",
        "text": "<@U0HUZ7VRN|kmac> has joined the channel",
        "ts": "1452198502.000179"
    },
    {
        "type": "message",
        "user": "U0HUZ7VRN",
        "text": "Have you tried <https:\/\/github.com\/ssbc\/patchwork> ? How does this compare?",
        "attachments": [
            {
                "service_name": "GitHub",
                "title": "ssbc\/patchwork",
                "title_link": "https:\/\/github.com\/ssbc\/patchwork",
                "text": "patchwork - p2p social sharing",
                "fallback": "GitHub: ssbc\/patchwork",
                "thumb_url": "https:\/\/avatars0.githubusercontent.com\/u\/10190339?v=3&s=400",
                "from_url": "https:\/\/github.com\/ssbc\/patchwork",
                "thumb_width": 400,
                "thumb_height": 400,
                "id": 1
            }
        ],
        "edited": {
            "user": "U0HUZ7VRN",
            "ts": "1452209796.000000"
        },
        "ts": "1452209726.000180"
    },
    {
        "type": "message",
        "user": "U0HUZ7VRN",
        "text": "patchwork replicates all of the messages on the network to your local machine. How do you plan on storing\/transferring message history? How do you guarantee trust? Are you putting things directly on the blockchain?",
        "ts": "1452209904.000183"
    },
    {
        "type": "message",
        "user": "U07GDL0H5",
        "text": "<@U0HUZ7VRN>: that's included in our list of related projects here: <https:\/\/github.com\/dattnetwork\/datt\/blob\/master\/docs\/general\/links.md#related-projects>",
        "attachments": [
            {
                "service_name": "GitHub",
                "title": "dattnetwork\/datt",
                "title_link": "https:\/\/github.com\/dattnetwork\/datt\/blob\/master\/docs\/general\/links.md#related-projects",
                "text": "datt - Own your content.",
                "fallback": "GitHub: dattnetwork\/datt",
                "thumb_url": "https:\/\/avatars0.githubusercontent.com\/u\/13266895?v=3&s=400",
                "from_url": "https:\/\/github.com\/dattnetwork\/datt\/blob\/master\/docs\/general\/links.md#related-projects",
                "thumb_width": 214,
                "thumb_height": 214,
                "id": 1
            }
        ],
        "ts": "1452221699.000184"
    },
    {
        "type": "message",
        "user": "U07GDL0H5",
        "text": "we haven't decided how best to store\/send data. right now there is a custom p2p protocol. may transition to IPFS or DHT. we have written about this on the blog and in our docs if you would like to know more.",
        "ts": "1452221751.000186"
    }
]