[
    {
        "type": "message",
        "user": "U0GMBM42G",
        "text": "<@U07GDL0H5> what are you doing in Hyderabad?",
        "ts": "1452259218.000187"
    },
    {
        "type": "message",
        "user": "U0GMBM42G",
        "text": "You need to have some. Biryani :p",
        "ts": "1452259343.000188"
    },
    {
        "user": "U0J113A5A",
        "type": "message",
        "subtype": "channel_join",
        "text": "<@U0J113A5A|henry> has joined the channel",
        "ts": "1452260996.000189"
    },
    {
        "type": "message",
        "user": "U0EHYFCH0",
        "text": "yeah you should have some biryani",
        "ts": "1452263027.000190"
    },
    {
        "type": "message",
        "user": "U07GDL0H5",
        "text": "yep i had some biryani. didn't realize it was the official dish until after i had it :simple_smile:",
        "ts": "1452274966.000191"
    },
    {
        "type": "message",
        "user": "U07GDL0H5",
        "text": "most concise summary of what i am doing in hyderabad: <https:\/\/twitter.com\/seshak\/status\/685509316229468161>",
        "attachments": [
            {
                "fallback": "<https:\/\/twitter.com\/seshak|@seshak>: Done with a 4 day #bitcoin #blockchain primer from <https:\/\/twitter.com\/blockchainU|@blockchainU> thanks to <https:\/\/twitter.com\/ryanxcharles|@ryanxcharles> <https:\/\/twitter.com\/schwentker|@schwentker> #jeffflowers at #broadridgeindia",
                "ts": 1452273131,
                "author_name": "Kishore Seshagiri",
                "author_link": "https:\/\/twitter.com\/seshak\/status\/685509316229468161",
                "author_icon": "https:\/\/pbs.twimg.com\/profile_images\/624110693101363203\/udDs5kNo_normal.jpg",
                "author_subname": "@seshak",
                "text": "Done with a 4 day #bitcoin #blockchain primer from <https:\/\/twitter.com\/blockchainU|@blockchainU> thanks to <https:\/\/twitter.com\/ryanxcharles|@ryanxcharles> <https:\/\/twitter.com\/schwentker|@schwentker> #jeffflowers at #broadridgeindia",
                "service_name": "twitter",
                "service_url": "https:\/\/twitter.com\/",
                "from_url": "https:\/\/twitter.com\/seshak\/status\/685509316229468161",
                "id": 1
            }
        ],
        "ts": "1452275567.000192"
    },
    {
        "user": "U0J258BPA",
        "type": "message",
        "subtype": "channel_join",
        "text": "<@U0J258BPA|guruprasath> has joined the channel",
        "ts": "1452283061.000194"
    },
    {
        "type": "message",
        "user": "U0EHYFCH0",
        "text": "will you be visiting other parts of india too?",
        "ts": "1452291991.000195"
    },
    {
        "type": "message",
        "user": "U07GDL0H5",
        "text": "i'll also be visitin delhi from sunday -&gt; thursday",
        "ts": "1452307954.000196"
    }
]