[
    {
        "type": "message",
        "user": "U08T3P50D",
        "text": "hey",
        "ts": "1453593986.000415"
    },
    {
        "type": "message",
        "user": "U08T3P50D",
        "text": "how is the state?",
        "ts": "1453593988.000416"
    },
    {
        "type": "message",
        "user": "U08T3P50D",
        "text": "anything usable to test ?",
        "ts": "1453594000.000417"
    },
    {
        "type": "message",
        "user": "U08T3P50D",
        "text": "beta alpha omega?",
        "ts": "1453594012.000418"
    },
    {
        "type": "message",
        "user": "U07GDL0H5",
        "text": "there is a prototype. can be tested. haven't made any progress on that since dec. since i'm on a world tour, but work resumes tues.",
        "ts": "1453594514.000419"
    },
    {
        "type": "message",
        "user": "U08T3P50D",
        "text": "you paused the revolution for a world tour? sounds like me :smile:",
        "ts": "1453594584.000420"
    },
    {
        "type": "message",
        "user": "U07GDL0H5",
        "text": "yes, i everyone has to deal with centralization for one more month :simple_smile:",
        "ts": "1453598017.000002",
        "reactions": [
            {
                "name": "stuck_out_tongue",
                "users": [
                    "U08F438SK"
                ],
                "count": 1
            }
        ]
    }
]