[
    {
        "type": "message",
        "user": "U07GDL0H5",
        "text": "hey friends, i would like to share this article in ~ 3 hrs, input appreciated: <https:\/\/medium.com\/@ryanxcharles\/d2c85cc506eb>",
        "attachments": [
            {
                "service_name": "Medium",
                "title": "Blockchain Social",
                "title_link": "https:\/\/medium.com\/@ryanxcharles\/d2c85cc506eb",
                "text": "Social media is the killer app for bitcoin. Here are the top reasons why.",
                "fallback": "Medium: Blockchain Social",
                "thumb_url": "https:\/\/cdn-images-1.medium.com\/max\/800\/0*TcCpkfybOrnIx9Wq.jpeg",
                "fields": [
                    {
                        "title": "Reading time",
                        "value": "3 mins :clock2:",
                        "short": true
                    },
                    {
                        "title": "Recommends",
                        "value": "0 :green_heart:",
                        "short": true
                    }
                ],
                "from_url": "https:\/\/medium.com\/@ryanxcharles\/d2c85cc506eb",
                "thumb_width": 256,
                "thumb_height": 256,
                "id": 1
            }
        ],
        "ts": "1451911183.000168"
    },
    {
        "type": "message",
        "user": "U07GDL0H5",
        "text": "of course i wrote this because \"Blockchain Social\" won the above poll, at least as of this moment :simple_smile:",
        "ts": "1451911216.000170"
    },
    {
        "type": "message",
        "user": "U07GDL0H5",
        "text": "published <https:\/\/ryanxcharlestimes.com\/blockchain-social-d2c85cc506eb> :simple_smile:",
        "attachments": [
            {
                "service_name": "Medium",
                "title": "Blockchain Social \u2014 Ryan X. Charles Times",
                "title_link": "https:\/\/ryanxcharlestimes.com\/blockchain-social-d2c85cc506eb",
                "text": "Social media is the killer app for bitcoin. Here are the top reasons why.",
                "fallback": "Medium: Blockchain Social \u2014 Ryan X. Charles Times",
                "image_url": "https:\/\/cdn-images-1.medium.com\/max\/800\/1*Ujr2rQceAkfIEGSLJpCsyA.jpeg",
                "fields": [
                    {
                        "title": "Reading time",
                        "value": "3 mins :clock2:",
                        "short": true
                    },
                    {
                        "title": "Recommends",
                        "value": "1 :green_heart:",
                        "short": true
                    }
                ],
                "ts": 1451921616,
                "from_url": "https:\/\/ryanxcharlestimes.com\/blockchain-social-d2c85cc506eb",
                "image_width": 444,
                "image_height": 250,
                "image_bytes": 105399,
                "id": 1
            }
        ],
        "ts": "1451922196.000171"
    }
]