[
    {
        "user": "U0J4MHMP1",
        "type": "message",
        "subtype": "channel_join",
        "text": "<@U0J4MHMP1|datt_user> has joined the channel",
        "ts": "1452468854.000197"
    },
    {
        "type": "message",
        "user": "U0J4MHMP1",
        "text": "Can I ask general questions about datt here?",
        "ts": "1452468932.000198"
    },
    {
        "type": "message",
        "user": "U0J4MHMP1",
        "text": "Well, feel free to delete this 'thread' if it appears off-topic when you see it :simple_smile:",
        "edited": {
            "user": "U0J4MHMP1",
            "ts": "1452469072.000000"
        },
        "ts": "1452469066.000199"
    },
    {
        "type": "message",
        "user": "U0J4MHMP1",
        "text": "So, my blocking problem as a content creator is three-fold -\nFirst, I've found employers consistently do not treat their employed content creators humanely.\nSecond, I've found social network channels to be fated to monopolization by financially and \/ or socially corrupt individuals (EG - corporate shills and \/ or SJWs).\nThird, I've found existing channels for content provision to be insufficiently promising of the reward for the given input (patreon) or their reward structure insufficiently granular \/ overly risky (kickstarter).\nDoes Datt have a strategy to solve some or all of these issues for creators like me, and if so, could you elaborate on the dynamics of said strategy relative to these issues?",
        "edited": {
            "user": "U0J4MHMP1",
            "ts": "1452469854.000000"
        },
        "ts": "1452469830.000201"
    }
]