[
    {
        "type": "message",
        "user": "U09VDPQAU",
        "text": "hey ryan - if I may ask, why do you use two different profiles on Medium?",
        "ts": "1452012013.000173"
    },
    {
        "type": "message",
        "user": "U07GDL0H5",
        "text": "it's only one profile. by posting under \"Ryan X. Charles Times\" i can put things on my own domain name, <http:\/\/ryanxcharlestimes.com|ryanxcharlestimes.com>",
        "ts": "1452013139.000174"
    },
    {
        "type": "message",
        "user": "U07GDL0H5",
        "text": "one user profile. one \"publication\"",
        "ts": "1452013177.000175"
    },
    {
        "user": "U0HQCLVH7",
        "type": "message",
        "subtype": "channel_join",
        "text": "<@U0HQCLVH7|metamirror> has joined the channel",
        "ts": "1452050880.000176"
    },
    {
        "type": "message",
        "user": "U07GDL0H5",
        "text": "the \"blockchain social\" article got a good deal of attention. i'm running an experiment by posting the same article to linkedin. <https:\/\/www.linkedin.com\/pulse\/blockchain-social-ryan-x-charles>",
        "ts": "1452056547.000177",
        "reactions": [
            {
                "name": "+1",
                "users": [
                    "U08F438SK"
                ],
                "count": 1
            }
        ]
    }
]