[
    {
        "type": "message",
        "user": "U09VDPQAU",
        "text": "The best is the enemy of the good... Decentralized w\/ a hint of centralization sounds like a balanced strategy for best performance, usability &amp; easy of access while maintaining security and privacy.",
        "ts": "1451759087.000117"
    },
    {
        "type": "message",
        "user": "U09VDPQAU",
        "text": "One relatively unrelated question come to my mind though... and before that happy new years guys! So on the website is stated \"Datt is to take a portion of payments between users \", while I am absolutely not against that, I am worried about how you are planning to achieve that. Would it be possible to get some details on that aspect? Thank you!",
        "ts": "1451759188.000118"
    },
    {
        "type": "message",
        "user": "U07GDL0H5",
        "text": "<@U09VDPQAU>: client defaults to sending 20% to Datt, Inc. theory is that most people will not change the defaults.",
        "ts": "1451769433.000119"
    },
    {
        "type": "message",
        "user": "U07GDL0H5",
        "text": "...and also, i have made it to hyderabad, india :simple_smile:",
        "ts": "1451769448.000120",
        "reactions": [
            {
                "name": "+1::skin-tone-4",
                "users": [
                    "U0AV4U333",
                    "U0HFX7S1X",
                    "U08FVLJR4"
                ],
                "count": 3
            }
        ]
    },
    {
        "type": "message",
        "user": "U07GDL0H5",
        "text": "relevant: <https:\/\/medium.com\/@kevinrose\/five-tech-predictions-for-2016-d1435d9423b4#.t2wrknykr>",
        "attachments": [
            {
                "service_name": "Medium",
                "title": "Five tech predictions for 2016",
                "title_link": "https:\/\/medium.com\/@kevinrose\/five-tech-predictions-for-2016-d1435d9423b4#.t2wrknykr",
                "text": "1. \u2014 Virtual Reality will turn out to be a dud. Great initial \u201cwow\u201d experience, but ultimately just a big chunk of tech \u2026",
                "fallback": "Medium: Five tech predictions for 2016",
                "thumb_url": "https:\/\/cdn-images-1.medium.com\/max\/800\/1*um-tXwbJyMja4p0fGezKlw.jpeg",
                "fields": [
                    {
                        "title": "Reading time",
                        "value": "1 min :clock12:",
                        "short": true
                    },
                    {
                        "title": "Recommends",
                        "value": "538 :green_heart:",
                        "short": true
                    }
                ],
                "ts": 1451680213,
                "from_url": "https:\/\/medium.com\/@kevinrose\/five-tech-predictions-for-2016-d1435d9423b4#.t2wrknykr",
                "thumb_width": 614,
                "thumb_height": 614,
                "id": 1
            }
        ],
        "ts": "1451795924.000123"
    },
    {
        "type": "message",
        "user": "U07GDL0H5",
        "text": "<https:\/\/twitter.com\/kevinrose\/status\/451531078650429440>",
        "attachments": [
            {
                "fallback": "<https:\/\/twitter.com\/kevinrose|@kevinrose>: if I built digg today I would make votes a proof-of-work to mine a digg alt currency. votes would be tips. ad revenue share would go to top\u2026",
                "ts": 1396488372,
                "author_name": "Kevin Rose",
                "author_link": "https:\/\/twitter.com\/kevinrose\/status\/451531078650429440",
                "author_icon": "https:\/\/pbs.twimg.com\/profile_images\/545748857171091456\/Mwx7H5oy_normal.jpeg",
                "author_subname": "@kevinrose",
                "text": "if I built digg today I would make votes a proof-of-work to mine a digg alt currency. votes would be tips. ad revenue share would go to top\u2026",
                "service_name": "twitter",
                "service_url": "https:\/\/twitter.com\/",
                "from_url": "https:\/\/twitter.com\/kevinrose\/status\/451531078650429440",
                "id": 1
            }
        ],
        "ts": "1451795939.000125"
    },
    {
        "type": "message",
        "user": "U07GDL0H5",
        "text": "so datt is basically what digg would be today. also appropriately similar names :simple_smile:",
        "ts": "1451795968.000127"
    },
    {
        "type": "message",
        "user": "U0HFX7S1X",
        "text": "hey <@U07GDL0H5> - was looking through the code; seems like you're the max contributor..  any in-progress stuff you need help with?",
        "ts": "1451802042.000128"
    },
    {
        "type": "message",
        "user": "U0HFX7S1X",
        "text": "was taking a look at the `asyncGetAllWebRTCPeerIDs` method - noticed something in the git logs \n\"  this should  probably be removed before we launch to a general audience, because it doesn't\n    scale, and doesn't work with web socket peers. Not to mention it relies on the\n    rendezvous server to exist. \"",
        "edited": {
            "user": "U0HFX7S1X",
            "ts": "1451802600.000000"
        },
        "ts": "1451802569.000129"
    },
    {
        "type": "message",
        "user": "U0HFX7S1X",
        "text": "are you planning to phase out the rendezvous server?",
        "ts": "1451802636.000131"
    },
    {
        "type": "message",
        "user": "U07GDL0H5",
        "text": "my thinking on rendezvous servers is that each node can simply run a rendezvous server",
        "ts": "1451804261.000132"
    },
    {
        "type": "message",
        "user": "U07GDL0H5",
        "text": "so, sort, yes, the rendezvous server will be phased out",
        "ts": "1451804278.000133"
    },
    {
        "type": "message",
        "user": "U07GDL0H5",
        "text": "with respect to working on things, please see the github issues. and also note that all outstanding issues are highly nontrivial",
        "ts": "1451804292.000134"
    }
]