[
    {
        "type": "message",
        "user": "U0J4MHMP1",
        "text": "here's a reminder why your work is so important - <https:\/\/www.reddit.com\/r\/KotakuInAction\/comments\/425ys4\/mod_of_uundelete_creates_bot_to_show_you_what\/>",
        "attachments": [
            {
                "service_name": "reddit",
                "title": "Mod of \/u\/undelete creates bot to show you what reddit's front page looks like without moderator censorship.... over half of top links are removed. \u2022 \/r\/KotakuInAction",
                "title_link": "https:\/\/www.reddit.com\/r\/KotakuInAction\/comments\/425ys4\/mod_of_uundelete_creates_bot_to_show_you_what\/",
                "text": "2844 points and 406 comments so far on reddit",
                "fallback": "reddit: Mod of \/u\/undelete creates bot to show you what reddit's front page looks like without moderator censorship.... over half of top links are removed. \u2022 \/r\/KotakuInAction",
                "thumb_url": "http:\/\/i.imgur.com\/aS5U4NJ.jpg",
                "from_url": "https:\/\/www.reddit.com\/r\/KotakuInAction\/comments\/425ys4\/mod_of_uundelete_creates_bot_to_show_you_what\/",
                "thumb_width": 1024,
                "thumb_height": 6000,
                "id": 1
            }
        ],
        "ts": "1453514211.000413",
        "reactions": [
            {
                "name": "scream",
                "users": [
                    "U08ERPTQF",
                    "U07GDL0H5"
                ],
                "count": 2
            },
            {
                "name": "+1",
                "users": [
                    "U08F438SK",
                    "U07GDL0H5"
                ],
                "count": 2
            }
        ]
    }
]