[
    {
        "user": "U08BZE91C",
        "type": "message",
        "subtype": "channel_join",
        "text": "<@U08BZE91C|lisacheng> has joined the channel",
        "ts": "1438239977.000004"
    },
    {
        "user": "U08C09LDT",
        "type": "message",
        "subtype": "channel_join",
        "text": "<@U08C09LDT|alistair> has joined the channel",
        "ts": "1438241077.000005"
    },
    {
        "user": "U08C22VNW",
        "type": "message",
        "subtype": "channel_join",
        "text": "<@U08C22VNW|mhouston> has joined the channel",
        "ts": "1438244780.000006"
    },
    {
        "user": "U08C464NS",
        "type": "message",
        "subtype": "channel_join",
        "text": "<@U08C464NS|chris> has joined the channel",
        "ts": "1438248299.000007"
    },
    {
        "user": "U08C9E7J5",
        "type": "message",
        "subtype": "channel_join",
        "text": "<@U08C9E7J5|busterroni> has joined the channel",
        "ts": "1438256994.000008"
    },
    {
        "user": "U08C9ML1Y",
        "type": "message",
        "subtype": "channel_join",
        "text": "<@U08C9ML1Y|chiguireitor> has joined the channel",
        "ts": "1438257633.000009"
    },
    {
        "user": "U08CBD41G",
        "type": "message",
        "subtype": "channel_join",
        "text": "<@U08CBD41G|delitzer> has joined the channel",
        "ts": "1438260364.000010"
    },
    {
        "user": "U08CBRZNX",
        "type": "message",
        "subtype": "channel_join",
        "text": "<@U08CBRZNX|jeromeyers> has joined the channel",
        "ts": "1438260983.000011"
    },
    {
        "user": "U08CCGGG1",
        "type": "message",
        "subtype": "channel_join",
        "text": "<@U08CCGGG1|ryan_onename> has joined the channel",
        "ts": "1438261586.000012"
    },
    {
        "user": "U08CEUXL6",
        "type": "message",
        "subtype": "channel_join",
        "text": "<@U08CEUXL6|kmiyoshi> has joined the channel",
        "ts": "1438264673.000013"
    },
    {
        "user": "U08CFV27P",
        "type": "message",
        "subtype": "channel_join",
        "text": "<@U08CFV27P|wilfra> has joined the channel",
        "ts": "1438265352.000014"
    },
    {
        "user": "U08CG8V89",
        "type": "message",
        "subtype": "channel_join",
        "text": "<@U08CG8V89|c_prompt> has joined the channel",
        "ts": "1438265770.000015"
    },
    {
        "user": "U08CHA4AD",
        "type": "message",
        "subtype": "channel_join",
        "text": "<@U08CHA4AD|simonebrunozzi> has joined the channel",
        "ts": "1438266801.000016"
    },
    {
        "user": "U08CJ2S3E",
        "type": "message",
        "subtype": "channel_join",
        "text": "<@U08CJ2S3E|muneeb> has joined the channel",
        "ts": "1438267747.000017"
    },
    {
        "user": "U08CMDZ47",
        "type": "message",
        "subtype": "channel_join",
        "text": "<@U08CMDZ47|linuturk> has joined the channel",
        "ts": "1438270964.000018"
    },
    {
        "user": "U08CUQSK1",
        "type": "message",
        "subtype": "channel_join",
        "text": "<@U08CUQSK1|elliot_swartz> has joined the channel",
        "ts": "1438278220.000019"
    },
    {
        "user": "U08CZEJ6A",
        "type": "message",
        "subtype": "channel_join",
        "text": "<@U08CZEJ6A|yemel> has joined the channel",
        "ts": "1438282863.000020"
    },
    {
        "user": "U08CZDYB1",
        "type": "message",
        "subtype": "channel_join",
        "text": "<@U08CZDYB1|niran> has joined the channel",
        "ts": "1438282918.000021"
    },
    {
        "user": "U08D585U6",
        "type": "message",
        "subtype": "channel_join",
        "text": "<@U08D585U6|clemens> has joined the channel",
        "ts": "1438289184.000022"
    },
    {
        "user": "U08D641AP",
        "type": "message",
        "subtype": "channel_join",
        "text": "<@U08D641AP|martindale> has joined the channel",
        "ts": "1438290129.000023"
    },
    {
        "user": "U08D7E99Q",
        "type": "message",
        "subtype": "channel_join",
        "text": "<@U08D7E99Q|chjj> has joined the channel",
        "ts": "1438291747.000024"
    },
    {
        "user": "U08DD8LNP",
        "type": "message",
        "subtype": "channel_join",
        "text": "<@U08DD8LNP|go1dfish> has joined the channel",
        "ts": "1438300610.000025"
    },
    {
        "user": "U08DDGSNQ",
        "type": "message",
        "subtype": "channel_join",
        "text": "<@U08DDGSNQ|andrew> has joined the channel",
        "ts": "1438301143.000026"
    },
    {
        "user": "U08DDG1SB",
        "type": "message",
        "subtype": "channel_join",
        "text": "<@U08DDG1SB|brian> has joined the channel",
        "ts": "1438301248.000027"
    },
    {
        "user": "U08DDK6MC",
        "type": "message",
        "subtype": "channel_join",
        "text": "<@U08DDK6MC|loni> has joined the channel",
        "ts": "1438301299.000028"
    },
    {
        "user": "U08DE11UZ",
        "type": "message",
        "subtype": "channel_join",
        "text": "<@U08DE11UZ|sp0rkyd0rky> has joined the channel",
        "ts": "1438301702.000029"
    },
    {
        "user": "U08DF82DQ",
        "type": "message",
        "subtype": "channel_join",
        "text": "<@U08DF82DQ|tomding> has joined the channel",
        "ts": "1438304457.000030"
    },
    {
        "user": "U08DFAGBW",
        "type": "message",
        "subtype": "channel_join",
        "text": "<@U08DFAGBW|mikepaton> has joined the channel",
        "ts": "1438304588.000031"
    },
    {
        "user": "U08DGB0F2",
        "type": "message",
        "subtype": "channel_join",
        "text": "<@U08DGB0F2|travispatron> has joined the channel",
        "ts": "1438306873.000032"
    },
    {
        "user": "U08DGPV7D",
        "type": "message",
        "subtype": "channel_join",
        "text": "<@U08DGPV7D|bigmarh> has joined the channel",
        "ts": "1438307524.000033"
    },
    {
        "user": "U08DH3ESU",
        "type": "message",
        "subtype": "channel_join",
        "text": "<@U08DH3ESU|aramkris> has joined the channel",
        "ts": "1438308356.000034"
    },
    {
        "user": "U08DHD0P2",
        "type": "message",
        "subtype": "channel_join",
        "text": "<@U08DHD0P2|peterizzo> has joined the channel",
        "ts": "1438309017.000035"
    },
    {
        "user": "U08DJ2V40",
        "type": "message",
        "subtype": "channel_join",
        "text": "<@U08DJ2V40|jinyoung> has joined the channel",
        "ts": "1438310396.000036"
    },
    {
        "user": "U08DK3LHG",
        "type": "message",
        "subtype": "channel_join",
        "text": "<@U08DK3LHG|ozymandias> has joined the channel",
        "ts": "1438312335.000037"
    },
    {
        "user": "U08DKC7HV",
        "type": "message",
        "subtype": "channel_join",
        "text": "<@U08DKC7HV|flowersj> has joined the channel",
        "ts": "1438313257.000038"
    },
    {
        "user": "U08DLFMDH",
        "type": "message",
        "subtype": "channel_join",
        "text": "<@U08DLFMDH|yvonnetang> has joined the channel",
        "ts": "1438315683.000039"
    },
    {
        "user": "U08DN0E5S",
        "type": "message",
        "subtype": "channel_join",
        "text": "<@U08DN0E5S|jmacwhyte> has joined the channel",
        "ts": "1438319354.000040"
    },
    {
        "user": "U08DNS2QJ",
        "type": "message",
        "subtype": "channel_join",
        "text": "<@U08DNS2QJ|assuredly> has joined the channel",
        "ts": "1438321713.000041"
    }
]