[
    {
        "type": "message",
        "user": "U08DD8LNP",
        "text": "This is highly relevant to our interests: <http:\/\/www.coindesk.com\/new-cracking-tool-exposes-major-flaw-in-bitcoin-brainwallets\/?utm_source=twitterfeed&amp;utm_medium=twitter&amp;utm_campaign=Feed%3A+CoinDesk+%28CoinDesk+-+The+Voice+of+Digital+Currency%29>",
        "attachments": [
            {
                "service_name": "CoinDesk",
                "title": "New Cracking Tool Exposes Major Flaw in Bitcoin Brainwallets",
                "title_link": "http:\/\/www.coindesk.com\/new-cracking-tool-exposes-major-flaw-in-bitcoin-brainwallets\/?utm_source=twitterfeed&utm_medium=twitter&utm_campaign=Feed%3A+CoinDesk+%28CoinDesk+-+The+Voice+of+Digital+Currency%29",
                "text": "A white-hat hacker has released a new tool designed to illustrate the ease with which illicit actors can steal bitcoins from brainwallets.",
                "fallback": "CoinDesk: New Cracking Tool Exposes Major Flaw in Bitcoin Brainwallets",
                "thumb_url": "http:\/\/media.coindesk.com\/2015\/08\/hacker-e1439439612746.jpg",
                "ts": 1439459132,
                "from_url": "http:\/\/www.coindesk.com\/new-cracking-tool-exposes-major-flaw-in-bitcoin-brainwallets\/?utm_source=twitterfeed&utm_medium=twitter&utm_campaign=Feed%3A+CoinDesk+%28CoinDesk+-+The+Voice+of+Digital+Currency%29",
                "thumb_width": 1500,
                "thumb_height": 1000,
                "id": 1
            }
        ],
        "ts": "1439456136.000064"
    },
    {
        "type": "message",
        "user": "U08ERPTQF",
        "text": "<@U08DD8LNP>: my understanding is that brainwallets with an arbitrary 'passphrase' are less secure, but BIP39 remains secure enough for our purposes",
        "ts": "1439456918.000066"
    },
    {
        "type": "message",
        "user": "U08DD8LNP",
        "text": "yeah, that could be an issue for usability though",
        "ts": "1439457015.000067"
    },
    {
        "type": "message",
        "user": "U07GDL0H5",
        "text": "<@U08DD8LNP>: tools like this have been in the wild for some time. if you ever send bitcoin to an insecure brain wallet, it will be instantly spent by thieves monitoring the network.",
        "ts": "1439491485.000068"
    },
    {
        "type": "message",
        "user": "U07GDL0H5",
        "text": "IMO, the best way to handle security is to generate a BIP39 mnemonic automatically for the user. they can then encrypt this with a password, which should also be long and random. they can then back up their mnemonic on the nodes. so long as they remember their username+password, they can recover their mnemonic. they can also write down their mnemonic to backup.",
        "ts": "1439491578.000069"
    },
    {
        "type": "message",
        "user": "U08DD8LNP",
        "text": "oh yeah, we had some bits get stolen at getfairshare when people used bad pass phrases, to a 1FUCK vanity address heh",
        "ts": "1439492915.000070"
    }
]