[
    {
        "type": "message",
        "user": "U07GDL0H5",
        "text": "bitpay released \"bitcore 1.0.0\" - which automatically downloads and runs a patched version of bitcoind that includes native javascript access to its objects <https:\/\/github.com\/bitpay\/bitcore>",
        "attachments": [
            {
                "service_name": "GitHub",
                "title": "bitpay\/bitcore",
                "title_link": "https:\/\/github.com\/bitpay\/bitcore",
                "text": "bitcore - A full stack for bitcoin and blockchain-based applications.",
                "fallback": "GitHub: bitpay\/bitcore",
                "thumb_url": "https:\/\/avatars2.githubusercontent.com\/u\/2554930?v=3&s=400",
                "from_url": "https:\/\/github.com\/bitpay\/bitcore",
                "thumb_width": 400,
                "thumb_height": 400,
                "id": 1
            }
        ],
        "ts": "1445532818.000198"
    },
    {
        "type": "message",
        "user": "U07GDL0H5",
        "text": "this is based on bitcoind.js, written by my friend jj last year",
        "ts": "1445532848.000200"
    },
    {
        "type": "message",
        "user": "U07GDL0H5",
        "text": "unfortunately i just tried to run it and it doesn't seem to work in node 4.0",
        "ts": "1445532860.000201"
    },
    {
        "type": "message",
        "user": "U07GDL0H5",
        "text": "however it was able to compiled - meaning the C++ bindings are probably working correctly - so the changes to make it work in node 4.0 might be trivial",
        "ts": "1445532980.000202"
    },
    {
        "type": "message",
        "user": "U07GDL0H5",
        "text": "if this can be made to work in node 4.0, this couldn't possibly come at a better time, because i can basically immediately plug this in and use it for the wallet functionality in datt",
        "ts": "1445533014.000203",
        "reactions": [
            {
                "name": "tada",
                "users": [
                    "U08EZP01H",
                    "U08MAKT70",
                    "U08C464NS"
                ],
                "count": 3
            }
        ]
    },
    {
        "user": "U0D1670AV",
        "type": "message",
        "subtype": "channel_join",
        "text": "<@U0D1670AV|ds02> has joined the channel",
        "ts": "1445534185.000204"
    },
    {
        "type": "message",
        "user": "U07GDL0H5",
        "text": "<https:\/\/github.com\/bitpay\/bitcore\/issues\/1361>",
        "attachments": [
            {
                "service_name": "GitHub",
                "title": "work in node 4 \u00b7 Issue #1361 \u00b7 bitpay\/bitcore \u00b7 GitHub",
                "title_link": "https:\/\/github.com\/bitpay\/bitcore\/issues\/1361",
                "text": "Awesome work with the new launch of bitcore 1.0. Unfortunately it doesn't work out of the box in node 4. bitcored gives this error: \/home\/ryan\/dev\/bitcore\/node_modules\/bitcore-node\/index.js:8 ...",
                "fallback": "GitHub: work in node 4 \u00b7 Issue #1361 \u00b7 bitpay\/bitcore",
                "thumb_url": "https:\/\/avatars3.githubusercontent.com\/u\/63740?v=3&s=400",
                "from_url": "https:\/\/github.com\/bitpay\/bitcore\/issues\/1361",
                "thumb_width": 266,
                "thumb_height": 266,
                "id": 1
            }
        ],
        "ts": "1445534217.000205"
    },
    {
        "type": "message",
        "user": "U0CL5F53R",
        "text": "praful: you're right, if people see the financial side up front, they're going to walk on by",
        "ts": "1445541080.000207"
    },
    {
        "type": "message",
        "user": "U0CL5F53R",
        "text": "more people want a community than a marketplace",
        "ts": "1445541089.000208"
    },
    {
        "type": "message",
        "user": "U0CL5F53R",
        "text": "it's the 90\u20139\u20131 principle",
        "ts": "1445541096.000209"
    }
]