[
    {
        "type": "message",
        "user": "U07GDL0H5",
        "text": "twitter has a \"poll\" feature now ... this might be an interesting way to get opinions on what the name of datt should be",
        "ts": "1445660626.000210"
    },
    {
        "type": "message",
        "user": "U07GDL0H5",
        "text": "unfortunately it only allows 2 options",
        "ts": "1445660828.000211"
    },
    {
        "type": "message",
        "user": "U0BRYST8Q",
        "text": "none of those names really do anything for me, they just seem like they came out of a startup name generator, I don't think datt is great but I don't think those are any better. maybe consider a .io domain? or ask some writers who are following the project? people who are writing on zapchain or medium",
        "ts": "1445664009.000212",
        "reactions": [
            {
                "name": "+1",
                "users": [
                    "U08C464NS"
                ],
                "count": 1
            }
        ]
    }
]