[
    {
        "type": "message",
        "user": "U08BY8MGV",
        "text": "<https:\/\/news.bitcoin.com\/lbry-decentralized-sharing-platform\/>",
        "attachments": [
            {
                "service_name": "Bitcoin News",
                "title": "LBRY: The Decentralized Sharing Platform - Bitcoin News",
                "title_link": "https:\/\/news.bitcoin.com\/lbry-decentralized-sharing-platform\/",
                "text": "LBRY is a sharing platform that uses blockchain technology to enable users to publish material and get paid for doing so.",
                "fallback": "Bitcoin News: LBRY: The Decentralized Sharing Platform - Bitcoin News",
                "thumb_url": "https:\/\/news.bitcoin.com\/wp-content\/uploads\/2015\/11\/LBRYcover.jpg",
                "ts": 1446390028,
                "from_url": "https:\/\/news.bitcoin.com\/lbry-decentralized-sharing-platform\/",
                "thumb_width": 1021,
                "thumb_height": 580,
                "id": 1
            }
        ],
        "ts": "1446486186.000307"
    },
    {
        "type": "message",
        "user": "U07GDL0H5",
        "text": "sounds pretty familiar :simple_smile:",
        "ts": "1446486727.000309"
    },
    {
        "type": "message",
        "user": "U08BY8MGV",
        "text": "They reference BitTorrent and streaming. It sounds like they're focused on video only",
        "ts": "1446505850.000310"
    },
    {
        "type": "message",
        "user": "U07GDL0H5",
        "text": "i think they're trying to make a general purpose protocol. they are also using their own cryptocurrency.",
        "ts": "1446508938.000311"
    }
]