[
    {
        "user": "U0BAAG4H2",
        "type": "message",
        "subtype": "channel_join",
        "text": "<@U0BAAG4H2|wmougayar> has joined the channel",
        "ts": "1443178105.000158"
    },
    {
        "type": "message",
        "user": "U07GDL0H5",
        "text": "FYI, I'm teaching at Blockchain University tomorrow in the afternoon.",
        "ts": "1443227791.000159",
        "reactions": [
            {
                "name": "+1",
                "users": [
                    "U08ERPTQF",
                    "U08F438SK"
                ],
                "count": 2
            }
        ]
    },
    {
        "type": "message",
        "user": "U0AV4U333",
        "text": "Where does that happen?",
        "ts": "1443237570.000160"
    },
    {
        "type": "message",
        "user": "U07GDL0H5",
        "text": "1172 Castro Street\nMountain View, CA 94040",
        "ts": "1443241858.000161"
    },
    {
        "type": "message",
        "user": "U0AV4U333",
        "text": "I asked my roommates to come, I\u2019m flying back on Sunday",
        "ts": "1443242086.000162"
    },
    {
        "type": "message",
        "user": "U0AV4U333",
        "text": "would have loved to attend",
        "ts": "1443242094.000163"
    }
]