[
    {
        "type": "message",
        "user": "U08FELZL7",
        "text": "The timing is very interesting. On one side, we assist to huge consolidations or investments in the digital media industry, and principally in media that have business models exclusively based on problematic and ugly practices, like clickbaits (Business Insider\/Vice\/Buzzfeed), sales or personal data (almost everyone) or advertising.  <http:\/\/www.thewrap.com\/business-insider-vox-buzzfeed-medium-whats-driving-digital-medias-new-investment-craze\/> \n\nOn the other side, we have Blendle and Medium, and a huge player like Apple \u2013 to get back on the great article by Jason Calacanis that <@U08DH3ESU> shared three days ago \u2013that\u2019s now aggregating articles and offering them to users in their ad-less, privacy friendly (from what we know) mobile ecosystem with Apple News. Indeed <@U08F438SK>, none of these companies allow content creators to make money on their own nor acknowledge the problem of centralization.\n\nHowever, now that Blendle has demonstrated that people are down to pay for optimal UX and content quality, I wonder if Medium is thinking on integrating micro-payments (pwyc \/ pwyw) to reward content creators and make some money \u2013 their business model is still quite unfathomable and mysterious to me.",
        "edited": {
            "user": "U08FELZL7",
            "ts": "1443718046.000000"
        },
        "ts": "1443718035.000222",
        "reactions": [
            {
                "name": "+1",
                "users": [
                    "U07GDL0H5"
                ],
                "count": 1
            }
        ]
    },
    {
        "type": "message",
        "user": "U08EZP01H",
        "text": "BitFury Whitepaper: Proof of Stake vs Proof of Work",
        "ts": "1443727787.000225",
        "reactions": [
            {
                "name": "+1",
                "users": [
                    "U07GDL0H5"
                ],
                "count": 1
            }
        ]
    },
    {
        "type": "message",
        "user": "U08EZP01H",
        "text": "<http:\/\/bitfury.com\/content\/4-white-papers-research\/2-proof-of-stake-vs-proof-of-work\/pos-vs-pow-1.0.2.pdf>",
        "ts": "1443727787.000226"
    },
    {
        "type": "message",
        "user": "U07GDL0H5",
        "text": "hopefully they did some thorough research on this. their abstract perfectly matches my own thought\/intuition on the matter.",
        "ts": "1443728310.000227"
    },
    {
        "type": "message",
        "user": "U07GDL0H5",
        "text": "i've created some milestones here: <https:\/\/github.com\/dattnetwork\/datt\/milestones>\nissues for prototype here (still missing front-end features): <https:\/\/github.com\/dattnetwork\/datt\/milestones\/Prototype>",
        "attachments": [
            {
                "service_name": "GitHub",
                "title": "dattnetwork\/datt",
                "title_link": "https:\/\/github.com\/dattnetwork\/datt\/milestones",
                "text": "datt - Decentralize all the things.",
                "fallback": "GitHub: dattnetwork\/datt",
                "thumb_url": "https:\/\/avatars0.githubusercontent.com\/u\/13266895?v=3&s=400",
                "from_url": "https:\/\/github.com\/dattnetwork\/datt\/milestones",
                "thumb_width": 214,
                "thumb_height": 214,
                "id": 1
            }
        ],
        "ts": "1443730308.000228"
    },
    {
        "type": "message",
        "user": "U07GDL0H5",
        "text": "i'm tempted to merge literally everything, including our design work and documentation, into a single repo, because that would be both easier to manage, and we could also use github issues for literally everything, not just software",
        "ts": "1443730365.000230",
        "reactions": [
            {
                "name": "+1",
                "users": [
                    "U08EZP01H"
                ],
                "count": 1
            }
        ]
    },
    {
        "type": "message",
        "user": "U07GDL0H5",
        "text": "more ES2015 features ship with node 4.0 than did with io.js. here's the list: <https:\/\/nodejs.org\/en\/docs\/es6\/>",
        "ts": "1443733007.000231"
    }
]