[
    {
        "type": "message",
        "user": "U08C464NS",
        "text": "good job <@U07GDL0H5> :smile:",
        "ts": "1444808003.000112"
    },
    {
        "type": "message",
        "user": "U08BZE91C",
        "text": ":+1:",
        "ts": "1444851547.000113"
    },
    {
        "type": "message",
        "user": "U08ELNFTP",
        "text": "yup pretty damn good",
        "ts": "1444863220.000114"
    },
    {
        "type": "message",
        "user": "U08BU3AA2",
        "text": "1+",
        "ts": "1444881031.000115"
    }
]