[
    {
        "user": "U0DA8DQDQ",
        "type": "message",
        "subtype": "channel_join",
        "text": "<@U0DA8DQDQ|bierlingm> has joined the channel",
        "ts": "1445978235.000231"
    },
    {
        "type": "message",
        "user": "U07GDL0H5",
        "text": "my presentation on Datt for tonight's SF Bitcoin Social: <https:\/\/github.com\/dattnetwork\/dattdocs\/blob\/master\/archive\/2015-10-27-datt-sf-bitcoin-social.pdf>",
        "attachments": [
            {
                "service_name": "GitHub",
                "title": "dattnetwork\/dattdocs",
                "title_link": "https:\/\/github.com\/dattnetwork\/dattdocs\/blob\/master\/archive\/2015-10-27-datt-sf-bitcoin-social.pdf",
                "text": "dattdocs - Datt Documentation",
                "fallback": "GitHub: dattnetwork\/dattdocs",
                "thumb_url": "https:\/\/avatars0.githubusercontent.com\/u\/13266895?v=3&s=400",
                "from_url": "https:\/\/github.com\/dattnetwork\/dattdocs\/blob\/master\/archive\/2015-10-27-datt-sf-bitcoin-social.pdf",
                "thumb_width": 214,
                "thumb_height": 214,
                "id": 1
            }
        ],
        "ts": "1445990858.000233"
    },
    {
        "type": "message",
        "user": "U07GDL0H5",
        "text": "input appreciated :simple_smile:",
        "ts": "1445990865.000235"
    },
    {
        "type": "message",
        "user": "U07GDL0H5",
        "text": "presentation is in about 2hrs",
        "ts": "1445990870.000236"
    },
    {
        "type": "message",
        "user": "U07GDL0H5",
        "text": "i have a list of people to \"thank\" at the end .. that should include everyone that made a contribution of some form (such as documents, code, or sponsoring). please let me know if i accidentally left someone off.",
        "ts": "1445990964.000237"
    },
    {
        "type": "message",
        "user": "U07GDL0H5",
        "text": "or if you don't want your name listed",
        "ts": "1445990986.000238"
    },
    {
        "type": "message",
        "user": "U0CL5F53R",
        "text": "i've read all the PDF, and i have to say it looks great",
        "ts": "1445992783.000239"
    },
    {
        "type": "message",
        "user": "U0CL5F53R",
        "text": "i can't think of anything it's missing, and everything in it seems correct and appealing",
        "ts": "1445992810.000240"
    },
    {
        "type": "message",
        "user": "U07GDL0H5",
        "text": "awesome, thanks :simple_smile:",
        "ts": "1445993044.000241"
    },
    {
        "user": "U0DAN7U0Y",
        "type": "message",
        "subtype": "channel_join",
        "text": "<@U0DAN7U0Y|chejazi> has joined the channel",
        "ts": "1445993833.000242"
    },
    {
        "user": "U0DAUNVU1",
        "type": "message",
        "subtype": "channel_join",
        "text": "<@U0DAUNVU1|johnclema> has joined the channel",
        "ts": "1445999542.000243"
    },
    {
        "user": "U0DAUKFHN",
        "type": "message",
        "subtype": "channel_join",
        "text": "<@U0DAUKFHN|andrea> has joined the channel",
        "ts": "1446001894.000244"
    },
    {
        "type": "message",
        "user": "U0DAUKFHN",
        "text": "<@U07GDL0H5> I'm late to the discussion, sorry.\nSuggested re-names all sound like generic domain suggestions.\nDatt is a perfect name. \"Reddit\" was only meaningful because of \u201cRead it.\u201d Datt can be \u201cHave you seen Datt?\u201d while also actually -meaning- something to those who look behind the simple phonetics.",
        "ts": "1446004703.000245"
    },
    {
        "type": "message",
        "user": "U0DAUKFHN",
        "text": "Bonus points: it's short (hashtag-friendly) AND you don't have to spend more time on naming :simple_smile:",
        "ts": "1446004716.000246"
    },
    {
        "type": "message",
        "user": "U0DAUKFHN",
        "text": "Current audience is more technical than long-term audience, and does fine with other tlds. Why not go the Dropbox route: use something close enough for now (<http:\/\/thedatt.com|thedatt.com>, <http:\/\/datt.co|datt.co>), and buy the .com later.",
        "ts": "1446004735.000247"
    },
    {
        "type": "message",
        "user": "U07GDL0H5",
        "text": "<@U0DAUKFHN>: thanks a lot ... agreed that \"datt\" is actually not a bad name, and if i owned the .com i probably wouldn't fret about it. there's also another company that went the \"dropbox\" route ... facebook. they were originally <http:\/\/thefacebook.com|thefacebook.com> :simple_smile:",
        "ts": "1446008845.000248"
    },
    {
        "type": "message",
        "user": "U0DAUKFHN",
        "text": "yep. I just don\u2019t like to talk about facebook as an example :smile:",
        "edited": {
            "user": "U0DAUKFHN",
            "ts": "1446012844.000000"
        },
        "ts": "1446008898.000249"
    },
    {
        "type": "message",
        "user": "U07GDL0H5",
        "text": "just for the record... i mentioned during my talk that there might be \"following, like twitter\" ... without consciously realizing that i was giving a presentation in the same building as twitter HQ",
        "ts": "1446010539.000250",
        "reactions": [
            {
                "name": "sunglasses",
                "users": [
                    "U08EZP01H",
                    "U08F438SK"
                ],
                "count": 2
            }
        ]
    }
]