[
    {
        "type": "message",
        "user": "U07GDL0H5",
        "text": "that's the problem with Blockchain University - we don't usually know their level until they show up. i always assume the're competent engineers, which is usually right for at least 50% of them.",
        "edited": {
            "user": "U07GDL0H5",
            "ts": "1445988838.000000"
        },
        "ts": "1445877607.000229"
    },
    {
        "user": "U0D7WGS2G",
        "type": "message",
        "subtype": "channel_join",
        "text": "<@U0D7WGS2G|alexandra> has joined the channel",
        "ts": "1445901188.000230"
    }
]