[
    {
        "type": "message",
        "user": "U07GDL0H5",
        "text": "updated the design for the blog: <http:\/\/blog.datt.co\/>",
        "ts": "1440718185.000002"
    },
    {
        "type": "message",
        "user": "U08EZP01H",
        "text": "oooah nice. <@U07GDL0H5> so clean.",
        "ts": "1440722195.000003",
        "reactions": [
            {
                "name": "heavy_plus_sign",
                "users": [
                    "U08F438SK",
                    "U08DD8LNP"
                ],
                "count": 2
            }
        ]
    }
]