[
    {
        "type": "message",
        "user": "U08C464NS",
        "text": "Hey people, just added a set of new mockup designs at <https:\/\/github.com\/dattnetwork\/datt\/tree\/master\/media\/UI_Mockups\/Mockup%202>",
        "attachments": [
            {
                "service_name": "GitHub",
                "title": "dattnetwork\/datt",
                "title_link": "https:\/\/github.com\/dattnetwork\/datt\/tree\/master\/media\/UI_Mockups\/Mockup%202",
                "text": "datt - Own your content.",
                "fallback": "GitHub: dattnetwork\/datt",
                "thumb_url": "https:\/\/avatars0.githubusercontent.com\/u\/13266895?v=3&s=400",
                "from_url": "https:\/\/github.com\/dattnetwork\/datt\/tree\/master\/media\/UI_Mockups\/Mockup%202",
                "thumb_width": 214,
                "thumb_height": 214,
                "id": 1
            }
        ],
        "ts": "1450402046.000003",
        "reactions": [
            {
                "name": "+1",
                "users": [
                    "U07GDL0H5",
                    "U08ERPTQF"
                ],
                "count": 2
            }
        ]
    },
    {
        "type": "message",
        "user": "U08C464NS",
        "text": "the readme.md covers everything. Basically I've simplified most of the design in line with the prototype",
        "ts": "1450402132.000005"
    },
    {
        "type": "message",
        "subtype": "file_share",
        "text": "<@U08C464NS|chris> uploaded a file: <https:\/\/dattnetwork.slack.com\/files\/chris\/F0GUARJCU\/frontpage.png|frontpage.png>",
        "file": {
            "id": "F0GUARJCU",
            "created": 1450402172,
            "timestamp": 1450402172,
            "name": "frontpage.png",
            "title": "frontpage.png",
            "mimetype": "image\/png",
            "filetype": "png",
            "pretty_type": "PNG",
            "user": "U08C464NS",
            "editable": false,
            "size": 77808,
            "mode": "hosted",
            "is_external": false,
            "external_type": "",
            "is_public": true,
            "public_url_shared": false,
            "display_as_bot": false,
            "username": "",
            "url_private": "https:\/\/files.slack.com\/files-pri\/T07GDKW3U-F0GUARJCU\/frontpage.png?t=xoxe-7557676130-19603236052-19608971585-522f2efa97",
            "url_private_download": "https:\/\/files.slack.com\/files-pri\/T07GDKW3U-F0GUARJCU\/download\/frontpage.png?t=xoxe-7557676130-19603236052-19608971585-522f2efa97",
            "thumb_64": "https:\/\/files.slack.com\/files-tmb\/T07GDKW3U-F0GUARJCU-56f9aff243\/frontpage_64.png?t=xoxe-7557676130-19603236052-19608971585-522f2efa97",
            "thumb_80": "https:\/\/files.slack.com\/files-tmb\/T07GDKW3U-F0GUARJCU-56f9aff243\/frontpage_80.png?t=xoxe-7557676130-19603236052-19608971585-522f2efa97",
            "thumb_360": "https:\/\/files.slack.com\/files-tmb\/T07GDKW3U-F0GUARJCU-56f9aff243\/frontpage_360.png?t=xoxe-7557676130-19603236052-19608971585-522f2efa97",
            "thumb_360_w": 360,
            "thumb_360_h": 194,
            "thumb_480": "https:\/\/files.slack.com\/files-tmb\/T07GDKW3U-F0GUARJCU-56f9aff243\/frontpage_480.png?t=xoxe-7557676130-19603236052-19608971585-522f2efa97",
            "thumb_480_w": 480,
            "thumb_480_h": 259,
            "thumb_160": "https:\/\/files.slack.com\/files-tmb\/T07GDKW3U-F0GUARJCU-56f9aff243\/frontpage_160.png?t=xoxe-7557676130-19603236052-19608971585-522f2efa97",
            "thumb_720": "https:\/\/files.slack.com\/files-tmb\/T07GDKW3U-F0GUARJCU-56f9aff243\/frontpage_720.png?t=xoxe-7557676130-19603236052-19608971585-522f2efa97",
            "thumb_720_w": 720,
            "thumb_720_h": 388,
            "thumb_960": "https:\/\/files.slack.com\/files-tmb\/T07GDKW3U-F0GUARJCU-56f9aff243\/frontpage_960.png?t=xoxe-7557676130-19603236052-19608971585-522f2efa97",
            "thumb_960_w": 960,
            "thumb_960_h": 518,
            "thumb_1024": "https:\/\/files.slack.com\/files-tmb\/T07GDKW3U-F0GUARJCU-56f9aff243\/frontpage_1024.png?t=xoxe-7557676130-19603236052-19608971585-522f2efa97",
            "thumb_1024_w": 1024,
            "thumb_1024_h": 552,
            "image_exif_rotation": 1,
            "original_w": 1280,
            "original_h": 690,
            "permalink": "https:\/\/dattnetwork.slack.com\/files\/chris\/F0GUARJCU\/frontpage.png",
            "permalink_public": "https:\/\/slack-files.com\/T07GDKW3U-F0GUARJCU-9722bf94df",
            "channels": [
                "C08F8UMGB"
            ],
            "groups": [

            ],
            "ims": [

            ],
            "comments_count": 0
        },
        "user": "U08C464NS",
        "upload": true,
        "display_as_bot": false,
        "username": "<@U08C464NS|chris>",
        "bot_id": null,
        "ts": "1450402174.000006"
    },
    {
        "type": "message",
        "subtype": "file_share",
        "text": "<@U08C464NS|chris> uploaded a file: <https:\/\/dattnetwork.slack.com\/files\/chris\/F0GUGR3JL\/textpost.png|textpost.png>",
        "file": {
            "id": "F0GUGR3JL",
            "created": 1450402193,
            "timestamp": 1450402193,
            "name": "textpost.png",
            "title": "textpost.png",
            "mimetype": "image\/png",
            "filetype": "png",
            "pretty_type": "PNG",
            "user": "U08C464NS",
            "editable": false,
            "size": 64537,
            "mode": "hosted",
            "is_external": false,
            "external_type": "",
            "is_public": true,
            "public_url_shared": false,
            "display_as_bot": false,
            "username": "",
            "url_private": "https:\/\/files.slack.com\/files-pri\/T07GDKW3U-F0GUGR3JL\/textpost.png?t=xoxe-7557676130-19603236052-19608971585-522f2efa97",
            "url_private_download": "https:\/\/files.slack.com\/files-pri\/T07GDKW3U-F0GUGR3JL\/download\/textpost.png?t=xoxe-7557676130-19603236052-19608971585-522f2efa97",
            "thumb_64": "https:\/\/files.slack.com\/files-tmb\/T07GDKW3U-F0GUGR3JL-cbcb8ea1c3\/textpost_64.png?t=xoxe-7557676130-19603236052-19608971585-522f2efa97",
            "thumb_80": "https:\/\/files.slack.com\/files-tmb\/T07GDKW3U-F0GUGR3JL-cbcb8ea1c3\/textpost_80.png?t=xoxe-7557676130-19603236052-19608971585-522f2efa97",
            "thumb_360": "https:\/\/files.slack.com\/files-tmb\/T07GDKW3U-F0GUGR3JL-cbcb8ea1c3\/textpost_360.png?t=xoxe-7557676130-19603236052-19608971585-522f2efa97",
            "thumb_360_w": 360,
            "thumb_360_h": 194,
            "thumb_480": "https:\/\/files.slack.com\/files-tmb\/T07GDKW3U-F0GUGR3JL-cbcb8ea1c3\/textpost_480.png?t=xoxe-7557676130-19603236052-19608971585-522f2efa97",
            "thumb_480_w": 480,
            "thumb_480_h": 259,
            "thumb_160": "https:\/\/files.slack.com\/files-tmb\/T07GDKW3U-F0GUGR3JL-cbcb8ea1c3\/textpost_160.png?t=xoxe-7557676130-19603236052-19608971585-522f2efa97",
            "thumb_720": "https:\/\/files.slack.com\/files-tmb\/T07GDKW3U-F0GUGR3JL-cbcb8ea1c3\/textpost_720.png?t=xoxe-7557676130-19603236052-19608971585-522f2efa97",
            "thumb_720_w": 720,
            "thumb_720_h": 388,
            "thumb_960": "https:\/\/files.slack.com\/files-tmb\/T07GDKW3U-F0GUGR3JL-cbcb8ea1c3\/textpost_960.png?t=xoxe-7557676130-19603236052-19608971585-522f2efa97",
            "thumb_960_w": 960,
            "thumb_960_h": 518,
            "thumb_1024": "https:\/\/files.slack.com\/files-tmb\/T07GDKW3U-F0GUGR3JL-cbcb8ea1c3\/textpost_1024.png?t=xoxe-7557676130-19603236052-19608971585-522f2efa97",
            "thumb_1024_w": 1024,
            "thumb_1024_h": 552,
            "image_exif_rotation": 1,
            "original_w": 1280,
            "original_h": 690,
            "permalink": "https:\/\/dattnetwork.slack.com\/files\/chris\/F0GUGR3JL\/textpost.png",
            "permalink_public": "https:\/\/slack-files.com\/T07GDKW3U-F0GUGR3JL-ed562d43ab",
            "channels": [
                "C08F8UMGB"
            ],
            "groups": [

            ],
            "ims": [

            ],
            "comments_count": 0
        },
        "user": "U08C464NS",
        "upload": true,
        "display_as_bot": false,
        "username": "<@U08C464NS|chris>",
        "bot_id": null,
        "ts": "1450402196.000007"
    },
    {
        "type": "message",
        "subtype": "file_share",
        "text": "<@U08C464NS|chris> uploaded a file: <https:\/\/dattnetwork.slack.com\/files\/chris\/F0GUFQNJD\/colorscheme_blue.png|colorscheme_blue.png> and commented: Customizable colorschemes",
        "file": {
            "id": "F0GUFQNJD",
            "created": 1450402262,
            "timestamp": 1450402262,
            "name": "colorscheme_blue.png",
            "title": "colorscheme_blue.png",
            "mimetype": "image\/png",
            "filetype": "png",
            "pretty_type": "PNG",
            "user": "U08C464NS",
            "editable": false,
            "size": 93457,
            "mode": "hosted",
            "is_external": false,
            "external_type": "",
            "is_public": true,
            "public_url_shared": false,
            "display_as_bot": false,
            "username": "",
            "url_private": "https:\/\/files.slack.com\/files-pri\/T07GDKW3U-F0GUFQNJD\/colorscheme_blue.png?t=xoxe-7557676130-19603236052-19608971585-522f2efa97",
            "url_private_download": "https:\/\/files.slack.com\/files-pri\/T07GDKW3U-F0GUFQNJD\/download\/colorscheme_blue.png?t=xoxe-7557676130-19603236052-19608971585-522f2efa97",
            "thumb_64": "https:\/\/files.slack.com\/files-tmb\/T07GDKW3U-F0GUFQNJD-ccd0b8a23d\/colorscheme_blue_64.png?t=xoxe-7557676130-19603236052-19608971585-522f2efa97",
            "thumb_80": "https:\/\/files.slack.com\/files-tmb\/T07GDKW3U-F0GUFQNJD-ccd0b8a23d\/colorscheme_blue_80.png?t=xoxe-7557676130-19603236052-19608971585-522f2efa97",
            "thumb_360": "https:\/\/files.slack.com\/files-tmb\/T07GDKW3U-F0GUFQNJD-ccd0b8a23d\/colorscheme_blue_360.png?t=xoxe-7557676130-19603236052-19608971585-522f2efa97",
            "thumb_360_w": 360,
            "thumb_360_h": 194,
            "thumb_480": "https:\/\/files.slack.com\/files-tmb\/T07GDKW3U-F0GUFQNJD-ccd0b8a23d\/colorscheme_blue_480.png?t=xoxe-7557676130-19603236052-19608971585-522f2efa97",
            "thumb_480_w": 480,
            "thumb_480_h": 259,
            "thumb_160": "https:\/\/files.slack.com\/files-tmb\/T07GDKW3U-F0GUFQNJD-ccd0b8a23d\/colorscheme_blue_160.png?t=xoxe-7557676130-19603236052-19608971585-522f2efa97",
            "thumb_720": "https:\/\/files.slack.com\/files-tmb\/T07GDKW3U-F0GUFQNJD-ccd0b8a23d\/colorscheme_blue_720.png?t=xoxe-7557676130-19603236052-19608971585-522f2efa97",
            "thumb_720_w": 720,
            "thumb_720_h": 388,
            "thumb_960": "https:\/\/files.slack.com\/files-tmb\/T07GDKW3U-F0GUFQNJD-ccd0b8a23d\/colorscheme_blue_960.png?t=xoxe-7557676130-19603236052-19608971585-522f2efa97",
            "thumb_960_w": 960,
            "thumb_960_h": 518,
            "thumb_1024": "https:\/\/files.slack.com\/files-tmb\/T07GDKW3U-F0GUFQNJD-ccd0b8a23d\/colorscheme_blue_1024.png?t=xoxe-7557676130-19603236052-19608971585-522f2efa97",
            "thumb_1024_w": 1024,
            "thumb_1024_h": 552,
            "image_exif_rotation": 1,
            "original_w": 1280,
            "original_h": 690,
            "permalink": "https:\/\/dattnetwork.slack.com\/files\/chris\/F0GUFQNJD\/colorscheme_blue.png",
            "permalink_public": "https:\/\/slack-files.com\/T07GDKW3U-F0GUFQNJD-464804809b",
            "channels": [
                "C08F8UMGB"
            ],
            "groups": [

            ],
            "ims": [

            ],
            "comments_count": 1,
            "initial_comment": {
                "id": "Fc0GUGALV8",
                "created": 1450402262,
                "timestamp": 1450402262,
                "user": "U08C464NS",
                "comment": "Customizable colorschemes"
            }
        },
        "user": "U08C464NS",
        "upload": true,
        "display_as_bot": false,
        "username": "<@U08C464NS|chris>",
        "bot_id": null,
        "ts": "1450402266.000008"
    },
    {
        "type": "message",
        "subtype": "file_share",
        "text": "<@U08C464NS|chris> uploaded a file: <https:\/\/dattnetwork.slack.com\/files\/chris\/F0GUDD28K\/colorscheme_terminal_contrast.png|colorscheme_terminal_contrast.png> and commented: Like customizing Sublime text",
        "file": {
            "id": "F0GUDD28K",
            "created": 1450402296,
            "timestamp": 1450402296,
            "name": "colorscheme_terminal_contrast.png",
            "title": "colorscheme_terminal_contrast.png",
            "mimetype": "image\/png",
            "filetype": "png",
            "pretty_type": "PNG",
            "user": "U08C464NS",
            "editable": false,
            "size": 92782,
            "mode": "hosted",
            "is_external": false,
            "external_type": "",
            "is_public": true,
            "public_url_shared": false,
            "display_as_bot": false,
            "username": "",
            "url_private": "https:\/\/files.slack.com\/files-pri\/T07GDKW3U-F0GUDD28K\/colorscheme_terminal_contrast.png?t=xoxe-7557676130-19603236052-19608971585-522f2efa97",
            "url_private_download": "https:\/\/files.slack.com\/files-pri\/T07GDKW3U-F0GUDD28K\/download\/colorscheme_terminal_contrast.png?t=xoxe-7557676130-19603236052-19608971585-522f2efa97",
            "thumb_64": "https:\/\/files.slack.com\/files-tmb\/T07GDKW3U-F0GUDD28K-86aa3a7568\/colorscheme_terminal_contrast_64.png?t=xoxe-7557676130-19603236052-19608971585-522f2efa97",
            "thumb_80": "https:\/\/files.slack.com\/files-tmb\/T07GDKW3U-F0GUDD28K-86aa3a7568\/colorscheme_terminal_contrast_80.png?t=xoxe-7557676130-19603236052-19608971585-522f2efa97",
            "thumb_360": "https:\/\/files.slack.com\/files-tmb\/T07GDKW3U-F0GUDD28K-86aa3a7568\/colorscheme_terminal_contrast_360.png?t=xoxe-7557676130-19603236052-19608971585-522f2efa97",
            "thumb_360_w": 360,
            "thumb_360_h": 194,
            "thumb_480": "https:\/\/files.slack.com\/files-tmb\/T07GDKW3U-F0GUDD28K-86aa3a7568\/colorscheme_terminal_contrast_480.png?t=xoxe-7557676130-19603236052-19608971585-522f2efa97",
            "thumb_480_w": 480,
            "thumb_480_h": 259,
            "thumb_160": "https:\/\/files.slack.com\/files-tmb\/T07GDKW3U-F0GUDD28K-86aa3a7568\/colorscheme_terminal_contrast_160.png?t=xoxe-7557676130-19603236052-19608971585-522f2efa97",
            "thumb_720": "https:\/\/files.slack.com\/files-tmb\/T07GDKW3U-F0GUDD28K-86aa3a7568\/colorscheme_terminal_contrast_720.png?t=xoxe-7557676130-19603236052-19608971585-522f2efa97",
            "thumb_720_w": 720,
            "thumb_720_h": 388,
            "thumb_960": "https:\/\/files.slack.com\/files-tmb\/T07GDKW3U-F0GUDD28K-86aa3a7568\/colorscheme_terminal_contrast_960.png?t=xoxe-7557676130-19603236052-19608971585-522f2efa97",
            "thumb_960_w": 960,
            "thumb_960_h": 518,
            "thumb_1024": "https:\/\/files.slack.com\/files-tmb\/T07GDKW3U-F0GUDD28K-86aa3a7568\/colorscheme_terminal_contrast_1024.png?t=xoxe-7557676130-19603236052-19608971585-522f2efa97",
            "thumb_1024_w": 1024,
            "thumb_1024_h": 552,
            "image_exif_rotation": 1,
            "original_w": 1280,
            "original_h": 690,
            "permalink": "https:\/\/dattnetwork.slack.com\/files\/chris\/F0GUDD28K\/colorscheme_terminal_contrast.png",
            "permalink_public": "https:\/\/slack-files.com\/T07GDKW3U-F0GUDD28K-4d0287d0a0",
            "channels": [
                "C08F8UMGB"
            ],
            "groups": [

            ],
            "ims": [

            ],
            "comments_count": 1,
            "initial_comment": {
                "id": "Fc0GUGU4KS",
                "created": 1450402296,
                "timestamp": 1450402296,
                "user": "U08C464NS",
                "comment": "Like customizing Sublime text"
            }
        },
        "user": "U08C464NS",
        "upload": true,
        "display_as_bot": false,
        "username": "<@U08C464NS|chris>",
        "bot_id": null,
        "ts": "1450402298.000009"
    },
    {
        "type": "message",
        "user": "U08C464NS",
        "text": "Anyways, there are lots more images in the repo. What do you think?",
        "ts": "1450402326.000010"
    },
    {
        "type": "message",
        "subtype": "pinned_item",
        "user": "U08C464NS",
        "item_type": "C",
        "attachments": [
            {
                "color": "D0D0D0",
                "fallback": "[December 17th, 2015 5:27 PM] chris: Hey people, just added a set of new mockup designs at <https:\/\/github.com\/dattnetwork\/datt\/tree\/master\/media\/UI_Mockups\/Mockup%202>",
                "author_subname": "chris",
                "ts": "1450402046.000003",
                "text": "Hey people, just added a set of new mockup designs at <https:\/\/github.com\/dattnetwork\/datt\/tree\/master\/media\/UI_Mockups\/Mockup%202>",
                "title": "dattnetwork\/datt",
                "title_link": "https:\/\/github.com\/dattnetwork\/datt\/tree\/master\/media\/UI_Mockups\/Mockup%202",
                "author_name": "Hello",
                "author_link": "https:\/\/dattnetwork.slack.com\/team\/chris",
                "author_icon": "https:\/\/secure.gravatar.com\/avatar\/7ebe6998ac28a82051477b003945a82a.jpg?s=48&d=https%3A%2F%2Fslack.global.ssl.fastly.net%2F66f9%2Fimg%2Favatars%2Fava_0010-48.png",
                "mrkdwn_in": [
                    "text"
                ]
            }
        ],
        "text": "<@U08C464NS|chris> pinned a message to this channel.",
        "ts": "1450402335.000011"
    },
    {
        "type": "message",
        "user": "U07GDL0H5",
        "text": "awesome work!",
        "ts": "1450402994.000012",
        "reactions": [
            {
                "name": "+1",
                "users": [
                    "U08C464NS",
                    "U08F438SK"
                ],
                "count": 2
            }
        ]
    },
    {
        "type": "message",
        "subtype": "file_share",
        "text": "<@U08C464NS|chris> uploaded a file: <https:\/\/dattnetwork.slack.com\/files\/chris\/F0GUHR0FJ\/colorscheme_amy.png|colorscheme_amy.png>",
        "file": {
            "id": "F0GUHR0FJ",
            "created": 1450403578,
            "timestamp": 1450403578,
            "name": "colorscheme_amy.png",
            "title": "colorscheme_amy.png",
            "mimetype": "image\/png",
            "filetype": "png",
            "pretty_type": "PNG",
            "user": "U08C464NS",
            "editable": false,
            "size": 92612,
            "mode": "hosted",
            "is_external": false,
            "external_type": "",
            "is_public": true,
            "public_url_shared": false,
            "display_as_bot": false,
            "username": "",
            "url_private": "https:\/\/files.slack.com\/files-pri\/T07GDKW3U-F0GUHR0FJ\/colorscheme_amy.png?t=xoxe-7557676130-19603236052-19608971585-522f2efa97",
            "url_private_download": "https:\/\/files.slack.com\/files-pri\/T07GDKW3U-F0GUHR0FJ\/download\/colorscheme_amy.png?t=xoxe-7557676130-19603236052-19608971585-522f2efa97",
            "thumb_64": "https:\/\/files.slack.com\/files-tmb\/T07GDKW3U-F0GUHR0FJ-329064936c\/colorscheme_amy_64.png?t=xoxe-7557676130-19603236052-19608971585-522f2efa97",
            "thumb_80": "https:\/\/files.slack.com\/files-tmb\/T07GDKW3U-F0GUHR0FJ-329064936c\/colorscheme_amy_80.png?t=xoxe-7557676130-19603236052-19608971585-522f2efa97",
            "thumb_360": "https:\/\/files.slack.com\/files-tmb\/T07GDKW3U-F0GUHR0FJ-329064936c\/colorscheme_amy_360.png?t=xoxe-7557676130-19603236052-19608971585-522f2efa97",
            "thumb_360_w": 360,
            "thumb_360_h": 194,
            "thumb_480": "https:\/\/files.slack.com\/files-tmb\/T07GDKW3U-F0GUHR0FJ-329064936c\/colorscheme_amy_480.png?t=xoxe-7557676130-19603236052-19608971585-522f2efa97",
            "thumb_480_w": 480,
            "thumb_480_h": 259,
            "thumb_160": "https:\/\/files.slack.com\/files-tmb\/T07GDKW3U-F0GUHR0FJ-329064936c\/colorscheme_amy_160.png?t=xoxe-7557676130-19603236052-19608971585-522f2efa97",
            "thumb_720": "https:\/\/files.slack.com\/files-tmb\/T07GDKW3U-F0GUHR0FJ-329064936c\/colorscheme_amy_720.png?t=xoxe-7557676130-19603236052-19608971585-522f2efa97",
            "thumb_720_w": 720,
            "thumb_720_h": 388,
            "thumb_960": "https:\/\/files.slack.com\/files-tmb\/T07GDKW3U-F0GUHR0FJ-329064936c\/colorscheme_amy_960.png?t=xoxe-7557676130-19603236052-19608971585-522f2efa97",
            "thumb_960_w": 960,
            "thumb_960_h": 518,
            "thumb_1024": "https:\/\/files.slack.com\/files-tmb\/T07GDKW3U-F0GUHR0FJ-329064936c\/colorscheme_amy_1024.png?t=xoxe-7557676130-19603236052-19608971585-522f2efa97",
            "thumb_1024_w": 1024,
            "thumb_1024_h": 552,
            "image_exif_rotation": 1,
            "original_w": 1280,
            "original_h": 690,
            "permalink": "https:\/\/dattnetwork.slack.com\/files\/chris\/F0GUHR0FJ\/colorscheme_amy.png",
            "permalink_public": "https:\/\/slack-files.com\/T07GDKW3U-F0GUHR0FJ-d7a875b2fc",
            "channels": [
                "C08F8UMGB"
            ],
            "groups": [

            ],
            "ims": [

            ],
            "comments_count": 0
        },
        "user": "U08C464NS",
        "upload": true,
        "display_as_bot": false,
        "username": "<@U08C464NS|chris>",
        "bot_id": null,
        "ts": "1450403580.000013"
    },
    {
        "type": "message",
        "subtype": "file_share",
        "text": "<@U08C464NS|chris> uploaded a file: <https:\/\/dattnetwork.slack.com\/files\/chris\/F0GUHTC9E\/about.png|about.png> and commented: An idea for the about page. What do you think of the copy?",
        "file": {
            "id": "F0GUHTC9E",
            "created": 1450403668,
            "timestamp": 1450403668,
            "name": "about.png",
            "title": "about.png",
            "mimetype": "image\/png",
            "filetype": "png",
            "pretty_type": "PNG",
            "user": "U08C464NS",
            "editable": false,
            "size": 65759,
            "mode": "hosted",
            "is_external": false,
            "external_type": "",
            "is_public": true,
            "public_url_shared": false,
            "display_as_bot": false,
            "username": "",
            "url_private": "https:\/\/files.slack.com\/files-pri\/T07GDKW3U-F0GUHTC9E\/about.png?t=xoxe-7557676130-19603236052-19608971585-522f2efa97",
            "url_private_download": "https:\/\/files.slack.com\/files-pri\/T07GDKW3U-F0GUHTC9E\/download\/about.png?t=xoxe-7557676130-19603236052-19608971585-522f2efa97",
            "thumb_64": "https:\/\/files.slack.com\/files-tmb\/T07GDKW3U-F0GUHTC9E-49744db445\/about_64.png?t=xoxe-7557676130-19603236052-19608971585-522f2efa97",
            "thumb_80": "https:\/\/files.slack.com\/files-tmb\/T07GDKW3U-F0GUHTC9E-49744db445\/about_80.png?t=xoxe-7557676130-19603236052-19608971585-522f2efa97",
            "thumb_360": "https:\/\/files.slack.com\/files-tmb\/T07GDKW3U-F0GUHTC9E-49744db445\/about_360.png?t=xoxe-7557676130-19603236052-19608971585-522f2efa97",
            "thumb_360_w": 360,
            "thumb_360_h": 213,
            "thumb_480": "https:\/\/files.slack.com\/files-tmb\/T07GDKW3U-F0GUHTC9E-49744db445\/about_480.png?t=xoxe-7557676130-19603236052-19608971585-522f2efa97",
            "thumb_480_w": 480,
            "thumb_480_h": 284,
            "thumb_160": "https:\/\/files.slack.com\/files-tmb\/T07GDKW3U-F0GUHTC9E-49744db445\/about_160.png?t=xoxe-7557676130-19603236052-19608971585-522f2efa97",
            "thumb_720": "https:\/\/files.slack.com\/files-tmb\/T07GDKW3U-F0GUHTC9E-49744db445\/about_720.png?t=xoxe-7557676130-19603236052-19608971585-522f2efa97",
            "thumb_720_w": 720,
            "thumb_720_h": 425,
            "thumb_960": "https:\/\/files.slack.com\/files-tmb\/T07GDKW3U-F0GUHTC9E-49744db445\/about_960.png?t=xoxe-7557676130-19603236052-19608971585-522f2efa97",
            "thumb_960_w": 960,
            "thumb_960_h": 567,
            "thumb_1024": "https:\/\/files.slack.com\/files-tmb\/T07GDKW3U-F0GUHTC9E-49744db445\/about_1024.png?t=xoxe-7557676130-19603236052-19608971585-522f2efa97",
            "thumb_1024_w": 1024,
            "thumb_1024_h": 605,
            "image_exif_rotation": 1,
            "original_w": 1280,
            "original_h": 756,
            "permalink": "https:\/\/dattnetwork.slack.com\/files\/chris\/F0GUHTC9E\/about.png",
            "permalink_public": "https:\/\/slack-files.com\/T07GDKW3U-F0GUHTC9E-f70c46fcb3",
            "channels": [
                "C08F8UMGB"
            ],
            "groups": [

            ],
            "ims": [

            ],
            "comments_count": 2,
            "initial_comment": {
                "id": "Fc0GUH8PK9",
                "created": 1450403668,
                "timestamp": 1450403668,
                "user": "U08C464NS",
                "comment": "An idea for the about page. What do you think of the copy?"
            },
            "reactions": [
                {
                    "name": "+1",
                    "users": [
                        "U08ERPTQF"
                    ],
                    "count": 1
                }
            ]
        },
        "user": "U08C464NS",
        "upload": true,
        "display_as_bot": false,
        "username": "<@U08C464NS|chris>",
        "bot_id": null,
        "ts": "1450403670.000014"
    },
    {
        "type": "message",
        "subtype": "file_share",
        "text": "<@U08C464NS|chris> uploaded a file: <https:\/\/dattnetwork.slack.com\/files\/chris\/F0GUD2GGL\/tee.png|Tee.png> and commented: Simple tee idea",
        "file": {
            "id": "F0GUD2GGL",
            "created": 1450405284,
            "timestamp": 1450405284,
            "name": "Tee.png",
            "title": "Tee.png",
            "mimetype": "image\/png",
            "filetype": "png",
            "pretty_type": "PNG",
            "user": "U08C464NS",
            "editable": false,
            "size": 330580,
            "mode": "hosted",
            "is_external": false,
            "external_type": "",
            "is_public": true,
            "public_url_shared": false,
            "display_as_bot": false,
            "username": "",
            "url_private": "https:\/\/files.slack.com\/files-pri\/T07GDKW3U-F0GUD2GGL\/tee.png?t=xoxe-7557676130-19603236052-19608971585-522f2efa97",
            "url_private_download": "https:\/\/files.slack.com\/files-pri\/T07GDKW3U-F0GUD2GGL\/download\/tee.png?t=xoxe-7557676130-19603236052-19608971585-522f2efa97",
            "thumb_64": "https:\/\/files.slack.com\/files-tmb\/T07GDKW3U-F0GUD2GGL-e6365de75c\/tee_64.png?t=xoxe-7557676130-19603236052-19608971585-522f2efa97",
            "thumb_80": "https:\/\/files.slack.com\/files-tmb\/T07GDKW3U-F0GUD2GGL-e6365de75c\/tee_80.png?t=xoxe-7557676130-19603236052-19608971585-522f2efa97",
            "thumb_360": "https:\/\/files.slack.com\/files-tmb\/T07GDKW3U-F0GUD2GGL-e6365de75c\/tee_360.png?t=xoxe-7557676130-19603236052-19608971585-522f2efa97",
            "thumb_360_w": 360,
            "thumb_360_h": 320,
            "thumb_480": "https:\/\/files.slack.com\/files-tmb\/T07GDKW3U-F0GUD2GGL-e6365de75c\/tee_480.png?t=xoxe-7557676130-19603236052-19608971585-522f2efa97",
            "thumb_480_w": 480,
            "thumb_480_h": 427,
            "thumb_160": "https:\/\/files.slack.com\/files-tmb\/T07GDKW3U-F0GUD2GGL-e6365de75c\/tee_160.png?t=xoxe-7557676130-19603236052-19608971585-522f2efa97",
            "thumb_720": "https:\/\/files.slack.com\/files-tmb\/T07GDKW3U-F0GUD2GGL-e6365de75c\/tee_720.png?t=xoxe-7557676130-19603236052-19608971585-522f2efa97",
            "thumb_720_w": 720,
            "thumb_720_h": 640,
            "image_exif_rotation": 1,
            "original_w": 900,
            "original_h": 800,
            "permalink": "https:\/\/dattnetwork.slack.com\/files\/chris\/F0GUD2GGL\/tee.png",
            "permalink_public": "https:\/\/slack-files.com\/T07GDKW3U-F0GUD2GGL-430255f60a",
            "channels": [
                "C08F8UMGB"
            ],
            "groups": [

            ],
            "ims": [

            ],
            "comments_count": 1,
            "initial_comment": {
                "id": "Fc0GUK2264",
                "created": 1450405284,
                "timestamp": 1450405284,
                "user": "U08C464NS",
                "comment": "Simple tee idea"
            }
        },
        "user": "U08C464NS",
        "upload": true,
        "display_as_bot": false,
        "username": "<@U08C464NS|chris>",
        "bot_id": null,
        "ts": "1450405286.000015"
    },
    {
        "type": "message",
        "subtype": "file_share",
        "text": "<@U08C464NS|chris> uploaded a file: <https:\/\/dattnetwork.slack.com\/files\/chris\/F0GUKJGUF\/tee2.png|Tee2.png>",
        "file": {
            "id": "F0GUKJGUF",
            "created": 1450407031,
            "timestamp": 1450407031,
            "name": "Tee2.png",
            "title": "Tee2.png",
            "mimetype": "image\/png",
            "filetype": "png",
            "pretty_type": "PNG",
            "user": "U08C464NS",
            "editable": false,
            "size": 331904,
            "mode": "hosted",
            "is_external": false,
            "external_type": "",
            "is_public": true,
            "public_url_shared": false,
            "display_as_bot": false,
            "username": "",
            "url_private": "https:\/\/files.slack.com\/files-pri\/T07GDKW3U-F0GUKJGUF\/tee2.png?t=xoxe-7557676130-19603236052-19608971585-522f2efa97",
            "url_private_download": "https:\/\/files.slack.com\/files-pri\/T07GDKW3U-F0GUKJGUF\/download\/tee2.png?t=xoxe-7557676130-19603236052-19608971585-522f2efa97",
            "thumb_64": "https:\/\/files.slack.com\/files-tmb\/T07GDKW3U-F0GUKJGUF-47a45e955d\/tee2_64.png?t=xoxe-7557676130-19603236052-19608971585-522f2efa97",
            "thumb_80": "https:\/\/files.slack.com\/files-tmb\/T07GDKW3U-F0GUKJGUF-47a45e955d\/tee2_80.png?t=xoxe-7557676130-19603236052-19608971585-522f2efa97",
            "thumb_360": "https:\/\/files.slack.com\/files-tmb\/T07GDKW3U-F0GUKJGUF-47a45e955d\/tee2_360.png?t=xoxe-7557676130-19603236052-19608971585-522f2efa97",
            "thumb_360_w": 360,
            "thumb_360_h": 320,
            "thumb_480": "https:\/\/files.slack.com\/files-tmb\/T07GDKW3U-F0GUKJGUF-47a45e955d\/tee2_480.png?t=xoxe-7557676130-19603236052-19608971585-522f2efa97",
            "thumb_480_w": 480,
            "thumb_480_h": 427,
            "thumb_160": "https:\/\/files.slack.com\/files-tmb\/T07GDKW3U-F0GUKJGUF-47a45e955d\/tee2_160.png?t=xoxe-7557676130-19603236052-19608971585-522f2efa97",
            "thumb_720": "https:\/\/files.slack.com\/files-tmb\/T07GDKW3U-F0GUKJGUF-47a45e955d\/tee2_720.png?t=xoxe-7557676130-19603236052-19608971585-522f2efa97",
            "thumb_720_w": 720,
            "thumb_720_h": 640,
            "image_exif_rotation": 1,
            "original_w": 900,
            "original_h": 800,
            "permalink": "https:\/\/dattnetwork.slack.com\/files\/chris\/F0GUKJGUF\/tee2.png",
            "permalink_public": "https:\/\/slack-files.com\/T07GDKW3U-F0GUKJGUF-69c764571c",
            "channels": [
                "C08F8UMGB"
            ],
            "groups": [

            ],
            "ims": [

            ],
            "comments_count": 0
        },
        "user": "U08C464NS",
        "upload": true,
        "display_as_bot": false,
        "username": "<@U08C464NS|chris>",
        "bot_id": null,
        "ts": "1450407033.000016"
    },
    {
        "type": "message",
        "subtype": "file_share",
        "text": "<@U08C464NS|chris> uploaded a file: <https:\/\/dattnetwork.slack.com\/files\/chris\/F0GUEC6MS\/white_tee.png|white_tee.png> and commented: on fleek",
        "file": {
            "id": "F0GUEC6MS",
            "created": 1450407229,
            "timestamp": 1450407229,
            "name": "white_tee.png",
            "title": "white_tee.png",
            "mimetype": "image\/png",
            "filetype": "png",
            "pretty_type": "PNG",
            "user": "U08C464NS",
            "editable": false,
            "size": 392714,
            "mode": "hosted",
            "is_external": false,
            "external_type": "",
            "is_public": true,
            "public_url_shared": false,
            "display_as_bot": false,
            "username": "",
            "url_private": "https:\/\/files.slack.com\/files-pri\/T07GDKW3U-F0GUEC6MS\/white_tee.png?t=xoxe-7557676130-19603236052-19608971585-522f2efa97",
            "url_private_download": "https:\/\/files.slack.com\/files-pri\/T07GDKW3U-F0GUEC6MS\/download\/white_tee.png?t=xoxe-7557676130-19603236052-19608971585-522f2efa97",
            "thumb_64": "https:\/\/files.slack.com\/files-tmb\/T07GDKW3U-F0GUEC6MS-83b296f829\/white_tee_64.png?t=xoxe-7557676130-19603236052-19608971585-522f2efa97",
            "thumb_80": "https:\/\/files.slack.com\/files-tmb\/T07GDKW3U-F0GUEC6MS-83b296f829\/white_tee_80.png?t=xoxe-7557676130-19603236052-19608971585-522f2efa97",
            "thumb_360": "https:\/\/files.slack.com\/files-tmb\/T07GDKW3U-F0GUEC6MS-83b296f829\/white_tee_360.png?t=xoxe-7557676130-19603236052-19608971585-522f2efa97",
            "thumb_360_w": 268,
            "thumb_360_h": 360,
            "thumb_480": "https:\/\/files.slack.com\/files-tmb\/T07GDKW3U-F0GUEC6MS-83b296f829\/white_tee_480.png?t=xoxe-7557676130-19603236052-19608971585-522f2efa97",
            "thumb_480_w": 358,
            "thumb_480_h": 480,
            "thumb_160": "https:\/\/files.slack.com\/files-tmb\/T07GDKW3U-F0GUEC6MS-83b296f829\/white_tee_160.png?t=xoxe-7557676130-19603236052-19608971585-522f2efa97",
            "thumb_720": "https:\/\/files.slack.com\/files-tmb\/T07GDKW3U-F0GUEC6MS-83b296f829\/white_tee_720.png?t=xoxe-7557676130-19603236052-19608971585-522f2efa97",
            "thumb_720_w": 536,
            "thumb_720_h": 720,
            "thumb_960": "https:\/\/files.slack.com\/files-tmb\/T07GDKW3U-F0GUEC6MS-83b296f829\/white_tee_960.png?t=xoxe-7557676130-19603236052-19608971585-522f2efa97",
            "thumb_960_w": 715,
            "thumb_960_h": 960,
            "image_exif_rotation": 1,
            "original_w": 745,
            "original_h": 1000,
            "permalink": "https:\/\/dattnetwork.slack.com\/files\/chris\/F0GUEC6MS\/white_tee.png",
            "permalink_public": "https:\/\/slack-files.com\/T07GDKW3U-F0GUEC6MS-45542aed23",
            "channels": [
                "C08F8UMGB"
            ],
            "groups": [

            ],
            "ims": [

            ],
            "comments_count": 1,
            "initial_comment": {
                "id": "Fc0GULBGE4",
                "created": 1450407229,
                "timestamp": 1450407229,
                "user": "U08C464NS",
                "comment": "on fleek"
            }
        },
        "user": "U08C464NS",
        "upload": true,
        "display_as_bot": false,
        "username": "<@U08C464NS|chris>",
        "bot_id": null,
        "ts": "1450407231.000017"
    }
]