[
    {
        "user": "U08ERPTQF",
        "type": "message",
        "subtype": "channel_join",
        "text": "<@U08ERPTQF|paul_xbt> has joined the channel",
        "ts": "1438429883.000002"
    },
    {
        "user": "U08C464NS",
        "inviter": "U08ERPTQF",
        "type": "message",
        "subtype": "channel_join",
        "text": "<@U08C464NS|chris> has joined the channel",
        "ts": "1438429894.000003"
    },
    {
        "type": "message",
        "user": "U08ERPTQF",
        "text": "Let's build on the awesome work <@U08C464NS> contributed: <https:\/\/github.com\/dattnetwork\/dattmedia>",
        "attachments": [
            {
                "service_name": "GitHub",
                "title": "dattnetwork\/dattmedia",
                "title_link": "https:\/\/github.com\/dattnetwork\/dattmedia",
                "text": "dattmedia - Design all the things.",
                "fallback": "GitHub: dattnetwork\/dattmedia",
                "thumb_url": "https:\/\/avatars0.githubusercontent.com\/u\/13266895?v=3&s=400",
                "from_url": "https:\/\/github.com\/dattnetwork\/dattmedia",
                "thumb_width": 214,
                "thumb_height": 214,
                "id": 1
            }
        ],
        "ts": "1438429949.000004"
    },
    {
        "type": "message",
        "subtype": "file_share",
        "text": "<@U08ERPTQF|paul_xbt> uploaded a file: <https:\/\/dattnetwork.slack.com\/files\/paul_xbt\/F08F98S2Z\/dattdots.svg|DATTdots.svg> and commented: I've mocked up a throbber based on <@U08C464NS>'s animated logo",
        "file": {
            "id": "F08F98S2Z",
            "created": 1438430047,
            "timestamp": 1438430047,
            "name": "DATTdots.svg",
            "title": "DATTdots.svg",
            "mimetype": "image\/svg+xml",
            "filetype": "svg",
            "pretty_type": "SVG",
            "user": "U08ERPTQF",
            "editable": false,
            "size": 101355,
            "mode": "hosted",
            "is_external": false,
            "external_type": "",
            "is_public": true,
            "public_url_shared": false,
            "display_as_bot": false,
            "username": "",
            "url_private": "https:\/\/files.slack.com\/files-pri\/T07GDKW3U-F08F98S2Z\/dattdots.svg?t=xoxe-7557676130-19603236052-19608971585-522f2efa97",
            "url_private_download": "https:\/\/files.slack.com\/files-pri\/T07GDKW3U-F08F98S2Z\/download\/dattdots.svg?t=xoxe-7557676130-19603236052-19608971585-522f2efa97",
            "permalink": "https:\/\/dattnetwork.slack.com\/files\/paul_xbt\/F08F98S2Z\/dattdots.svg",
            "permalink_public": "https:\/\/slack-files.com\/T07GDKW3U-F08F98S2Z-2127b79243",
            "channels": [
                "C08F8UMGB"
            ],
            "groups": [

            ],
            "ims": [

            ],
            "comments_count": 1,
            "initial_comment": {
                "id": "Fc08F8T0CF",
                "created": 1438430048,
                "timestamp": 1438430048,
                "user": "U08ERPTQF",
                "comment": "I've mocked up a throbber based on <@U08C464NS>'s animated logo"
            }
        },
        "user": "U08ERPTQF",
        "upload": true,
        "display_as_bot": false,
        "username": "<@U08ERPTQF|paul_xbt>",
        "bot_id": null,
        "ts": "1438430048.000006"
    },
    {
        "user": "U08EZP01H",
        "type": "message",
        "subtype": "channel_join",
        "text": "<@U08EZP01H|darrenm> has joined the channel",
        "ts": "1438442354.000007"
    },
    {
        "type": "message",
        "user": "U08C464NS",
        "text": "Hey Darren",
        "ts": "1438442803.000008"
    },
    {
        "type": "message",
        "user": "U08EZP01H",
        "text": "Hey <@U08C464NS>, fellow UX\/graphics nerd here. If you want to collab on any branding, UI, etc, let me know! I'm going to focus on some design research initially, starting with either a blueprint or customer journey map.",
        "ts": "1438442939.000009"
    },
    {
        "type": "message",
        "user": "U08C464NS",
        "text": "<@U08ERPTQF>: Cool animation man :simple_smile:. Just wanted to clarify about the logo. The idea is for it to mirror the function of the site, so the dots should appear to rise upwards. Same with the static version. Other than that, I like the bouncy nature of it!",
        "ts": "1438442968.000010"
    },
    {
        "type": "message",
        "user": "U08EZP01H",
        "text": "I hit up your website. I really like your style. Super clean.",
        "ts": "1438443082.000011"
    },
    {
        "type": "message",
        "user": "U08C464NS",
        "text": "<@U08EZP01H>: Yeah man that sounds good. The logo is sorted, so I think developing the UI for the web app is the big thing. Check out the mock ups for DATT at <https:\/\/github.com\/dattnetwork\/dattmedia>",
        "attachments": [
            {
                "service_name": "GitHub",
                "title": "dattnetwork\/dattmedia",
                "title_link": "https:\/\/github.com\/dattnetwork\/dattmedia",
                "text": "dattmedia - Design all the things.",
                "fallback": "GitHub: dattnetwork\/dattmedia",
                "thumb_url": "https:\/\/avatars0.githubusercontent.com\/u\/13266895?v=3&s=400",
                "from_url": "https:\/\/github.com\/dattnetwork\/dattmedia",
                "thumb_width": 214,
                "thumb_height": 214,
                "id": 1
            }
        ],
        "ts": "1438443104.000012"
    },
    {
        "type": "message",
        "user": "U08C464NS",
        "text": "<@U08EZP01H>",
        "ts": "1438443115.000014"
    },
    {
        "type": "message",
        "user": "U08C464NS",
        "text": "<@U08EZP01H>: thanks :simple_smile:. Things are still up in the air with how the site will actually function so I've just been working on mockups and how things may possibly work",
        "ts": "1438443157.000015"
    },
    {
        "type": "message",
        "user": "U08C464NS",
        "text": "Do you do front end stuff?",
        "ts": "1438443196.000016"
    },
    {
        "type": "message",
        "user": "U08EZP01H",
        "text": "The tip of the iceberg as needed, generally.",
        "ts": "1438443216.000017"
    },
    {
        "type": "message",
        "user": "U08EZP01H",
        "text": "If it's not 'really' code, yes. My productivity drops once I reach into JS",
        "ts": "1438443252.000018"
    },
    {
        "type": "message",
        "user": "U08C464NS",
        "text": "ah yeah, same for me. I can fudge it if needed, but I'm nowhere near as productive",
        "ts": "1438443276.000019"
    },
    {
        "type": "message",
        "user": "U08EZP01H",
        "text": "Are you in SF for the hackathon or remote?",
        "ts": "1438443304.000020"
    },
    {
        "type": "message",
        "user": "U08C464NS",
        "text": "I'm in the UK",
        "ts": "1438443310.000021"
    },
    {
        "type": "message",
        "user": "U08C464NS",
        "text": "you?",
        "ts": "1438443311.000022"
    },
    {
        "type": "message",
        "user": "U08EZP01H",
        "text": "Seattle",
        "ts": "1438443314.000023"
    },
    {
        "type": "message",
        "user": "U08EZP01H",
        "text": "I need to recharge my coffee status. Bbiab",
        "ts": "1438443379.000024"
    },
    {
        "type": "message",
        "user": "U08C464NS",
        "text": "k :stuck_out_tongue:",
        "ts": "1438443386.000025"
    },
    {
        "user": "U08DH3ESU",
        "type": "message",
        "subtype": "channel_join",
        "text": "<@U08DH3ESU|aramkris> has joined the channel",
        "ts": "1438452114.000026"
    },
    {
        "type": "message",
        "user": "U08C464NS",
        "text": "(I'll pin this so new people can see) The design files and mockups are at <https:\/\/github.com\/dattnetwork\/dattmedia>",
        "attachments": [
            {
                "service_name": "GitHub",
                "title": "dattnetwork\/dattmedia",
                "title_link": "https:\/\/github.com\/dattnetwork\/dattmedia",
                "text": "dattmedia - Design all the things.",
                "fallback": "GitHub: dattnetwork\/dattmedia",
                "thumb_url": "https:\/\/avatars0.githubusercontent.com\/u\/13266895?v=3&s=400",
                "from_url": "https:\/\/github.com\/dattnetwork\/dattmedia",
                "thumb_width": 214,
                "thumb_height": 214,
                "id": 1
            }
        ],
        "ts": "1438455195.000027"
    },
    {
        "type": "message",
        "subtype": "pinned_item",
        "user": "U08C464NS",
        "item_type": "C",
        "attachments": [
            {
                "color": "D0D0D0",
                "fallback": "[August 1st, 2015 11:53 AM] chris: (I'll pin this so new people can see) The design files and mockups are at <https:\/\/github.com\/dattnetwork\/dattmedia>",
                "author_subname": "chris",
                "ts": "1438455195.000027",
                "text": "(I'll pin this so new people can see) The design files and mockups are at <https:\/\/github.com\/dattnetwork\/dattmedia>",
                "title": "dattnetwork\/dattmedia",
                "title_link": "https:\/\/github.com\/dattnetwork\/dattmedia",
                "author_name": "Hello",
                "author_link": "https:\/\/dattnetwork.slack.com\/team\/chris",
                "author_icon": "https:\/\/secure.gravatar.com\/avatar\/7ebe6998ac28a82051477b003945a82a.jpg?s=48&d=https%3A%2F%2Fslack.global.ssl.fastly.net%2F66f9%2Fimg%2Favatars%2Fava_0010-48.png",
                "mrkdwn_in": [
                    "text"
                ]
            }
        ],
        "text": "<@U08C464NS|chris> pinned a message to this channel.",
        "ts": "1438455199.000029"
    },
    {
        "user": "U08F384H3",
        "type": "message",
        "subtype": "channel_join",
        "text": "<@U08F384H3|binyam> has joined the channel",
        "ts": "1438455733.000030"
    },
    {
        "type": "message",
        "user": "U08ERPTQF",
        "text": "<@U08C464NS>: can you expand on the 'rising up' design element. I get the shift of power, I'm just thinking more fluidly in that all nodes pass information\/value to any other node if that makes sense.",
        "ts": "1438466459.000031"
    },
    {
        "type": "message",
        "user": "U08C464NS",
        "text": "oh no, I didn't mean rising up like that :stuck_out_tongue:",
        "ts": "1438466486.000032"
    },
    {
        "type": "message",
        "user": "U08C464NS",
        "text": "I mean like on Reddit, the best content rises to the top",
        "ts": "1438466508.000033"
    },
    {
        "type": "message",
        "user": "U08C464NS",
        "text": "I mentioned it in the design notes",
        "ts": "1438466514.000034"
    },
    {
        "type": "message",
        "user": "U08C464NS",
        "text": "I think the logo is good as it is now. The animated version I did could be improved to be more fluid, but that is only an aesthetic preference. The main meat of the logo is there already and perfect for different types of branding",
        "ts": "1438466661.000035"
    },
    {
        "type": "message",
        "user": "U08ERPTQF",
        "text": "Yea I'll reread the notes",
        "ts": "1438466708.000036"
    },
    {
        "type": "message",
        "user": "U08ERPTQF",
        "text": "When I saw the animated logo, I associated it with the passing of information\/value, so perhaps there's another layer... brb",
        "ts": "1438466792.000037"
    },
    {
        "type": "message",
        "user": "U08C464NS",
        "text": "ah yeah, I can see that :simple_smile:. The reason I didn't do that originally was because it seemed a little too generic for a logo. How it is right now with the larger dots at the top is unique enough to stand out, and still communicate in an abstract way what the site's about :simple_smile:",
        "ts": "1438467327.000038",
        "reactions": [
            {
                "name": "+1",
                "users": [
                    "U08ERPTQF"
                ],
                "count": 1
            }
        ]
    },
    {
        "type": "message",
        "user": "U08EZP01H",
        "text": "basic user flow: <https:\/\/github.com\/DarrenRM\/dattmedia\/blob\/master\/design_strategy\/user_flow.png>",
        "attachments": [
            {
                "service_name": "GitHub",
                "title": "DarrenRM\/dattmedia",
                "title_link": "https:\/\/github.com\/DarrenRM\/dattmedia\/blob\/master\/design_strategy\/user_flow.png",
                "text": "dattmedia - Design all the things.",
                "fallback": "GitHub: DarrenRM\/dattmedia",
                "thumb_url": "https:\/\/avatars3.githubusercontent.com\/u\/10426446?v=3&s=400",
                "from_url": "https:\/\/github.com\/DarrenRM\/dattmedia\/blob\/master\/design_strategy\/user_flow.png",
                "thumb_width": 400,
                "thumb_height": 400,
                "id": 1
            }
        ],
        "ts": "1438482728.000039",
        "reactions": [
            {
                "name": "+1",
                "users": [
                    "U08C464NS"
                ],
                "count": 1
            }
        ]
    },
    {
        "user": "U08DD8LNP",
        "type": "message",
        "subtype": "channel_join",
        "text": "<@U08DD8LNP|go1dfish> has joined the channel",
        "ts": "1438483114.000041"
    },
    {
        "type": "message",
        "user": "U08DD8LNP",
        "text": "cool, didn't realize this channel was a thing, thanks <@U08EZP01H> I've started a basic UX\/mock playground here: <http:\/\/dattnetwork.github.io\/> <https:\/\/github.com\/dattnetwork\/datt.ui>",
        "attachments": [
            {
                "service_name": "GitHub",
                "title": "dattnetwork\/datt.ui",
                "title_link": "https:\/\/github.com\/dattnetwork\/datt.ui",
                "text": "datt.ui - Ember.js UX\/mock playground that may eventually evolve into something useful",
                "fallback": "GitHub: dattnetwork\/datt.ui",
                "thumb_url": "https:\/\/avatars0.githubusercontent.com\/u\/13266895?v=3&s=400",
                "from_url": "https:\/\/github.com\/dattnetwork\/datt.ui",
                "thumb_width": 214,
                "thumb_height": 214,
                "id": 1
            }
        ],
        "ts": "1438483156.000042"
    },
    {
        "type": "message",
        "user": "U08DD8LNP",
        "text": "reading through the scroll back I should be a good complement to you guys, I hate messing with CSS and I focus on the logic\/code to make interesting UX work and I've been building crazy interactive shit in browsers for years.  My biggest strength as of late is Ember.js I know it in and out and have been using it on my day job for about 3 years now",
        "ts": "1438483318.000044"
    },
    {
        "type": "message",
        "user": "U08EZP01H",
        "text": "Hey that's great. We're definitely more graphics\/researchy.",
        "ts": "1438483341.000045"
    },
    {
        "type": "message",
        "user": "U08DD8LNP",
        "text": "I think it's a very good fit for the sort of thick app we want to build out here, and it also has a very good separation between the logic and presentation that should let you guys be able to play with it without diving into the JS",
        "ts": "1438483350.000046"
    },
    {
        "type": "message",
        "user": "U08DD8LNP",
        "text": "<https:\/\/github.com\/dattnetwork\/datt.ui\/tree\/master\/app\/templates> will be interest to you guys as well as <https:\/\/github.com\/dattnetwork\/datt.ui\/tree\/master\/app\/style>  if you want to do SASS or LESS let me know and I can get that going for you",
        "ts": "1438483392.000047"
    },
    {
        "type": "message",
        "user": "U08DD8LNP",
        "text": "once you get node (I recommend nvm) and ember-cli running the app locally you'll be able to make template\/style changes and have it auto refresh the browser for you",
        "ts": "1438483426.000048"
    },
    {
        "type": "message",
        "user": "U08DD8LNP",
        "text": "what's there now isn't so much exactly how I think the UX how to work, it's more of a basic setup to get started and a demonstration of what pattern of moderation\/filtering I think could work well",
        "ts": "1438483468.000049"
    },
    {
        "type": "message",
        "user": "U08EZP01H",
        "text": "I'll have to teach myself what I need tonight\/tomorrow. Time to collect some new hats.",
        "ts": "1438483491.000050"
    },
    {
        "type": "message",
        "user": "U08EZP01H",
        "text": "Things seem to be coming together well.",
        "ts": "1438483520.000051"
    },
    {
        "type": "message",
        "user": "U08DD8LNP",
        "text": "I didn't see your mocks before I started it I just used bootstrap cause again CSS is not my bag :simple_smile:  we can rip out bootstrap if you want though I'm just pulling it from a can",
        "ts": "1438483522.000052"
    },
    {
        "type": "message",
        "user": "U08DD8LNP",
        "text": "CDN* feel free to ask any questions the docs for ember kind of suck at the moment tbh cause it's in a transitional phase to 2.0",
        "ts": "1438483544.000053"
    },
    {
        "type": "message",
        "user": "U08EZP01H",
        "text": "<@U08C464NS> did you have something in mind?",
        "ts": "1438483575.000054"
    },
    {
        "type": "message",
        "user": "U08EZP01H",
        "text": "I've been doing bootstrap for a few years myself",
        "ts": "1438483584.000055"
    },
    {
        "type": "message",
        "user": "U08EZP01H",
        "text": "great source of sideprojects",
        "ts": "1438483590.000056"
    },
    {
        "type": "message",
        "user": "U08DD8LNP",
        "text": "but once you get it installed you should be able to pretty much ignore all the ember stuff anyway aside from dealing with the handlebars template language",
        "ts": "1438483594.000057"
    },
    {
        "type": "message",
        "user": "U08C464NS",
        "text": "I'm working on HTML templates",
        "ts": "1438483607.000058"
    },
    {
        "type": "message",
        "user": "U08C464NS",
        "text": "but will be going to be soon (it's nearly 4am)",
        "ts": "1438483621.000059"
    },
    {
        "type": "message",
        "user": "U08DD8LNP",
        "text": "yeah if you'd rather go straight static mockups I can convert those easily enough into this as well once you're ready",
        "ts": "1438483636.000060"
    },
    {
        "type": "message",
        "user": "U08C464NS",
        "text": "Will think about it more tomorrow, my brain's fried :stuck_out_tongue:",
        "ts": "1438483637.000061"
    },
    {
        "type": "message",
        "user": "U08EZP01H",
        "text": "If you need another design hand, let me know. And don't hesitate to sleep!",
        "ts": "1438483641.000062"
    },
    {
        "type": "message",
        "user": "U08C464NS",
        "text": "<@U08EZP01H>: how are you at converting PSD to html\/css?",
        "ts": "1438483684.000063"
    },
    {
        "type": "message",
        "user": "U08DD8LNP",
        "text": "my goal is to get us a platform where you guys can go wild with design without caring much about the underlying architecture except as it relates to the high level structures we're still all trying to figure out :simple_smile:",
        "ts": "1438483692.000064"
    },
    {
        "type": "message",
        "user": "U08C464NS",
        "text": "I've gotten the nav\/basic layout sorted, so all you'd need to do is the main content area\/sidebar for each one",
        "ts": "1438483723.000065"
    },
    {
        "type": "message",
        "user": "U08EZP01H",
        "text": "I rarely convert from PSD to template, much more experience re-using templates",
        "ts": "1438483733.000066"
    },
    {
        "type": "message",
        "user": "U08C464NS",
        "text": "k, no problem",
        "ts": "1438483746.000067"
    },
    {
        "type": "message",
        "user": "U08EZP01H",
        "text": "I think Divshot is good stuff. Open Bazaar uses them",
        "ts": "1438483748.000068"
    },
    {
        "type": "message",
        "user": "U08EZP01H",
        "text": "no that's the wrong thing. if i can find you the name of the software I used to use, Ill msg you",
        "ts": "1438483785.000069"
    },
    {
        "type": "message",
        "user": "U08C464NS",
        "text": "it's ok man, I'll finish it tomorrow morning",
        "ts": "1438483809.000070"
    },
    {
        "type": "message",
        "user": "U08C464NS",
        "text": "ok I'm out. Later people",
        "ts": "1438483831.000071"
    },
    {
        "user": "U08CBD41G",
        "type": "message",
        "subtype": "channel_join",
        "text": "<@U08CBD41G|delitzer> has joined the channel",
        "ts": "1438487282.000072"
    },
    {
        "user": "U07GDL0H5",
        "type": "message",
        "subtype": "channel_join",
        "text": "<@U07GDL0H5|ryanxcharles> has joined the channel",
        "ts": "1438497363.000073"
    }
]