[
    {
        "type": "message",
        "user": "U08EZP01H",
        "text": "already inspiring spin-off logos <@U08C464NS> :grin: <https:\/\/pbs.twimg.com\/profile_images\/606139336522752000\/Pfy7xF4i_400x400.png>",
        "attachments": [
            {
                "fallback": "400x400px image",
                "image_url": "https:\/\/pbs.twimg.com\/profile_images\/606139336522752000\/Pfy7xF4i_400x400.png",
                "image_width": 400,
                "image_height": 400,
                "image_bytes": 13790,
                "from_url": "https:\/\/pbs.twimg.com\/profile_images\/606139336522752000\/Pfy7xF4i_400x400.png",
                "id": 1
            }
        ],
        "ts": "1440173015.000744"
    },
    {
        "type": "message",
        "user": "U08EZP01H",
        "text": "(thats <http:\/\/foundationcenter.org|foundationcenter.org>, came across my twitter feed)",
        "ts": "1440173060.000746"
    },
    {
        "type": "message",
        "user": "U08EZP01H",
        "text": "that typeface\/font makes my eye twitch tho'",
        "ts": "1440173121.000747"
    },
    {
        "type": "message",
        "user": "U07GDL0H5",
        "text": "haha",
        "ts": "1440173128.000748"
    },
    {
        "type": "message",
        "user": "U08ERPTQF",
        "text": "Hehe good thing we stuck with dots. Plus, the colorized F &amp; C within the logo seems very forced.",
        "ts": "1440183829.000749"
    }
]