[
    {
        "type": "message",
        "subtype": "file_comment",
        "text": "<@U08ERPTQF|paul_xbt> commented on <@U08C464NS|chris>'s file <https:\/\/dattnetwork.slack.com\/files\/chris\/F0GUHTC9E\/about.png|about.png>: <@U08C464NS>: the copy reads really well. The only thing we could add is about the ability for all users to curate\/moderate posts. It is loosely tied to the Your Network\/Your Content sections but it could also be a section on its own.",
        "file": {
            "id": "F0GUHTC9E",
            "created": 1450403668,
            "timestamp": 1450403668,
            "name": "about.png",
            "title": "about.png",
            "mimetype": "image\/png",
            "filetype": "png",
            "pretty_type": "PNG",
            "user": "U08C464NS",
            "editable": false,
            "size": 65759,
            "mode": "hosted",
            "is_external": false,
            "external_type": "",
            "is_public": true,
            "public_url_shared": false,
            "display_as_bot": false,
            "username": "",
            "url_private": "https:\/\/files.slack.com\/files-pri\/T07GDKW3U-F0GUHTC9E\/about.png?t=xoxe-7557676130-19603236052-19608971585-522f2efa97",
            "url_private_download": "https:\/\/files.slack.com\/files-pri\/T07GDKW3U-F0GUHTC9E\/download\/about.png?t=xoxe-7557676130-19603236052-19608971585-522f2efa97",
            "thumb_64": "https:\/\/files.slack.com\/files-tmb\/T07GDKW3U-F0GUHTC9E-49744db445\/about_64.png?t=xoxe-7557676130-19603236052-19608971585-522f2efa97",
            "thumb_80": "https:\/\/files.slack.com\/files-tmb\/T07GDKW3U-F0GUHTC9E-49744db445\/about_80.png?t=xoxe-7557676130-19603236052-19608971585-522f2efa97",
            "thumb_360": "https:\/\/files.slack.com\/files-tmb\/T07GDKW3U-F0GUHTC9E-49744db445\/about_360.png?t=xoxe-7557676130-19603236052-19608971585-522f2efa97",
            "thumb_360_w": 360,
            "thumb_360_h": 213,
            "thumb_480": "https:\/\/files.slack.com\/files-tmb\/T07GDKW3U-F0GUHTC9E-49744db445\/about_480.png?t=xoxe-7557676130-19603236052-19608971585-522f2efa97",
            "thumb_480_w": 480,
            "thumb_480_h": 284,
            "thumb_160": "https:\/\/files.slack.com\/files-tmb\/T07GDKW3U-F0GUHTC9E-49744db445\/about_160.png?t=xoxe-7557676130-19603236052-19608971585-522f2efa97",
            "thumb_720": "https:\/\/files.slack.com\/files-tmb\/T07GDKW3U-F0GUHTC9E-49744db445\/about_720.png?t=xoxe-7557676130-19603236052-19608971585-522f2efa97",
            "thumb_720_w": 720,
            "thumb_720_h": 425,
            "thumb_960": "https:\/\/files.slack.com\/files-tmb\/T07GDKW3U-F0GUHTC9E-49744db445\/about_960.png?t=xoxe-7557676130-19603236052-19608971585-522f2efa97",
            "thumb_960_w": 960,
            "thumb_960_h": 567,
            "thumb_1024": "https:\/\/files.slack.com\/files-tmb\/T07GDKW3U-F0GUHTC9E-49744db445\/about_1024.png?t=xoxe-7557676130-19603236052-19608971585-522f2efa97",
            "thumb_1024_w": 1024,
            "thumb_1024_h": 605,
            "image_exif_rotation": 1,
            "original_w": 1280,
            "original_h": 756,
            "permalink": "https:\/\/dattnetwork.slack.com\/files\/chris\/F0GUHTC9E\/about.png",
            "permalink_public": "https:\/\/slack-files.com\/T07GDKW3U-F0GUHTC9E-f70c46fcb3",
            "channels": [
                "C08F8UMGB"
            ],
            "groups": [

            ],
            "ims": [

            ],
            "comments_count": 2,
            "initial_comment": {
                "id": "Fc0GUH8PK9",
                "created": 1450403668,
                "timestamp": 1450403668,
                "user": "U08C464NS",
                "comment": "An idea for the about page. What do you think of the copy?"
            },
            "reactions": [
                {
                    "name": "+1",
                    "users": [
                        "U08ERPTQF"
                    ],
                    "count": 1
                }
            ]
        },
        "comment": {
            "id": "Fc0H38BTQF",
            "created": 1450676679,
            "timestamp": 1450676679,
            "user": "U08ERPTQF",
            "comment": "<@U08C464NS>: the copy reads really well. The only thing we could add is about the ability for all users to curate\/moderate posts. It is loosely tied to the Your Network\/Your Content sections but it could also be a section on its own."
        },
        "ts": "1450676679.000018"
    }
]