[
    {
        "type": "message",
        "user": "U08C464NS",
        "text": "Good stuff <@U08EZP01H> :simple_smile:",
        "ts": "1439103745.000588"
    },
    {
        "type": "message",
        "user": "U08C464NS",
        "text": "nice work <@U08MEV56D> :simple_smile: Notes for the designs are in the repo <https:\/\/github.com\/dattnetwork\/dattmedia\/blob\/master\/chris_NODE\/notes.txt> They cover the upvote buttons, the sub menu etc",
        "attachments": [
            {
                "service_name": "GitHub",
                "title": "dattnetwork\/dattmedia",
                "title_link": "https:\/\/github.com\/dattnetwork\/dattmedia\/blob\/master\/chris_NODE\/notes.txt",
                "text": "dattmedia - Design all the things.",
                "fallback": "GitHub: dattnetwork\/dattmedia",
                "thumb_url": "https:\/\/avatars0.githubusercontent.com\/u\/13266895?v=3&s=400",
                "from_url": "https:\/\/github.com\/dattnetwork\/dattmedia\/blob\/master\/chris_NODE\/notes.txt",
                "thumb_width": 214,
                "thumb_height": 214,
                "id": 1
            }
        ],
        "ts": "1439104743.000590"
    },
    {
        "type": "message",
        "user": "U08MEV56D",
        "text": "thanks <@U08C464NS>",
        "ts": "1439106179.000592"
    },
    {
        "type": "message",
        "user": "U08C464NS",
        "text": "The next few days I'm going to be working on more mockups for the Datt apps UI. Going to be showing how functions like search, posting, voting could work",
        "ts": "1439112594.000598",
        "reactions": [
            {
                "name": "+1",
                "users": [
                    "U08ERPTQF",
                    "U08DD8LNP"
                ],
                "count": 2
            }
        ]
    },
    {
        "type": "message",
        "user": "U08C464NS",
        "text": "<@U08MEV56D>:  Let me know when you get a bit further on the templates and we can go through them together to make them awesome :simple_smile:",
        "ts": "1439112759.000599"
    },
    {
        "type": "message",
        "user": "U08MEV56D",
        "text": "<@U08EZP01H> <@U08ERPTQF> <@U07GDL0H5> - I gave the splash page a makeover- any thoughts? a little more consistent across the board? <http:\/\/mashaal.github.io\/datt.co\/>",
        "edited": {
            "user": "U08MEV56D",
            "ts": "1439240354.000000"
        },
        "ts": "1439120446.000600"
    },
    {
        "type": "message",
        "user": "U08EZP01H",
        "text": "<@U08MEV56D>: I like the square corners better than the rounded corners definitely. I don't know if I like the menu items, I think the template is a bit more modern without the underlines and extra horizontal padding.",
        "ts": "1439138906.000603"
    },
    {
        "type": "message",
        "user": "U08EZP01H",
        "text": "ico looks great too!",
        "ts": "1439138925.000604"
    },
    {
        "type": "message",
        "user": "U08EZP01H",
        "text": "<@U08C464NS>: What are your thoughts on the font for <http:\/\/datt.co|datt.co>? It's open sans, which is great, but the font-weight feels a bit heavy to me.",
        "ts": "1439139225.000605"
    },
    {
        "type": "message",
        "user": "U08C464NS",
        "text": "yeah I think it's a bit too heavy too",
        "ts": "1439139260.000606"
    },
    {
        "type": "message",
        "user": "U08C464NS",
        "text": "You can use the thinner variants, and I use this for Firefox too",
        "ts": "1439139300.000607"
    },
    {
        "type": "message",
        "user": "U08C464NS",
        "text": "-webkit-font-smoothing: antialiased;\n\t-moz-osx-font-smoothing: grayscale;",
        "ts": "1439139300.000608"
    },
    {
        "type": "message",
        "user": "U08EZP01H",
        "text": "<@U08MEV56D>: Just realized you reduced the size of several elements as well. I like that a lot.",
        "ts": "1439139394.000609"
    },
    {
        "type": "message",
        "user": "U08ERPTQF",
        "text": "Nice work <@U08MEV56D> - When you're ready, just commit the changes to <http:\/\/Datt.co|Datt.co> on GitHub and I'll pull them live.",
        "ts": "1439148240.000610"
    },
    {
        "type": "message",
        "user": "U08MEV56D",
        "text": "thanks, i\u2019ll try and give the fonts a lighter weight \u2014 can remove the underlines from the menu, give a bigger padding",
        "ts": "1439148453.000611"
    },
    {
        "type": "message",
        "user": "U07GDL0H5",
        "text": "<@U08EZP01H>: awesome work on the flow. i think it looks great and is compatible with what we laid out in the docs for MVP. however i lean towards changing MVP to include payments for moderators and nodes. i don't think it's a good idea to promise \"mods and nodes work for free\" when that is not the intent.",
        "ts": "1439156059.000612"
    },
    {
        "type": "message",
        "user": "U08EZP01H",
        "text": "<@U07GDL0H5>: Thanks! I'd love to see node\/mod incentives in the MVP! I'll make another to reflect how that would look.",
        "ts": "1439156328.000613"
    },
    {
        "user": "U08F438SK",
        "type": "message",
        "subtype": "channel_join",
        "text": "<@U08F438SK|willy> has joined the channel",
        "ts": "1439180868.000615"
    },
    {
        "type": "message",
        "user": "U08F438SK",
        "text": "<@U08EZP01H> 's MVP document from 11hrs ago is very nice",
        "attachments": [
            {
                "service_name": "GitHub",
                "title": "dattnetwork\/dattmedia",
                "title_link": "https:\/\/github.com\/dattnetwork\/dattmedia\/blob\/master\/design_strategy\/Datt_ecosystem_map_MVP.pdf",
                "text": "dattmedia - Design all the things.",
                "fallback": "GitHub: dattnetwork\/dattmedia",
                "thumb_url": "https:\/\/avatars0.githubusercontent.com\/u\/13266895?v=3&s=400",
                "from_url": "https:\/\/github.com\/dattnetwork\/dattmedia\/blob\/master\/design_strategy\/Datt_ecosystem_map_MVP.pdf",
                "thumb_width": 214,
                "thumb_height": 214,
                "id": 1
            }
        ],
        "edited": {
            "user": "U08F438SK",
            "ts": "1439181005.000000"
        },
        "ts": "1439180916.000616"
    },
    {
        "type": "message",
        "user": "U08F438SK",
        "text": "oops, see that it was just posted -- had a stale slack view which did not include the 8pm post, my bad :simple_smile:",
        "ts": "1439180982.000619"
    },
    {
        "type": "message",
        "user": "U08EZP01H",
        "text": "<@U08F438SK>: Hey thanks! I'll be adding node \/ mod incentives to the next iteration!",
        "ts": "1439184741.000621"
    },
    {
        "type": "message",
        "user": "U08F438SK",
        "text": "great, can't wait to start implementing the incentives.",
        "ts": "1439185058.000622"
    },
    {
        "type": "message",
        "user": "U08F438SK",
        "text": "definitely tricky design questions there, engineering the right human incentives, will be cool to see what you come up with.",
        "ts": "1439185132.000623",
        "reactions": [
            {
                "name": "+1",
                "users": [
                    "U08ERPTQF"
                ],
                "count": 1
            }
        ]
    }
]