[
    {
        "type": "message",
        "subtype": "file_share",
        "text": "<@U08F438SK|willy> uploaded a file: <https:\/\/dattnetwork.slack.com\/files\/willy\/F0KF5EWA0\/datt-content-view-added-reply-heart-buttons.png|Moving towards @chris ' wonderful mockups: Content view> and commented: Screenshot of content view checked in under PR #91 (<https:\/\/github.com\/dattnetwork\/datt\/pull\/91> )",
        "file": {
            "id": "F0KF5EWA0",
            "created": 1453853292,
            "timestamp": 1453853292,
            "name": "datt-content-view-added-reply-heart-buttons.png",
            "title": "Moving towards @chris ' wonderful mockups: Content view",
            "mimetype": "image\/png",
            "filetype": "png",
            "pretty_type": "PNG",
            "user": "U08F438SK",
            "editable": false,
            "size": 26491,
            "mode": "hosted",
            "is_external": false,
            "external_type": "",
            "is_public": true,
            "public_url_shared": false,
            "display_as_bot": false,
            "username": "",
            "url_private": "https:\/\/files.slack.com\/files-pri\/T07GDKW3U-F0KF5EWA0\/datt-content-view-added-reply-heart-buttons.png?t=xoxe-7557676130-19603236052-19608971585-522f2efa97",
            "url_private_download": "https:\/\/files.slack.com\/files-pri\/T07GDKW3U-F0KF5EWA0\/download\/datt-content-view-added-reply-heart-buttons.png?t=xoxe-7557676130-19603236052-19608971585-522f2efa97",
            "thumb_64": "https:\/\/files.slack.com\/files-tmb\/T07GDKW3U-F0KF5EWA0-bb6e099d6b\/datt-content-view-added-reply-heart-buttons_64.png?t=xoxe-7557676130-19603236052-19608971585-522f2efa97",
            "thumb_80": "https:\/\/files.slack.com\/files-tmb\/T07GDKW3U-F0KF5EWA0-bb6e099d6b\/datt-content-view-added-reply-heart-buttons_80.png?t=xoxe-7557676130-19603236052-19608971585-522f2efa97",
            "thumb_360": "https:\/\/files.slack.com\/files-tmb\/T07GDKW3U-F0KF5EWA0-bb6e099d6b\/datt-content-view-added-reply-heart-buttons_360.png?t=xoxe-7557676130-19603236052-19608971585-522f2efa97",
            "thumb_360_w": 360,
            "thumb_360_h": 109,
            "thumb_480": "https:\/\/files.slack.com\/files-tmb\/T07GDKW3U-F0KF5EWA0-bb6e099d6b\/datt-content-view-added-reply-heart-buttons_480.png?t=xoxe-7557676130-19603236052-19608971585-522f2efa97",
            "thumb_480_w": 480,
            "thumb_480_h": 145,
            "thumb_160": "https:\/\/files.slack.com\/files-tmb\/T07GDKW3U-F0KF5EWA0-bb6e099d6b\/datt-content-view-added-reply-heart-buttons_160.png?t=xoxe-7557676130-19603236052-19608971585-522f2efa97",
            "thumb_720": "https:\/\/files.slack.com\/files-tmb\/T07GDKW3U-F0KF5EWA0-bb6e099d6b\/datt-content-view-added-reply-heart-buttons_720.png?t=xoxe-7557676130-19603236052-19608971585-522f2efa97",
            "thumb_720_w": 720,
            "thumb_720_h": 218,
            "thumb_960": "https:\/\/files.slack.com\/files-tmb\/T07GDKW3U-F0KF5EWA0-bb6e099d6b\/datt-content-view-added-reply-heart-buttons_960.png?t=xoxe-7557676130-19603236052-19608971585-522f2efa97",
            "thumb_960_w": 960,
            "thumb_960_h": 290,
            "thumb_1024": "https:\/\/files.slack.com\/files-tmb\/T07GDKW3U-F0KF5EWA0-bb6e099d6b\/datt-content-view-added-reply-heart-buttons_1024.png?t=xoxe-7557676130-19603236052-19608971585-522f2efa97",
            "thumb_1024_w": 1024,
            "thumb_1024_h": 310,
            "image_exif_rotation": 1,
            "original_w": 1234,
            "original_h": 373,
            "permalink": "https:\/\/dattnetwork.slack.com\/files\/willy\/F0KF5EWA0\/datt-content-view-added-reply-heart-buttons.png",
            "permalink_public": "https:\/\/slack-files.com\/T07GDKW3U-F0KF5EWA0-f963ca19f2",
            "channels": [
                "C08F8UMGB"
            ],
            "groups": [

            ],
            "ims": [

            ],
            "comments_count": 1,
            "initial_comment": {
                "id": "Fc0KFBPH0X",
                "created": 1453853292,
                "timestamp": 1453853292,
                "user": "U08F438SK",
                "comment": "Screenshot of content view checked in under PR #91 (<https:\/\/github.com\/dattnetwork\/datt\/pull\/91> )"
            },
            "reactions": [
                {
                    "name": "+1",
                    "users": [
                        "U07GDL0H5"
                    ],
                    "count": 1
                }
            ]
        },
        "user": "U08F438SK",
        "upload": true,
        "display_as_bot": false,
        "username": "<@U08F438SK|willy>",
        "bot_id": null,
        "ts": "1453853294.000004"
    },
    {
        "type": "message",
        "subtype": "file_share",
        "text": "<@U08F438SK|willy> uploaded a file: <https:\/\/dattnetwork.slack.com\/files\/willy\/F0KFCP23A\/datt-frontpage-in-progress.png|Moving towards @chris ' wonderful mockups: Front page> and commented: Screenshot of front page checked in under PR #91 (<https:\/\/github.com\/dattnetwork\/datt\/pull\/91> )",
        "file": {
            "id": "F0KFCP23A",
            "created": 1453853350,
            "timestamp": 1453853350,
            "name": "datt-frontpage-in-progress.png",
            "title": "Moving towards @chris ' wonderful mockups: Front page",
            "mimetype": "image\/png",
            "filetype": "png",
            "pretty_type": "PNG",
            "user": "U08F438SK",
            "editable": false,
            "size": 21176,
            "mode": "hosted",
            "is_external": false,
            "external_type": "",
            "is_public": true,
            "public_url_shared": false,
            "display_as_bot": false,
            "username": "",
            "url_private": "https:\/\/files.slack.com\/files-pri\/T07GDKW3U-F0KFCP23A\/datt-frontpage-in-progress.png?t=xoxe-7557676130-19603236052-19608971585-522f2efa97",
            "url_private_download": "https:\/\/files.slack.com\/files-pri\/T07GDKW3U-F0KFCP23A\/download\/datt-frontpage-in-progress.png?t=xoxe-7557676130-19603236052-19608971585-522f2efa97",
            "thumb_64": "https:\/\/files.slack.com\/files-tmb\/T07GDKW3U-F0KFCP23A-da7081f3f6\/datt-frontpage-in-progress_64.png?t=xoxe-7557676130-19603236052-19608971585-522f2efa97",
            "thumb_80": "https:\/\/files.slack.com\/files-tmb\/T07GDKW3U-F0KFCP23A-da7081f3f6\/datt-frontpage-in-progress_80.png?t=xoxe-7557676130-19603236052-19608971585-522f2efa97",
            "thumb_360": "https:\/\/files.slack.com\/files-tmb\/T07GDKW3U-F0KFCP23A-da7081f3f6\/datt-frontpage-in-progress_360.png?t=xoxe-7557676130-19603236052-19608971585-522f2efa97",
            "thumb_360_w": 360,
            "thumb_360_h": 118,
            "thumb_480": "https:\/\/files.slack.com\/files-tmb\/T07GDKW3U-F0KFCP23A-da7081f3f6\/datt-frontpage-in-progress_480.png?t=xoxe-7557676130-19603236052-19608971585-522f2efa97",
            "thumb_480_w": 480,
            "thumb_480_h": 157,
            "thumb_160": "https:\/\/files.slack.com\/files-tmb\/T07GDKW3U-F0KFCP23A-da7081f3f6\/datt-frontpage-in-progress_160.png?t=xoxe-7557676130-19603236052-19608971585-522f2efa97",
            "thumb_720": "https:\/\/files.slack.com\/files-tmb\/T07GDKW3U-F0KFCP23A-da7081f3f6\/datt-frontpage-in-progress_720.png?t=xoxe-7557676130-19603236052-19608971585-522f2efa97",
            "thumb_720_w": 720,
            "thumb_720_h": 235,
            "thumb_960": "https:\/\/files.slack.com\/files-tmb\/T07GDKW3U-F0KFCP23A-da7081f3f6\/datt-frontpage-in-progress_960.png?t=xoxe-7557676130-19603236052-19608971585-522f2efa97",
            "thumb_960_w": 960,
            "thumb_960_h": 314,
            "thumb_1024": "https:\/\/files.slack.com\/files-tmb\/T07GDKW3U-F0KFCP23A-da7081f3f6\/datt-frontpage-in-progress_1024.png?t=xoxe-7557676130-19603236052-19608971585-522f2efa97",
            "thumb_1024_w": 1024,
            "thumb_1024_h": 335,
            "image_exif_rotation": 1,
            "original_w": 1221,
            "original_h": 399,
            "permalink": "https:\/\/dattnetwork.slack.com\/files\/willy\/F0KFCP23A\/datt-frontpage-in-progress.png",
            "permalink_public": "https:\/\/slack-files.com\/T07GDKW3U-F0KFCP23A-71ed06eb61",
            "channels": [
                "C08F8UMGB"
            ],
            "groups": [

            ],
            "ims": [

            ],
            "comments_count": 1,
            "initial_comment": {
                "id": "Fc0KFBRFQF",
                "created": 1453853350,
                "timestamp": 1453853350,
                "user": "U08F438SK",
                "comment": "Screenshot of front page checked in under PR #91 (<https:\/\/github.com\/dattnetwork\/datt\/pull\/91> )"
            },
            "reactions": [
                {
                    "name": "+1",
                    "users": [
                        "U07GDL0H5"
                    ],
                    "count": 1
                }
            ]
        },
        "user": "U08F438SK",
        "upload": true,
        "display_as_bot": false,
        "username": "<@U08F438SK|willy>",
        "bot_id": null,
        "ts": "1453853355.000005"
    },
    {
        "type": "message",
        "subtype": "file_share",
        "text": "<@U08F438SK|willy> uploaded a file: <https:\/\/dattnetwork.slack.com\/files\/willy\/F0KFNQCCT\/datt-setup-modal-wip.png|Moving towards @chris ' wonderful mockups: Initial setup modal> and commented: Mapped to route '#\/setup' (see URL bar). Not interactive yet, just first view. Checked in under PR #91 (<https:\/\/github.com\/dattnetwork\/datt\/pull\/91>)",
        "file": {
            "id": "F0KFNQCCT",
            "created": 1453868070,
            "timestamp": 1453868070,
            "name": "datt-setup-modal-WIP.png",
            "title": "Moving towards @chris ' wonderful mockups: Initial setup modal",
            "mimetype": "image\/png",
            "filetype": "png",
            "pretty_type": "PNG",
            "user": "U08F438SK",
            "editable": false,
            "size": 28553,
            "mode": "hosted",
            "is_external": false,
            "external_type": "",
            "is_public": true,
            "public_url_shared": false,
            "display_as_bot": false,
            "username": "",
            "url_private": "https:\/\/files.slack.com\/files-pri\/T07GDKW3U-F0KFNQCCT\/datt-setup-modal-wip.png?t=xoxe-7557676130-19603236052-19608971585-522f2efa97",
            "url_private_download": "https:\/\/files.slack.com\/files-pri\/T07GDKW3U-F0KFNQCCT\/download\/datt-setup-modal-wip.png?t=xoxe-7557676130-19603236052-19608971585-522f2efa97",
            "thumb_64": "https:\/\/files.slack.com\/files-tmb\/T07GDKW3U-F0KFNQCCT-a876ef1dcf\/datt-setup-modal-wip_64.png?t=xoxe-7557676130-19603236052-19608971585-522f2efa97",
            "thumb_80": "https:\/\/files.slack.com\/files-tmb\/T07GDKW3U-F0KFNQCCT-a876ef1dcf\/datt-setup-modal-wip_80.png?t=xoxe-7557676130-19603236052-19608971585-522f2efa97",
            "thumb_360": "https:\/\/files.slack.com\/files-tmb\/T07GDKW3U-F0KFNQCCT-a876ef1dcf\/datt-setup-modal-wip_360.png?t=xoxe-7557676130-19603236052-19608971585-522f2efa97",
            "thumb_360_w": 360,
            "thumb_360_h": 144,
            "thumb_480": "https:\/\/files.slack.com\/files-tmb\/T07GDKW3U-F0KFNQCCT-a876ef1dcf\/datt-setup-modal-wip_480.png?t=xoxe-7557676130-19603236052-19608971585-522f2efa97",
            "thumb_480_w": 480,
            "thumb_480_h": 192,
            "thumb_160": "https:\/\/files.slack.com\/files-tmb\/T07GDKW3U-F0KFNQCCT-a876ef1dcf\/datt-setup-modal-wip_160.png?t=xoxe-7557676130-19603236052-19608971585-522f2efa97",
            "thumb_720": "https:\/\/files.slack.com\/files-tmb\/T07GDKW3U-F0KFNQCCT-a876ef1dcf\/datt-setup-modal-wip_720.png?t=xoxe-7557676130-19603236052-19608971585-522f2efa97",
            "thumb_720_w": 720,
            "thumb_720_h": 288,
            "thumb_960": "https:\/\/files.slack.com\/files-tmb\/T07GDKW3U-F0KFNQCCT-a876ef1dcf\/datt-setup-modal-wip_960.png?t=xoxe-7557676130-19603236052-19608971585-522f2efa97",
            "thumb_960_w": 960,
            "thumb_960_h": 385,
            "thumb_1024": "https:\/\/files.slack.com\/files-tmb\/T07GDKW3U-F0KFNQCCT-a876ef1dcf\/datt-setup-modal-wip_1024.png?t=xoxe-7557676130-19603236052-19608971585-522f2efa97",
            "thumb_1024_w": 1024,
            "thumb_1024_h": 410,
            "image_exif_rotation": 1,
            "original_w": 1041,
            "original_h": 417,
            "permalink": "https:\/\/dattnetwork.slack.com\/files\/willy\/F0KFNQCCT\/datt-setup-modal-wip.png",
            "permalink_public": "https:\/\/slack-files.com\/T07GDKW3U-F0KFNQCCT-f635cb160a",
            "channels": [
                "C08F8UMGB"
            ],
            "groups": [

            ],
            "ims": [

            ],
            "comments_count": 1,
            "initial_comment": {
                "id": "Fc0KFR57ND",
                "created": 1453868070,
                "timestamp": 1453868070,
                "user": "U08F438SK",
                "comment": "Mapped to route '#\/setup' (see URL bar). Not interactive yet, just first view. Checked in under PR #91 (<https:\/\/github.com\/dattnetwork\/datt\/pull\/91>)"
            },
            "reactions": [
                {
                    "name": "+1",
                    "users": [
                        "U07GDL0H5",
                        "U08MAKT70"
                    ],
                    "count": 2
                }
            ]
        },
        "user": "U08F438SK",
        "upload": true,
        "display_as_bot": false,
        "username": "<@U08F438SK|willy>",
        "bot_id": null,
        "ts": "1453868072.000006"
    }
]