[
    {
        "type": "message",
        "user": "U08E2KZM4",
        "text": "<@U08ERPTQF>, thx for the mention. <@U08MAKT70> Tradle\u2019s TiM uses a two step process. First the peer\u2019s public key, registered on the blockchain is fetched into your own address book and you do whatever is needed to verify that it corresponds to the right person\/org, second you use that pub key to locate the peer\u2019s IP\/port via the DHT. Now you can connect directly (assisted with the NAT traversal wizardry). Note that there is no hiding the IP\/port this way, but we are working on an improvement to this.",
        "ts": "1439716426.000619"
    },
    {
        "user": "U095A29EK",
        "type": "message",
        "subtype": "channel_join",
        "text": "<@U095A29EK|essofluffy> has joined the channel",
        "ts": "1439750882.000620"
    },
    {
        "user": "U08T3P50D",
        "type": "message",
        "subtype": "channel_join",
        "text": "<@U08T3P50D|yanislav> has joined the channel",
        "ts": "1439774385.000621"
    }
]