[
    {
        "type": "message",
        "user": "U08MAKT70",
        "text": "<@U07GDL0H5>:  What\u2019s the reason behind switching to fullnode? I thought you said it was too far away from finished to be useful.",
        "ts": "1443424828.000031"
    },
    {
        "type": "message",
        "user": "U07GDL0H5",
        "text": "<@U08MAKT70>: i like fullnode better. the only reason we weren't using it before was it was creating problems with ember. but ember works with node 4.0 now. and i'm not even using ember.",
        "ts": "1443461848.000032",
        "reactions": [
            {
                "name": "+1",
                "users": [
                    "U08MAKT70",
                    "U08D641AP"
                ],
                "count": 2
            }
        ]
    }
]