[
    {
        "type": "message",
        "user": "U08DH3ESU",
        "text": "Question on Lightning networks: Assuming we are using something like lightning network for duplex micropayments, are we thinking about implementing hops or would it only be 1 - 1 payments? The reason I am curious is because if we implement something like a lightning network with hops, then the intermediate notes are like clearing houses. This can be an legal issue. In the presentation done by Joseph Poon last month at SF Bitcoin devs refer to slides 21-25. Both Bob and Carol act just like clearing houses. Section 8 of the paper mentions that the network does not need clearing house but the I am still confused because whether the trust is placed on an entity programmatically or just by name like it happens today, they are clearing payments.",
        "ts": "1439814820.000622"
    },
    {
        "type": "message",
        "user": "U07GDL0H5",
        "text": "lightning network by definition has hops. if there are no hops, it's not lightning. note that the hops do not have access to the funds, so IMO traditional regulation shouldn't apply, but who knows how the government will interpret them.",
        "ts": "1439828501.000623"
    },
    {
        "user": "U0971JB4N",
        "type": "message",
        "subtype": "channel_join",
        "text": "<@U0971JB4N|raraymon> has joined the channel",
        "ts": "1439833723.000624"
    },
    {
        "type": "message",
        "user": "U08ERPTQF",
        "text": "Agree with <@U07GDL0H5> the hops shouldn't fall foul of regulation. If anything, they are providing complex escrow negotiations",
        "ts": "1439838691.000625"
    },
    {
        "user": "U08FJ080J",
        "type": "message",
        "subtype": "channel_join",
        "text": "<@U08FJ080J|drwasho> has joined the channel",
        "ts": "1439849836.000626"
    },
    {
        "type": "message",
        "user": "U08DH3ESU",
        "text": "There is a fee to be paid to the different hops in the network. Maybe traditional regulation might not apply, but the intermediate nodes are getting paid which mean that they are handling the money transferred. (From the paper (Section 8.5): Lightning Network Fees, which di\u000bffer from blockchain fees, are paid directly between participants within the channel. The fees pay for the time-value of money for consuming the channel for a determined maximum period of time, and for counterparty risk of non-communication.) (Slightly loose example) This is like a cheque transfer. I write the cheque only in the name of another person, but the bank handles it and there is a charge as commission. The bank does not access the funds directly in my account nor in the other person's account unless there is a risk involved.",
        "edited": {
            "user": "U08DH3ESU",
            "ts": "1439866323.000000"
        },
        "ts": "1439865886.000627"
    },
    {
        "type": "message",
        "user": "U08ERPTQF",
        "text": "<@U08DH3ESU>: this could differ by jurisdiction, but I would classify the payment channel fee as an escrow service fee, I am brokering the channel between multiple parties and ensuring that no party is cheating. That is a very different service to money transfer fees.",
        "ts": "1439872381.000629"
    },
    {
        "type": "message",
        "user": "U08DH3ESU",
        "text": "I understand, but there is a thin line of distinction. And in our case, we might be more interested in the point about payment channels being duplex rather than multiple hops for a payment.",
        "ts": "1439874604.000630"
    }
]