[
    {
        "type": "message",
        "user": "U08DD8LNP",
        "text": "<https:\/\/www.reddit.com\/r\/Bitcoin\/comments\/3h9cq4\/its_time_for_a_break_about_the_recent_mess\/>",
        "attachments": [
            {
                "service_name": "reddit",
                "title": "It's time for a break: About the recent mess &amp; temporary new rules \u2022 \/r\/Bitcoin",
                "title_link": "https:\/\/www.reddit.com\/r\/Bitcoin\/comments\/3h9cq4\/its_time_for_a_break_about_the_recent_mess\/",
                "text": "Unfortunately, I was on vacation this weekend, so I was unable to prevent \/r\/Bitcoin from becoming messy. Sorry about that. I and other moderators...",
                "fallback": "reddit: It's time for a break: About the recent mess &amp; temporary new rules \u2022 \/r\/Bitcoin",
                "thumb_url": "https:\/\/www.redditstatic.com\/icon.png",
                "from_url": "https:\/\/www.reddit.com\/r\/Bitcoin\/comments\/3h9cq4\/its_time_for_a_break_about_the_recent_mess\/",
                "thumb_width": 256,
                "thumb_height": 256,
                "id": 1
            }
        ],
        "ts": "1439796175.000420"
    },
    {
        "type": "message",
        "user": "U08F438SK",
        "text": "\"Facebook should pay all of us\": <http:\/\/www.newyorker.com\/business\/currency\/facebook-should-pay-all-of-us>",
        "attachments": [
            {
                "service_name": "The New Yorker",
                "title": "Facebook Should Pay All of Us - The New Yorker",
                "title_link": "http:\/\/www.newyorker.com\/business\/currency\/facebook-should-pay-all-of-us",
                "text": "We are Facebook\u2019s customers, but we are also its products and we are ultimately resold to others.",
                "fallback": "The New Yorker: Facebook Should Pay All of Us - The New Yorker",
                "image_url": "http:\/\/www.newyorker.com\/wp-content\/uploads\/2015\/08\/Wu-Facebook-Should-Pay-All-Of-Us-1200-630-14120724.jpg",
                "ts": 1439561638,
                "from_url": "http:\/\/www.newyorker.com\/business\/currency\/facebook-should-pay-all-of-us",
                "image_width": 476,
                "image_height": 250,
                "image_bytes": 303543,
                "id": 1
            }
        ],
        "ts": "1439798559.000422",
        "reactions": [
            {
                "name": "+1",
                "users": [
                    "U08CG8V89",
                    "U07GDL0H5",
                    "U095A29EK"
                ],
                "count": 3
            }
        ]
    },
    {
        "user": "U0971JB4N",
        "type": "message",
        "subtype": "channel_join",
        "text": "<@U0971JB4N|raraymon> has joined the channel",
        "ts": "1439833702.000424"
    },
    {
        "type": "message",
        "user": "U0971JB4N",
        "text": "Hello!  I'm guessing this channel probably has more to do with community structure and reign of Datt rather than community interaction ",
        "ts": "1439840541.000425"
    },
    {
        "type": "message",
        "user": "U0971JB4N",
        "text": "Design*",
        "ts": "1439840546.000426"
    },
    {
        "type": "message",
        "user": "U0971JB4N",
        "text": "If I'm reading things right right now getting engagement from people is not yet a priority ",
        "ts": "1439840694.000427"
    },
    {
        "type": "message",
        "user": "U08ERPTQF",
        "text": "<@U0971JB4N>: correct, we have some good ideas about the types of people\/communities we want to appeal to, but there's little point engaging them until we have a MVP",
        "ts": "1439843569.000428"
    }
]