[
    {
        "type": "message",
        "user": "U08EZP01H",
        "text": "<http:\/\/rdd.me\/wqcqcaas>",
        "ts": "1441551261.000135",
        "reactions": [
            {
                "name": "+1",
                "users": [
                    "U08ERPTQF",
                    "U08F438SK"
                ],
                "count": 2
            }
        ]
    },
    {
        "type": "message",
        "user": "U08EZP01H",
        "text": "Permissionless innovation ",
        "ts": "1441551281.000136"
    },
    {
        "type": "message",
        "user": "U08FJ080J",
        "text": "ZeroNet is pretty awesome",
        "ts": "1441589410.000002"
    },
    {
        "type": "message",
        "user": "U08ERPTQF",
        "text": "<http:\/\/dcurt.is\/twitter>",
        "attachments": [
            {
                "service_name": "Dustin Curtis on Svbtle",
                "title": "Fixing Twitter",
                "title_link": "http:\/\/dcurt.is\/twitter",
                "text": "Tech analyst Startup L. Jackson believes that Twitter\u2019s Product is Fucking Fine and that the company\u2019s next CEO needs to simply give the current team some room to get stuff done. No. I think Twitter badly needs to do at least five things to... | Dustin Curtis | Villain.",
                "fallback": "Dustin Curtis on Svbtle: Fixing Twitter",
                "thumb_url": "https:\/\/d27kszptu8mqwl.cloudfront.net\/GhOtcum4rbpO2RRCDXxaJDTBfc_large.png",
                "from_url": "http:\/\/dcurt.is\/twitter",
                "thumb_width": 500,
                "thumb_height": 500,
                "id": 1
            }
        ],
        "ts": "1441605836.000003"
    },
    {
        "type": "message",
        "user": "U08ERPTQF",
        "text": "Let's try to learn from this critique of Twitter to ensure that apps built on the Datt network can do all of this and more...",
        "ts": "1441605959.000005"
    },
    {
        "type": "message",
        "user": "U08FJ080J",
        "text": "Great post",
        "ts": "1441606449.000006"
    }
]