[
    {
        "type": "message",
        "user": "U08DGB0F2",
        "text": "<@U07GDL0H5>: The email beta sign up form throws an error if you include a space ' '. This prevents people from signing up who use their full name. Might want to check in on it.",
        "ts": "1440531337.000002"
    },
    {
        "type": "message",
        "user": "U07GDL0H5",
        "text": "hmmm all right thanks <@U08DGB0F2>",
        "ts": "1440534429.000003"
    },
    {
        "type": "message",
        "user": "U07GDL0H5",
        "text": "<@U08DGB0F2>: i tried putting spaces in the name and email address, and things seem to work for me on both firefox and chrome ... what browser\/platform are you using?",
        "ts": "1440534779.000004"
    }
]