[
    {
        "type": "message",
        "user": "U08ELNFTP",
        "text": "not sure what you mean by that\u2026. (not a dev)",
        "ts": "1444465106.000014"
    },
    {
        "type": "message",
        "user": "U08ELNFTP",
        "text": "but in addition, we are also hiring so I wanted to share this as well...",
        "ts": "1444465114.000015"
    },
    {
        "type": "message",
        "subtype": "file_share",
        "text": "<@U08ELNFTP|tonysakich> uploaded a file: <https:\/\/dattnetwork.slack.com\/files\/tonysakich\/F0C7JRDGT\/augurjobs.png|AugurJobs.png>",
        "file": {
            "id": "F0C7JRDGT",
            "created": 1444465123,
            "timestamp": 1444465123,
            "name": "AugurJobs.png",
            "title": "AugurJobs.png",
            "mimetype": "image\/png",
            "filetype": "png",
            "pretty_type": "PNG",
            "user": "U08ELNFTP",
            "editable": false,
            "size": 825172,
            "mode": "hosted",
            "is_external": false,
            "external_type": "",
            "is_public": true,
            "public_url_shared": false,
            "display_as_bot": false,
            "username": "",
            "url": "https:\/\/slack-files.com\/files-pub\/T07GDKW3U-F0C7JRDGT-7ae7fa9a1f\/augurjobs.png",
            "url_download": "https:\/\/slack-files.com\/files-pub\/T07GDKW3U-F0C7JRDGT-7ae7fa9a1f\/download\/augurjobs.png",
            "url_private": "https:\/\/files.slack.com\/files-pri\/T07GDKW3U-F0C7JRDGT\/augurjobs.png",
            "url_private_download": "https:\/\/files.slack.com\/files-pri\/T07GDKW3U-F0C7JRDGT\/download\/augurjobs.png",
            "thumb_64": "https:\/\/slack-files.com\/files-tmb\/T07GDKW3U-F0C7JRDGT-1592da9a10\/augurjobs_64.png",
            "thumb_80": "https:\/\/slack-files.com\/files-tmb\/T07GDKW3U-F0C7JRDGT-1592da9a10\/augurjobs_80.png",
            "thumb_360": "https:\/\/slack-files.com\/files-tmb\/T07GDKW3U-F0C7JRDGT-1592da9a10\/augurjobs_360.png",
            "thumb_360_w": 320,
            "thumb_360_h": 360,
            "thumb_480": "https:\/\/slack-files.com\/files-tmb\/T07GDKW3U-F0C7JRDGT-1592da9a10\/augurjobs_480.png",
            "thumb_480_w": 427,
            "thumb_480_h": 480,
            "thumb_160": "https:\/\/slack-files.com\/files-tmb\/T07GDKW3U-F0C7JRDGT-1592da9a10\/augurjobs_160.png",
            "thumb_720": "https:\/\/slack-files.com\/files-tmb\/T07GDKW3U-F0C7JRDGT-1592da9a10\/augurjobs_720.png",
            "thumb_720_w": 640,
            "thumb_720_h": 720,
            "image_exif_rotation": 1,
            "original_w": 720,
            "original_h": 810,
            "permalink": "https:\/\/dattnetwork.slack.com\/files\/tonysakich\/F0C7JRDGT\/augurjobs.png",
            "permalink_public": "https:\/\/slack-files.com\/T07GDKW3U-F0C7JRDGT-7ae7fa9a1f",
            "channels": [
                "C07GE13K7"
            ],
            "groups": [

            ],
            "ims": [

            ],
            "comments_count": 0
        },
        "user": "U08ELNFTP",
        "upload": true,
        "display_as_bot": false,
        "username": "<@U08ELNFTP|tonysakich>",
        "bot_id": null,
        "ts": "1444465125.000016"
    },
    {
        "user": "U0C7XL86S",
        "type": "message",
        "subtype": "channel_join",
        "text": "<@U0C7XL86S|drdave> has joined the channel",
        "ts": "1444500033.000017"
    },
    {
        "type": "message",
        "user": "U08EZP01H",
        "text": "<http:\/\/techcrunch.com\/2015\/10\/04\/why-the-internet-needs-ipfs-before-its-too-late\/?sr_share=facebook#.ctyh4q:XzPh>",
        "attachments": [
            {
                "service_name": "TechCrunch",
                "service_url": "http:\/\/techcrunch.com",
                "title": "Why The Internet Needs IPFS Before It\u2019s Too\u00a0Late",
                "title_link": "http:\/\/techcrunch.com\/2015\/10\/04\/why-the-internet-needs-ipfs-before-its-too-late\/?sr_share=facebook",
                "author_name": "Amber Case",
                "thumb_url": "https:\/\/i1.wp.com\/tctechcrunch2011.files.wordpress.com\/2015\/06\/linksweb.jpg?fit=200%2C150",
                "thumb_width": 200,
                "thumb_height": 133,
                "text": "IPFS isn\u2019t exactly a well-known technology yet, even among many in the Valley, but it\u2019s quickly spreading by word of mouth among folks in the open-source community. Many are excited by its potential to greatly improve file transfer and streaming speeds across the Internet. From my personal perspective, however, it\u2019s actually much more important than that. IPFS eliminates the need for websites to have a central origin server, making it perhaps our best chance to entirely re-architect the Internet -- before its own internal contradictions unravel it from within.",
                "fallback": "TechCrunch Link: Why The Internet Needs IPFS Before It&#8217;s Too&nbsp;Late",
                "from_url": "http:\/\/techcrunch.com\/2015\/10\/04\/why-the-internet-needs-ipfs-before-its-too-late\/?sr_share=facebook#.ctyh4q:XzPh",
                "id": 1
            }
        ],
        "ts": "1444538990.000018"
    }
]