[
    {
        "type": "message",
        "user": "U07GDL0H5",
        "text": "\"Since Fall 2015 has officially begun, I was wondering if the admins had any update on reddit notes? Did it already happen? If not, is it still going to happen?\" <https:\/\/www.reddit.com\/r\/lounge\/comments\/3npb8l\/since_fall_2015_has_officially_begun_i_was\/>",
        "ts": "1444159984.000005"
    },
    {
        "type": "message",
        "user": "U07GDL0H5",
        "text": "an example of the type of comment where it would be cool if this person could get paid <https:\/\/www.reddit.com\/r\/pics\/comments\/3nq9ek\/the_ruins_of_a_roman_colony_in_africa\/cvqh3kg>",
        "attachments": [
            {
                "service_name": "reddit",
                "title": "The ruins of a Roman colony in Africa. \u2022 \/r\/pics",
                "title_link": "https:\/\/www.reddit.com\/r\/pics\/comments\/3nq9ek\/the_ruins_of_a_roman_colony_in_africa\/cvqh3kg",
                "text": "6897 points and 2109 comments so far on reddit",
                "fallback": "reddit: The ruins of a Roman colony in Africa. \u2022 \/r\/pics",
                "thumb_url": "https:\/\/i.redditmedia.com\/hUYdjPG0tR3GeBo7JYC9QOnCU7T-plU9mqo9pPkDjkg.jpg?w=320&s=dd07ad4c3599c838ed9f420f8088e756",
                "from_url": "https:\/\/www.reddit.com\/r\/pics\/comments\/3nq9ek\/the_ruins_of_a_roman_colony_in_africa\/cvqh3kg",
                "thumb_width": 320,
                "thumb_height": 213,
                "id": 1
            }
        ],
        "ts": "1444179404.000006"
    }
]