[
    {
        "type": "message",
        "user": "U08EZP01H",
        "text": "reddit pushing harder for content curation <https:\/\/www.reddit.com\/r\/Entrepreneur\/comments\/3oqbvj\/hi_rentrepreneur_were_introducing_formative_by\/>",
        "attachments": [
            {
                "service_name": "reddit",
                "title": "Hi r\/Entrepreneur, we're introducing 'Formative' by Reddit + Google \u2022 \/r\/Entrepreneur",
                "title_link": "https:\/\/www.reddit.com\/r\/Entrepreneur\/comments\/3oqbvj\/hi_rentrepreneur_were_introducing_formative_by\/",
                "text": "**[You can watch the video announcement teaser here!](<https:\/\/youtu.be\/k3-_6g0kxrk> )** Hi r\/Entrepreneur! We\u2019re excited to announce a unique...",
                "fallback": "reddit: Hi r\/Entrepreneur, we're introducing 'Formative' by Reddit + Google \u2022 \/r\/Entrepreneur",
                "thumb_url": "https:\/\/www.redditstatic.com\/icon.png",
                "from_url": "https:\/\/www.reddit.com\/r\/Entrepreneur\/comments\/3oqbvj\/hi_rentrepreneur_were_introducing_formative_by\/",
                "thumb_width": 256,
                "thumb_height": 256,
                "id": 1
            }
        ],
        "ts": "1444840562.000021"
    },
    {
        "type": "message",
        "user": "U08FELZL7",
        "text": "For a moment there, I thought we were in trouble  :wink:",
        "ts": "1444870306.000023"
    },
    {
        "type": "message",
        "user": "U0AV4U333",
        "text": "We\u2019ll never be in trouble as long as we have a community",
        "ts": "1444889660.000024"
    }
]