[
    {
        "type": "message",
        "user": "U08C464NS",
        "text": "Y Combinator Research <http:\/\/blog.ycombinator.com\/yc-research>",
        "attachments": [
            {
                "service_name": "Y Combinator Posthaven",
                "title": "YC Research",
                "title_link": "http:\/\/blog.ycombinator.com\/yc-research",
                "text": "Our mission at YC is to enable as much innovation as we can. \u00a0Mostly this means funding startups. \u00a0But startups aren\u2019t ideal for some kinds of innovation\u2014for example, work that requires a very long...",
                "fallback": "Y Combinator Posthaven: YC Research",
                "from_url": "http:\/\/blog.ycombinator.com\/yc-research",
                "id": 1
            }
        ],
        "ts": "1444245690.000008",
        "reactions": [
            {
                "name": "+1",
                "users": [
                    "U08EZP01H",
                    "U07GDL0H5"
                ],
                "count": 2
            }
        ]
    }
]