[
    {
        "type": "message",
        "user": "U08F438SK",
        "text": "Fantastic idea :+1: ",
        "ts": "1440687233.000005"
    },
    {
        "type": "message",
        "user": "U08EZP01H",
        "text": "Hey! That's great. Super transparency.",
        "ts": "1440687375.000006"
    },
    {
        "type": "message",
        "user": "U08ERPTQF",
        "text": "Given that a lot of us are here because we believe in Datt, this article is particularly relevant too: <http:\/\/josephwalla.com\/your-job-as-a-founder-is-to-create-believers>",
        "attachments": [
            {
                "service_name": "startup thoughts",
                "title": "Your Job As a Founder Is to Create Believers",
                "title_link": "http:\/\/josephwalla.com\/your-job-as-a-founder-is-to-create-believers",
                "text": "Before we launched\u00a0HelloSign, I remember showing HelloFax to a family member. This person was normally supportive, but he took a glance and walked away. He wasn't the only one. A lot of people...",
                "fallback": "startup thoughts: Your Job As a Founder Is to Create Believers",
                "from_url": "http:\/\/josephwalla.com\/your-job-as-a-founder-is-to-create-believers",
                "id": 1
            }
        ],
        "ts": "1440709092.000007"
    },
    {
        "type": "message",
        "user": "U08F438SK",
        "text": ":+1: ",
        "ts": "1440714752.000009"
    },
    {
        "type": "message",
        "user": "U08F438SK",
        "text": "Y-Combinator Jan-Mar 2016 is now accepting applications: <http:\/\/www.ycombinator.com\/apply\/>",
        "ts": "1440724173.000010",
        "reactions": [
            {
                "name": "+1",
                "users": [
                    "U08MAKT70"
                ],
                "count": 1
            }
        ]
    },
    {
        "type": "message",
        "user": "U08F438SK",
        "text": "Y Combinator* ",
        "ts": "1440724198.000011"
    },
    {
        "type": "message",
        "user": "U08ERPTQF",
        "text": "<@U08F438SK>: yea we should be in a position to apply in the next week or so. <@U07GDL0H5> is also keen to apply to LAUNCH. And I'd like to engage Knight Foundation as well.",
        "ts": "1440724526.000012"
    }
]