[
    {
        "type": "message",
        "user": "U08MEV56D",
        "text": "<@U08DD8LNP>: <@U08F438SK> l: I did a quick integration of the design into the ui- it\u2019s here for now <https:\/\/github.com\/mashaal\/datt.ui>",
        "edited": {
            "user": "U08MEV56D",
            "ts": "1439460149.000000"
        },
        "ts": "1439460144.000708"
    },
    {
        "type": "message",
        "user": "U08ERPTQF",
        "text": "Nice work <@U08MEV56D>",
        "ts": "1439461477.000711"
    },
    {
        "type": "message",
        "user": "U08DH3ESU",
        "text": "Very impressive. Great job.",
        "ts": "1439462494.000712"
    },
    {
        "type": "message",
        "user": "U08DD8LNP",
        "text": "<@U08MEV56D>: you should build and push",
        "ts": "1439464298.000713"
    },
    {
        "type": "message",
        "user": "U08DD8LNP",
        "text": "ember build -prod",
        "ts": "1439464304.000714"
    },
    {
        "type": "message",
        "user": "U08DD8LNP",
        "text": "then copy the contents of dist over this repo: <https:\/\/github.com\/dattnetwork\/dattnetwork.github.io>",
        "attachments": [
            {
                "service_name": "GitHub",
                "title": "dattnetwork\/dattnetwork.github.io",
                "title_link": "https:\/\/github.com\/dattnetwork\/dattnetwork.github.io",
                "text": "<http:\/\/dattnetwork.github.io|dattnetwork.github.io> - Example build of datt.ui",
                "fallback": "GitHub: dattnetwork\/dattnetwork.github.io",
                "thumb_url": "https:\/\/avatars0.githubusercontent.com\/u\/13266895?v=3&s=400",
                "from_url": "https:\/\/github.com\/dattnetwork\/dattnetwork.github.io",
                "thumb_width": 214,
                "thumb_height": 214,
                "id": 1
            }
        ],
        "ts": "1439464327.000715"
    },
    {
        "type": "message",
        "user": "U08DD8LNP",
        "text": "Or I can do that, just want to demystify it",
        "ts": "1439464352.000717"
    },
    {
        "type": "message",
        "user": "U08DD8LNP",
        "text": "<http:\/\/dattnetwork.github.io\/> looks cool",
        "ts": "1439465034.000718"
    },
    {
        "type": "message",
        "user": "U08MEV56D",
        "text": "nice- its a start :cop:",
        "ts": "1439469991.000719"
    },
    {
        "type": "message",
        "user": "U08C464NS",
        "text": "New ideas for the balance view. I've added a dropdown area that expands and shows some more information. Also, for the minority of users who want to look through the transaction details, they could export their transaction history as a CSV file",
        "ts": "1439471947.000720",
        "reactions": [
            {
                "name": "+1",
                "users": [
                    "U08ERPTQF"
                ],
                "count": 1
            }
        ]
    },
    {
        "type": "message",
        "user": "U08C464NS",
        "text": "I'm trying to keep the view as simple as possible, because I think most people won't need super in depth details",
        "ts": "1439471981.000721"
    },
    {
        "type": "message",
        "subtype": "file_share",
        "text": "<@U08C464NS|chris> uploaded a file: <https:\/\/dattnetwork.slack.com\/files\/chris\/F092543SL\/balance.png|balance.png>",
        "file": {
            "id": "F092543SL",
            "created": 1439472011,
            "timestamp": 1439472011,
            "name": "balance.png",
            "title": "balance.png",
            "mimetype": "image\/png",
            "filetype": "png",
            "pretty_type": "PNG",
            "user": "U08C464NS",
            "editable": false,
            "size": 95161,
            "mode": "hosted",
            "is_external": false,
            "external_type": "",
            "is_public": true,
            "public_url_shared": false,
            "display_as_bot": false,
            "username": "",
            "url": "https:\/\/slack-files.com\/files-pub\/T07GDKW3U-F092543SL-506bfc9c60\/balance.png",
            "url_download": "https:\/\/slack-files.com\/files-pub\/T07GDKW3U-F092543SL-506bfc9c60\/download\/balance.png",
            "url_private": "https:\/\/files.slack.com\/files-pri\/T07GDKW3U-F092543SL\/balance.png",
            "url_private_download": "https:\/\/files.slack.com\/files-pri\/T07GDKW3U-F092543SL\/download\/balance.png",
            "thumb_64": "https:\/\/slack-files.com\/files-tmb\/T07GDKW3U-F092543SL-b811605990\/balance_64.png",
            "thumb_80": "https:\/\/slack-files.com\/files-tmb\/T07GDKW3U-F092543SL-b811605990\/balance_80.png",
            "thumb_360": "https:\/\/slack-files.com\/files-tmb\/T07GDKW3U-F092543SL-b811605990\/balance_360.png",
            "thumb_360_w": 360,
            "thumb_360_h": 194,
            "thumb_480": "https:\/\/slack-files.com\/files-tmb\/T07GDKW3U-F092543SL-b811605990\/balance_480.png",
            "thumb_480_w": 480,
            "thumb_480_h": 259,
            "thumb_160": "https:\/\/slack-files.com\/files-tmb\/T07GDKW3U-F092543SL-b811605990\/balance_160.png",
            "thumb_720": "https:\/\/slack-files.com\/files-tmb\/T07GDKW3U-F092543SL-b811605990\/balance_720.png",
            "thumb_720_w": 720,
            "thumb_720_h": 388,
            "thumb_960": "https:\/\/slack-files.com\/files-tmb\/T07GDKW3U-F092543SL-b811605990\/balance_960.png",
            "thumb_960_w": 960,
            "thumb_960_h": 518,
            "thumb_1024": "https:\/\/slack-files.com\/files-tmb\/T07GDKW3U-F092543SL-b811605990\/balance_1024.png",
            "thumb_1024_w": 1024,
            "thumb_1024_h": 552,
            "image_exif_rotation": 1,
            "original_w": 1280,
            "original_h": 690,
            "permalink": "https:\/\/dattnetwork.slack.com\/files\/chris\/F092543SL\/balance.png",
            "permalink_public": "https:\/\/slack-files.com\/T07GDKW3U-F092543SL-506bfc9c60",
            "channels": [
                "C08F8UMGB"
            ],
            "groups": [

            ],
            "ims": [

            ],
            "comments_count": 0
        },
        "user": "U08C464NS",
        "upload": true,
        "display_as_bot": false,
        "username": "<@U08C464NS|chris>",
        "bot_id": null,
        "ts": "1439472016.000722"
    },
    {
        "type": "message",
        "subtype": "file_share",
        "text": "<@U08C464NS|chris> uploaded a file: <https:\/\/dattnetwork.slack.com\/files\/chris\/F0925CU14\/balance_dropdown.png|balance_dropdown.png>",
        "file": {
            "id": "F0925CU14",
            "created": 1439472025,
            "timestamp": 1439472025,
            "name": "balance_dropdown.png",
            "title": "balance_dropdown.png",
            "mimetype": "image\/png",
            "filetype": "png",
            "pretty_type": "PNG",
            "user": "U08C464NS",
            "editable": false,
            "size": 70044,
            "mode": "hosted",
            "is_external": false,
            "external_type": "",
            "is_public": true,
            "public_url_shared": false,
            "display_as_bot": false,
            "username": "",
            "url": "https:\/\/slack-files.com\/files-pub\/T07GDKW3U-F0925CU14-55449b7624\/balance_dropdown.png",
            "url_download": "https:\/\/slack-files.com\/files-pub\/T07GDKW3U-F0925CU14-55449b7624\/download\/balance_dropdown.png",
            "url_private": "https:\/\/files.slack.com\/files-pri\/T07GDKW3U-F0925CU14\/balance_dropdown.png",
            "url_private_download": "https:\/\/files.slack.com\/files-pri\/T07GDKW3U-F0925CU14\/download\/balance_dropdown.png",
            "thumb_64": "https:\/\/slack-files.com\/files-tmb\/T07GDKW3U-F0925CU14-9a1f5ff0c9\/balance_dropdown_64.png",
            "thumb_80": "https:\/\/slack-files.com\/files-tmb\/T07GDKW3U-F0925CU14-9a1f5ff0c9\/balance_dropdown_80.png",
            "thumb_360": "https:\/\/slack-files.com\/files-tmb\/T07GDKW3U-F0925CU14-9a1f5ff0c9\/balance_dropdown_360.png",
            "thumb_360_w": 360,
            "thumb_360_h": 194,
            "thumb_480": "https:\/\/slack-files.com\/files-tmb\/T07GDKW3U-F0925CU14-9a1f5ff0c9\/balance_dropdown_480.png",
            "thumb_480_w": 480,
            "thumb_480_h": 259,
            "thumb_160": "https:\/\/slack-files.com\/files-tmb\/T07GDKW3U-F0925CU14-9a1f5ff0c9\/balance_dropdown_160.png",
            "thumb_720": "https:\/\/slack-files.com\/files-tmb\/T07GDKW3U-F0925CU14-9a1f5ff0c9\/balance_dropdown_720.png",
            "thumb_720_w": 720,
            "thumb_720_h": 388,
            "thumb_960": "https:\/\/slack-files.com\/files-tmb\/T07GDKW3U-F0925CU14-9a1f5ff0c9\/balance_dropdown_960.png",
            "thumb_960_w": 960,
            "thumb_960_h": 518,
            "thumb_1024": "https:\/\/slack-files.com\/files-tmb\/T07GDKW3U-F0925CU14-9a1f5ff0c9\/balance_dropdown_1024.png",
            "thumb_1024_w": 1024,
            "thumb_1024_h": 552,
            "image_exif_rotation": 1,
            "original_w": 1280,
            "original_h": 690,
            "permalink": "https:\/\/dattnetwork.slack.com\/files\/chris\/F0925CU14\/balance_dropdown.png",
            "permalink_public": "https:\/\/slack-files.com\/T07GDKW3U-F0925CU14-55449b7624",
            "channels": [
                "C08F8UMGB"
            ],
            "groups": [

            ],
            "ims": [

            ],
            "comments_count": 0
        },
        "user": "U08C464NS",
        "upload": true,
        "display_as_bot": false,
        "username": "<@U08C464NS|chris>",
        "bot_id": null,
        "ts": "1439472030.000723"
    },
    {
        "type": "message",
        "user": "U08ERPTQF",
        "text": "<@U08C464NS>: love it!",
        "ts": "1439497654.000724"
    },
    {
        "type": "message",
        "user": "U08EZP01H",
        "text": "<@U08C464NS> that looks amazing. really like that drop down.",
        "ts": "1439513972.000725"
    },
    {
        "type": "message",
        "user": "U08EZP01H",
        "text": "an update from me: i'm hoping to close out a client project tomorrow and then I'll be taking another dive into ux methods\/research\/whatever else i can do",
        "ts": "1439514063.000726",
        "reactions": [
            {
                "name": "+1",
                "users": [
                    "U08ERPTQF",
                    "U08F438SK"
                ],
                "count": 2
            }
        ]
    },
    {
        "type": "message",
        "user": "U08DD8LNP",
        "text": "I did a ux mock based on <@U08C464NS>\u2019s diagram yesterday for initial voting setup",
        "ts": "1439516009.000727"
    },
    {
        "type": "message",
        "user": "U08DD8LNP",
        "text": "<http:\/\/dattnetwork.github.io\/>",
        "ts": "1439516013.000728"
    },
    {
        "type": "message",
        "user": "U08DD8LNP",
        "text": "no style, just bootstrap and trying to find a flow",
        "ts": "1439516034.000729"
    },
    {
        "type": "message",
        "user": "U08DD8LNP",
        "text": "and there was much rejoicing: <http:\/\/emberjs.com\/blog\/2015\/08\/13\/ember-2-0-released.html>",
        "attachments": [
            {
                "title": "Ember.js: Ember.js 2.0 Released",
                "title_link": "http:\/\/emberjs.com\/blog\/2015\/08\/13\/ember-2-0-released.html",
                "text": "Ember.js helps developers be more productive out of the box. Designed with developer ergonomics in mind, its friendly APIs help you get your job done\u2014fast.",
                "fallback": "Ember.js: Ember.js 2.0 Released",
                "thumb_url": "http:\/\/emberjs.com\/images\/tomster-sm.png",
                "from_url": "http:\/\/emberjs.com\/blog\/2015\/08\/13\/ember-2-0-released.html",
                "thumb_width": 220,
                "thumb_height": 220,
                "id": 1
            }
        ],
        "ts": "1439521403.000730"
    },
    {
        "type": "message",
        "user": "U08DD8LNP",
        "text": "I\u2019ll work on getting things updated this weekend",
        "ts": "1439521411.000732"
    },
    {
        "type": "message",
        "user": "U08ERPTQF",
        "text": "<@U08DD8LNP>: yep saw that on HN earlier, but since it's mostly deprecating views and other legacy methods I'd expect there isn't too much for you to update in the current datt.ui repo :simple_smile:",
        "ts": "1439523011.000733"
    },
    {
        "type": "message",
        "user": "U08DD8LNP",
        "text": "yeah shouldn\u2019t be",
        "ts": "1439524330.000734"
    },
    {
        "type": "message",
        "user": "U08DD8LNP",
        "text": "it\u2019s a bigger deal for my day job, I maintain some pretty crazy apps, the churn they talk about was very real and very harsh the past few weeks",
        "ts": "1439524361.000735"
    },
    {
        "type": "message",
        "user": "U08DD8LNP",
        "text": "not quite as bad as the pre 1.0 ember days though",
        "ts": "1439524369.000736"
    },
    {
        "type": "message",
        "user": "U08ERPTQF",
        "text": "Ouch, hopefully the addons will extend your runway a bit for those crazy apps",
        "ts": "1439524406.000737"
    },
    {
        "type": "message",
        "user": "U08DD8LNP",
        "text": "we\u2019ve already been preparing this so it wont be so bad aside from our one big app that is still on 1.12",
        "ts": "1439524450.000738"
    }
]