[
    {
        "type": "message",
        "user": "U08C464NS",
        "text": "Updated balance view with <@U08ERPTQF>'s idea for a filter to see the different transaction types. <https:\/\/github.com\/dattnetwork\/dattmedia\/blob\/master\/UI_Mockups\/Image_Mockups\/Standard\/balance.png>",
        "attachments": [
            {
                "service_name": "GitHub",
                "title": "dattnetwork\/dattmedia",
                "title_link": "https:\/\/github.com\/dattnetwork\/dattmedia\/blob\/master\/UI_Mockups\/Image_Mockups\/Standard\/balance.png",
                "text": "dattmedia - Design all the things.",
                "fallback": "GitHub: dattnetwork\/dattmedia",
                "thumb_url": "https:\/\/avatars0.githubusercontent.com\/u\/13266895?v=3&s=400",
                "from_url": "https:\/\/github.com\/dattnetwork\/dattmedia\/blob\/master\/UI_Mockups\/Image_Mockups\/Standard\/balance.png",
                "thumb_width": 214,
                "thumb_height": 214,
                "id": 1
            }
        ],
        "ts": "1439386027.000663"
    },
    {
        "type": "message",
        "subtype": "file_share",
        "text": "<@U08CG8V89|c_prompt> uploaded a file: <https:\/\/dattnetwork.slack.com\/files\/c_prompt\/F090GD3FG\/valme_register.png|valME register.png> and commented: <@U08C464NS>:  a few suggestions from a functionality perspective (maybe not appropriate for the MVP but some things to consider):\r\n- in the description (or another column), it will be useful to have the node\/community this transaction is associated with. this will make it easier later to analyze contributions and rewards by users in specific nodes\/communities (e.g., who is adding the most\/least value, who is posting\/commenting the most\/least, spam\/vote manipulation analysis)\r\n- because the number of transactions could eventually be very large, it would be useful to be able to search for transactions (e.g. quickly show me all transactions in community X, find the post i tipped about bitcoin-xt)\r\n- it would be useful to be able to quickly see what percentages of your earnings are from different communities (e.g., 15% of my bitcoin earned was from posting in \/news, 20% from \/bitcoin)\r\n- it would be useful to be able to quickly see what percentages of your earnings are from different transaction types (e.g., 20% from tips, 30% from upvotes, 15% from contest awards) and, even better, if you could do it by community\r\n\r\nvalME shows these ideas on a transaction register page and a wallet page with a javascript search that can show only relevant transactions with the keyword. here are a few images to give you some ideas:",
        "file": {
            "id": "F090GD3FG",
            "created": 1439389167,
            "timestamp": 1439389167,
            "name": "valME register.png",
            "title": "valME register.png",
            "mimetype": "image\/png",
            "filetype": "png",
            "pretty_type": "PNG",
            "user": "U08CG8V89",
            "editable": false,
            "size": 42765,
            "mode": "hosted",
            "is_external": false,
            "external_type": "",
            "is_public": true,
            "public_url_shared": false,
            "display_as_bot": false,
            "username": "",
            "url": "https:\/\/slack-files.com\/files-pub\/T07GDKW3U-F090GD3FG-e58dc97fe5\/valme_register.png",
            "url_download": "https:\/\/slack-files.com\/files-pub\/T07GDKW3U-F090GD3FG-e58dc97fe5\/download\/valme_register.png",
            "url_private": "https:\/\/files.slack.com\/files-pri\/T07GDKW3U-F090GD3FG\/valme_register.png",
            "url_private_download": "https:\/\/files.slack.com\/files-pri\/T07GDKW3U-F090GD3FG\/download\/valme_register.png",
            "thumb_64": "https:\/\/slack-files.com\/files-tmb\/T07GDKW3U-F090GD3FG-5a7afca733\/valme_register_64.png",
            "thumb_80": "https:\/\/slack-files.com\/files-tmb\/T07GDKW3U-F090GD3FG-5a7afca733\/valme_register_80.png",
            "thumb_360": "https:\/\/slack-files.com\/files-tmb\/T07GDKW3U-F090GD3FG-5a7afca733\/valme_register_360.png",
            "thumb_360_w": 360,
            "thumb_360_h": 223,
            "thumb_480": "https:\/\/slack-files.com\/files-tmb\/T07GDKW3U-F090GD3FG-5a7afca733\/valme_register_480.png",
            "thumb_480_w": 480,
            "thumb_480_h": 298,
            "thumb_160": "https:\/\/slack-files.com\/files-tmb\/T07GDKW3U-F090GD3FG-5a7afca733\/valme_register_160.png",
            "thumb_720": "https:\/\/slack-files.com\/files-tmb\/T07GDKW3U-F090GD3FG-5a7afca733\/valme_register_720.png",
            "thumb_720_w": 720,
            "thumb_720_h": 447,
            "image_exif_rotation": 1,
            "original_w": 875,
            "original_h": 543,
            "permalink": "https:\/\/dattnetwork.slack.com\/files\/c_prompt\/F090GD3FG\/valme_register.png",
            "permalink_public": "https:\/\/slack-files.com\/T07GDKW3U-F090GD3FG-e58dc97fe5",
            "channels": [
                "C08F8UMGB"
            ],
            "groups": [

            ],
            "ims": [

            ],
            "comments_count": 1,
            "initial_comment": {
                "id": "Fc090GJTHT",
                "created": 1439389167,
                "timestamp": 1439389167,
                "user": "U08CG8V89",
                "comment": "<@U08C464NS>:  a few suggestions from a functionality perspective (maybe not appropriate for the MVP but some things to consider):\r\n- in the description (or another column), it will be useful to have the node\/community this transaction is associated with. this will make it easier later to analyze contributions and rewards by users in specific nodes\/communities (e.g., who is adding the most\/least value, who is posting\/commenting the most\/least, spam\/vote manipulation analysis)\r\n- because the number of transactions could eventually be very large, it would be useful to be able to search for transactions (e.g. quickly show me all transactions in community X, find the post i tipped about bitcoin-xt)\r\n- it would be useful to be able to quickly see what percentages of your earnings are from different communities (e.g., 15% of my bitcoin earned was from posting in \/news, 20% from \/bitcoin)\r\n- it would be useful to be able to quickly see what percentages of your earnings are from different transaction types (e.g., 20% from tips, 30% from upvotes, 15% from contest awards) and, even better, if you could do it by community\r\n\r\nvalME shows these ideas on a transaction register page and a wallet page with a javascript search that can show only relevant transactions with the keyword. here are a few images to give you some ideas:"
            }
        },
        "user": "U08CG8V89",
        "upload": true,
        "display_as_bot": false,
        "username": "<@U08CG8V89|c_prompt>",
        "bot_id": null,
        "ts": "1439389171.000665"
    },
    {
        "type": "message",
        "subtype": "file_share",
        "text": "<@U08CG8V89|c_prompt> uploaded a file: <https:\/\/dattnetwork.slack.com\/files\/c_prompt\/F090G5H32\/valme_wallet.png|valME wallet.png>",
        "file": {
            "id": "F090G5H32",
            "created": 1439389172,
            "timestamp": 1439389172,
            "name": "valME wallet.png",
            "title": "valME wallet.png",
            "mimetype": "image\/png",
            "filetype": "png",
            "pretty_type": "PNG",
            "user": "U08CG8V89",
            "editable": false,
            "size": 51340,
            "mode": "hosted",
            "is_external": false,
            "external_type": "",
            "is_public": true,
            "public_url_shared": false,
            "display_as_bot": false,
            "username": "",
            "url": "https:\/\/slack-files.com\/files-pub\/T07GDKW3U-F090G5H32-5c56c59b44\/valme_wallet.png",
            "url_download": "https:\/\/slack-files.com\/files-pub\/T07GDKW3U-F090G5H32-5c56c59b44\/download\/valme_wallet.png",
            "url_private": "https:\/\/files.slack.com\/files-pri\/T07GDKW3U-F090G5H32\/valme_wallet.png",
            "url_private_download": "https:\/\/files.slack.com\/files-pri\/T07GDKW3U-F090G5H32\/download\/valme_wallet.png",
            "thumb_64": "https:\/\/slack-files.com\/files-tmb\/T07GDKW3U-F090G5H32-453d1e7970\/valme_wallet_64.png",
            "thumb_80": "https:\/\/slack-files.com\/files-tmb\/T07GDKW3U-F090G5H32-453d1e7970\/valme_wallet_80.png",
            "thumb_360": "https:\/\/slack-files.com\/files-tmb\/T07GDKW3U-F090G5H32-453d1e7970\/valme_wallet_360.png",
            "thumb_360_w": 360,
            "thumb_360_h": 237,
            "thumb_480": "https:\/\/slack-files.com\/files-tmb\/T07GDKW3U-F090G5H32-453d1e7970\/valme_wallet_480.png",
            "thumb_480_w": 480,
            "thumb_480_h": 316,
            "thumb_160": "https:\/\/slack-files.com\/files-tmb\/T07GDKW3U-F090G5H32-453d1e7970\/valme_wallet_160.png",
            "thumb_720": "https:\/\/slack-files.com\/files-tmb\/T07GDKW3U-F090G5H32-453d1e7970\/valme_wallet_720.png",
            "thumb_720_w": 720,
            "thumb_720_h": 474,
            "image_exif_rotation": 1,
            "original_w": 906,
            "original_h": 596,
            "permalink": "https:\/\/dattnetwork.slack.com\/files\/c_prompt\/F090G5H32\/valme_wallet.png",
            "permalink_public": "https:\/\/slack-files.com\/T07GDKW3U-F090G5H32-5c56c59b44",
            "channels": [
                "C08F8UMGB"
            ],
            "groups": [

            ],
            "ims": [

            ],
            "comments_count": 0
        },
        "user": "U08CG8V89",
        "upload": true,
        "display_as_bot": false,
        "username": "<@U08CG8V89|c_prompt>",
        "bot_id": null,
        "ts": "1439389176.000666"
    },
    {
        "type": "message",
        "user": "U08F438SK",
        "text": "<@U08CG8V89> :+1: ",
        "ts": "1439403402.000667"
    },
    {
        "type": "message",
        "user": "U08F438SK",
        "text": "Shows contributors where their time is valued most",
        "ts": "1439403434.000668"
    },
    {
        "type": "message",
        "user": "U08ERPTQF",
        "text": "Agree with the vision to show users where money has flowed to\/from. <@U08C464NS> my original idea was to have a breakdown of the balance into 4 parts across the top. I'll try to do a simple mockup to illustrate this :) it just won't be pretty",
        "ts": "1439406641.000669"
    },
    {
        "type": "message",
        "user": "U08C464NS",
        "text": "Thanks for the ideas people. I'll work on some more designs",
        "ts": "1439406972.000670"
    },
    {
        "type": "message",
        "subtype": "file_share",
        "text": "<@U08ERPTQF|paul_xbt> uploaded a file: <https:\/\/dattnetwork.slack.com\/files\/paul_xbt\/F09165CPL\/pasted_image_at_2015_08_13_08_57_am.png|Rough mockup of sub-total bar between balance and transaction table> and commented: <@U08C464NS>: This is (very) roughly what I had in mind... It may not be obvious to the user but they can click to sort the table to just incoming votes for example",
        "file": {
            "id": "F09165CPL",
            "created": 1439413156,
            "timestamp": 1439413156,
            "name": "Pasted image at 2015_08_13 08_57 AM.png",
            "title": "Rough mockup of sub-total bar between balance and transaction table",
            "mimetype": "image\/png",
            "filetype": "png",
            "pretty_type": "PNG",
            "user": "U08ERPTQF",
            "editable": false,
            "size": 58271,
            "mode": "hosted",
            "is_external": false,
            "external_type": "",
            "is_public": true,
            "public_url_shared": false,
            "display_as_bot": false,
            "username": "",
            "url": "https:\/\/slack-files.com\/files-pub\/T07GDKW3U-F09165CPL-bb458ff3c4\/pasted_image_at_2015_08_13_08_57_am.png",
            "url_download": "https:\/\/slack-files.com\/files-pub\/T07GDKW3U-F09165CPL-bb458ff3c4\/download\/pasted_image_at_2015_08_13_08_57_am.png",
            "url_private": "https:\/\/files.slack.com\/files-pri\/T07GDKW3U-F09165CPL\/pasted_image_at_2015_08_13_08_57_am.png",
            "url_private_download": "https:\/\/files.slack.com\/files-pri\/T07GDKW3U-F09165CPL\/download\/pasted_image_at_2015_08_13_08_57_am.png",
            "thumb_64": "https:\/\/slack-files.com\/files-tmb\/T07GDKW3U-F09165CPL-6bd228212b\/pasted_image_at_2015_08_13_08_57_am_64.png",
            "thumb_80": "https:\/\/slack-files.com\/files-tmb\/T07GDKW3U-F09165CPL-6bd228212b\/pasted_image_at_2015_08_13_08_57_am_80.png",
            "thumb_360": "https:\/\/slack-files.com\/files-tmb\/T07GDKW3U-F09165CPL-6bd228212b\/pasted_image_at_2015_08_13_08_57_am_360.png",
            "thumb_360_w": 360,
            "thumb_360_h": 171,
            "thumb_480": "https:\/\/slack-files.com\/files-tmb\/T07GDKW3U-F09165CPL-6bd228212b\/pasted_image_at_2015_08_13_08_57_am_480.png",
            "thumb_480_w": 480,
            "thumb_480_h": 229,
            "thumb_160": "https:\/\/slack-files.com\/files-tmb\/T07GDKW3U-F09165CPL-6bd228212b\/pasted_image_at_2015_08_13_08_57_am_160.png",
            "thumb_720": "https:\/\/slack-files.com\/files-tmb\/T07GDKW3U-F09165CPL-6bd228212b\/pasted_image_at_2015_08_13_08_57_am_720.png",
            "thumb_720_w": 720,
            "thumb_720_h": 343,
            "thumb_960": "https:\/\/slack-files.com\/files-tmb\/T07GDKW3U-F09165CPL-6bd228212b\/pasted_image_at_2015_08_13_08_57_am_960.png",
            "thumb_960_w": 960,
            "thumb_960_h": 457,
            "thumb_1024": "https:\/\/slack-files.com\/files-tmb\/T07GDKW3U-F09165CPL-6bd228212b\/pasted_image_at_2015_08_13_08_57_am_1024.png",
            "thumb_1024_w": 1024,
            "thumb_1024_h": 487,
            "image_exif_rotation": 1,
            "original_w": 1107,
            "original_h": 527,
            "permalink": "https:\/\/dattnetwork.slack.com\/files\/paul_xbt\/F09165CPL\/pasted_image_at_2015_08_13_08_57_am.png",
            "permalink_public": "https:\/\/slack-files.com\/T07GDKW3U-F09165CPL-bb458ff3c4",
            "channels": [
                "C08F8UMGB"
            ],
            "groups": [

            ],
            "ims": [

            ],
            "comments_count": 1,
            "initial_comment": {
                "id": "Fc091641RD",
                "created": 1439413156,
                "timestamp": 1439413156,
                "user": "U08ERPTQF",
                "comment": "<@U08C464NS>: This is (very) roughly what I had in mind... It may not be obvious to the user but they can click to sort the table to just incoming votes for example"
            }
        },
        "user": "U08ERPTQF",
        "upload": true,
        "display_as_bot": false,
        "username": "<@U08ERPTQF|paul_xbt>",
        "bot_id": null,
        "ts": "1439413161.000671"
    },
    {
        "type": "message",
        "user": "U07GDL0H5",
        "text": "love the balance view <@U08C464NS> !",
        "ts": "1439419537.000672"
    },
    {
        "type": "message",
        "subtype": "file_share",
        "text": "<@U08F438SK|willy> uploaded a file: <https:\/\/dattnetwork.slack.com\/files\/willy\/F091MNA04\/datt-user-upvotes.png|User upvotes for 1st time> and commented: Do we have a UI\/UX version of this upvote \/ signup flow that I can link it to?",
        "file": {
            "id": "F091MNA04",
            "created": 1439440542,
            "timestamp": 1439440542,
            "name": "datt-user-upvotes.png",
            "title": "User upvotes for 1st time",
            "mimetype": "image\/png",
            "filetype": "png",
            "pretty_type": "PNG",
            "user": "U08F438SK",
            "editable": false,
            "size": 51652,
            "mode": "hosted",
            "is_external": false,
            "external_type": "",
            "is_public": true,
            "public_url_shared": false,
            "display_as_bot": false,
            "username": "",
            "url": "https:\/\/slack-files.com\/files-pub\/T07GDKW3U-F091MNA04-03d71d4c10\/datt-user-upvotes.png",
            "url_download": "https:\/\/slack-files.com\/files-pub\/T07GDKW3U-F091MNA04-03d71d4c10\/download\/datt-user-upvotes.png",
            "url_private": "https:\/\/files.slack.com\/files-pri\/T07GDKW3U-F091MNA04\/datt-user-upvotes.png",
            "url_private_download": "https:\/\/files.slack.com\/files-pri\/T07GDKW3U-F091MNA04\/download\/datt-user-upvotes.png",
            "thumb_64": "https:\/\/slack-files.com\/files-tmb\/T07GDKW3U-F091MNA04-ded6989fba\/datt-user-upvotes_64.png",
            "thumb_80": "https:\/\/slack-files.com\/files-tmb\/T07GDKW3U-F091MNA04-ded6989fba\/datt-user-upvotes_80.png",
            "thumb_360": "https:\/\/slack-files.com\/files-tmb\/T07GDKW3U-F091MNA04-ded6989fba\/datt-user-upvotes_360.png",
            "thumb_360_w": 360,
            "thumb_360_h": 169,
            "thumb_480": "https:\/\/slack-files.com\/files-tmb\/T07GDKW3U-F091MNA04-ded6989fba\/datt-user-upvotes_480.png",
            "thumb_480_w": 480,
            "thumb_480_h": 225,
            "thumb_160": "https:\/\/slack-files.com\/files-tmb\/T07GDKW3U-F091MNA04-ded6989fba\/datt-user-upvotes_160.png",
            "thumb_720": "https:\/\/slack-files.com\/files-tmb\/T07GDKW3U-F091MNA04-ded6989fba\/datt-user-upvotes_720.png",
            "thumb_720_w": 720,
            "thumb_720_h": 338,
            "thumb_960": "https:\/\/slack-files.com\/files-tmb\/T07GDKW3U-F091MNA04-ded6989fba\/datt-user-upvotes_960.png",
            "thumb_960_w": 960,
            "thumb_960_h": 450,
            "thumb_1024": "https:\/\/slack-files.com\/files-tmb\/T07GDKW3U-F091MNA04-ded6989fba\/datt-user-upvotes_1024.png",
            "thumb_1024_w": 1024,
            "thumb_1024_h": 480,
            "image_exif_rotation": 1,
            "original_w": 1384,
            "original_h": 649,
            "permalink": "https:\/\/dattnetwork.slack.com\/files\/willy\/F091MNA04\/datt-user-upvotes.png",
            "permalink_public": "https:\/\/slack-files.com\/T07GDKW3U-F091MNA04-03d71d4c10",
            "channels": [
                "C08F8UMGB"
            ],
            "groups": [

            ],
            "ims": [

            ],
            "comments_count": 1,
            "initial_comment": {
                "id": "Fc091MNA4U",
                "created": 1439440542,
                "timestamp": 1439440542,
                "user": "U08F438SK",
                "comment": "Do we have a UI\/UX version of this upvote \/ signup flow that I can link it to?"
            }
        },
        "user": "U08F438SK",
        "upload": true,
        "display_as_bot": false,
        "username": "<@U08F438SK|willy>",
        "bot_id": null,
        "ts": "1439440549.000673"
    },
    {
        "type": "message",
        "user": "U08DD8LNP",
        "text": "I haven\u2019t started on vote flow at all yet, but docs like that will help get things going",
        "ts": "1439440623.000674"
    },
    {
        "type": "message",
        "user": "U08DD8LNP",
        "text": "why are we requiring a handle here?",
        "ts": "1439440676.000675"
    },
    {
        "type": "message",
        "user": "U08F438SK",
        "text": "so that you can deposit BTC for upvotes",
        "ts": "1439441038.000676"
    },
    {
        "type": "message",
        "user": "U08F438SK",
        "text": "and be able to use them again and again, like a carried balance. I am thinking we generate the BTC address from the username\/password, in the client for 1st pass",
        "ts": "1439441064.000677"
    },
    {
        "type": "message",
        "user": "U08DD8LNP",
        "text": "generating the btc address from the password (brainwallet) makes sense not sure including the username in it does.",
        "ts": "1439441272.000678"
    },
    {
        "type": "message",
        "user": "U08DD8LNP",
        "text": "you don\u2019t necessarily need a handle to have a persistent address, I think it should probably be optional",
        "ts": "1439441311.000679"
    },
    {
        "type": "message",
        "user": "U08DD8LNP",
        "text": "ill work on the ux logic for this after I eat, shouldn\u2019t take long to get something going at <http:\/\/dattnetwork.github.io>",
        "ts": "1439441391.000680"
    },
    {
        "type": "message",
        "user": "U08F438SK",
        "text": "kk, I also shared a more detailed process diagram w\/ the initial startup flow which you can critique in <#C08EJG7M1>",
        "ts": "1439441551.000681"
    },
    {
        "type": "message",
        "user": "U08DD8LNP",
        "text": "<@U08F438SK>: in your flow, the address the user sends to is an address they control? then we have the app relay that to another address? wont that be slow",
        "ts": "1439443940.000682"
    },
    {
        "type": "message",
        "user": "U08F438SK",
        "text": "they are funding a \"wallet\" in their browser, which their browser can spend from without permission",
        "ts": "1439443972.000683"
    },
    {
        "type": "message",
        "user": "U08F438SK",
        "text": "1BrowserAddress will then be spent from every time they click an upvote",
        "ts": "1439443985.000684"
    },
    {
        "type": "message",
        "user": "U08DD8LNP",
        "text": "ah ok, we should probably ask for more starting funds then",
        "ts": "1439443987.000685"
    },
    {
        "type": "message",
        "user": "U08F438SK",
        "text": "see, I knew <#C08F8UMGB> was the right place :simple_smile:",
        "ts": "1439443999.000686"
    },
    {
        "type": "message",
        "user": "U08DD8LNP",
        "text": "oh nm I see that, you do ask for more than you are sending",
        "ts": "1439444006.000687"
    },
    {
        "type": "message",
        "user": "U08F438SK",
        "text": "but surely there is some UX alchemy needed throughout this process :simple_smile:",
        "ts": "1439444025.000688"
    },
    {
        "type": "message",
        "user": "U08F438SK",
        "text": "It may be inconvenient to refill after 10 votes , but if you ask for too much the first time... Dunno the balance for those things.",
        "ts": "1439444566.000689"
    },
    {
        "user": "U08F2RTCN",
        "type": "message",
        "subtype": "channel_join",
        "text": "<@U08F2RTCN|deepakraous> has joined the channel",
        "ts": "1439444729.000690"
    },
    {
        "type": "message",
        "user": "U08DD8LNP",
        "text": "<@U08F438SK>: im removing the handle entirely from this dialog for now",
        "ts": "1439446204.000691"
    },
    {
        "type": "message",
        "user": "U08DD8LNP",
        "text": "I think we need to drive home that the passphrase they pick here IS their internal network identity, we\u2019ll be using it for brainwallet purposes basically, and generating deterministic wallets from it",
        "ts": "1439446248.000692"
    },
    {
        "type": "message",
        "user": "U08DD8LNP",
        "text": "not sure where asking for a handle fits in the voting process, but I don\u2019t think it makes sense here",
        "ts": "1439446277.000693"
    },
    {
        "type": "message",
        "user": "U08F438SK",
        "text": "basically you need funds to vote, I figured it's a good time to establish a handle",
        "ts": "1439446348.000694"
    },
    {
        "type": "message",
        "user": "U08F438SK",
        "text": "most people will want some pseudonym or something",
        "ts": "1439446357.000695"
    },
    {
        "type": "message",
        "user": "U08F438SK",
        "text": "I would think.... but perhaps",
        "ts": "1439446364.000696"
    },
    {
        "type": "message",
        "user": "U08DD8LNP",
        "text": "not if handles are optional, my thinking is we can have something a bit like aether",
        "ts": "1439446374.000697"
    },
    {
        "type": "message",
        "user": "U08F438SK",
        "text": "If people are totally anonymous by default we may alienate users, don't you think?",
        "ts": "1439446389.000698"
    },
    {
        "type": "message",
        "user": "U08DD8LNP",
        "text": "where there is a persistent UI widget that shows your current handle if any, and lets you choose one there",
        "ts": "1439446389.000699"
    },
    {
        "type": "message",
        "user": "U08F438SK",
        "text": "what if two newbies try to use the service and they can't figure out how to find each other",
        "ts": "1439446406.000700"
    },
    {
        "type": "message",
        "user": "U08F438SK",
        "text": "oh ok",
        "ts": "1439446415.000701"
    },
    {
        "type": "message",
        "user": "U08DD8LNP",
        "text": "but that\u2019s just like my opinion man, we can play with ideas of course :simple_smile: it will make more sense when I push this",
        "ts": "1439446435.000702"
    },
    {
        "type": "message",
        "user": "U08DD8LNP",
        "text": "<@U08F438SK> <http:\/\/dattnetwork.github.io\/>",
        "ts": "1439447622.000703"
    },
    {
        "type": "message",
        "user": "U08DD8LNP",
        "text": "there is a first pass at it",
        "ts": "1439447627.000704"
    },
    {
        "type": "message",
        "user": "U08F438SK",
        "text": "nice man! fast as hell :simple_smile:",
        "ts": "1439447975.000705"
    },
    {
        "type": "message",
        "subtype": "file_share",
        "text": "<@U08F438SK|willy> uploaded a file: <https:\/\/dattnetwork.slack.com\/files\/willy\/F091R2VCN\/dattpassphrasecreation.png|go1dfish passphrase creation on upvote> and commented: Everyone should check out go1dfish's prototype ",
        "file": {
            "id": "F091R2VCN",
            "created": 1439448079,
            "timestamp": 1439448079,
            "name": "DattPassphraseCreation.png",
            "title": "go1dfish passphrase creation on upvote",
            "mimetype": "image\/png",
            "filetype": "png",
            "pretty_type": "PNG",
            "user": "U08F438SK",
            "editable": false,
            "size": 89683,
            "mode": "hosted",
            "is_external": false,
            "external_type": "",
            "is_public": true,
            "public_url_shared": false,
            "display_as_bot": false,
            "username": "",
            "url": "https:\/\/slack-files.com\/files-pub\/T07GDKW3U-F091R2VCN-f6a63437e4\/dattpassphrasecreation.png",
            "url_download": "https:\/\/slack-files.com\/files-pub\/T07GDKW3U-F091R2VCN-f6a63437e4\/download\/dattpassphrasecreation.png",
            "url_private": "https:\/\/files.slack.com\/files-pri\/T07GDKW3U-F091R2VCN\/dattpassphrasecreation.png",
            "url_private_download": "https:\/\/files.slack.com\/files-pri\/T07GDKW3U-F091R2VCN\/download\/dattpassphrasecreation.png",
            "thumb_64": "https:\/\/slack-files.com\/files-tmb\/T07GDKW3U-F091R2VCN-0fefed1694\/dattpassphrasecreation_64.png",
            "thumb_80": "https:\/\/slack-files.com\/files-tmb\/T07GDKW3U-F091R2VCN-0fefed1694\/dattpassphrasecreation_80.png",
            "thumb_360": "https:\/\/slack-files.com\/files-tmb\/T07GDKW3U-F091R2VCN-0fefed1694\/dattpassphrasecreation_360.png",
            "thumb_360_w": 360,
            "thumb_360_h": 196,
            "thumb_480": "https:\/\/slack-files.com\/files-tmb\/T07GDKW3U-F091R2VCN-0fefed1694\/dattpassphrasecreation_480.png",
            "thumb_480_w": 480,
            "thumb_480_h": 262,
            "thumb_160": "https:\/\/slack-files.com\/files-tmb\/T07GDKW3U-F091R2VCN-0fefed1694\/dattpassphrasecreation_160.png",
            "thumb_720": "https:\/\/slack-files.com\/files-tmb\/T07GDKW3U-F091R2VCN-0fefed1694\/dattpassphrasecreation_720.png",
            "thumb_720_w": 720,
            "thumb_720_h": 392,
            "thumb_960": "https:\/\/slack-files.com\/files-tmb\/T07GDKW3U-F091R2VCN-0fefed1694\/dattpassphrasecreation_960.png",
            "thumb_960_w": 960,
            "thumb_960_h": 523,
            "thumb_1024": "https:\/\/slack-files.com\/files-tmb\/T07GDKW3U-F091R2VCN-0fefed1694\/dattpassphrasecreation_1024.png",
            "thumb_1024_w": 1024,
            "thumb_1024_h": 558,
            "image_exif_rotation": 1,
            "original_w": 1519,
            "original_h": 828,
            "permalink": "https:\/\/dattnetwork.slack.com\/files\/willy\/F091R2VCN\/dattpassphrasecreation.png",
            "permalink_public": "https:\/\/slack-files.com\/T07GDKW3U-F091R2VCN-f6a63437e4",
            "channels": [
                "C08F8UMGB"
            ],
            "groups": [

            ],
            "ims": [

            ],
            "comments_count": 1,
            "initial_comment": {
                "id": "Fc091R2VK8",
                "created": 1439448079,
                "timestamp": 1439448079,
                "user": "U08F438SK",
                "comment": "Everyone should check out go1dfish's prototype "
            }
        },
        "user": "U08F438SK",
        "upload": true,
        "display_as_bot": false,
        "username": "<@U08F438SK|willy>",
        "bot_id": null,
        "ts": "1439448085.000706"
    },
    {
        "type": "message",
        "user": "U08DD8LNP",
        "text": "It\u2019s based on what I did at fairshare but doesn\u2019t generate addresses (that\u2019s my brainwallet if you were wondering)",
        "ts": "1439448124.000707"
    }
]