[
    {
        "type": "message",
        "user": "U08DD8LNP",
        "text": "another relevant article putting it here since it seems like a better fit for <#C08FM0F6G> <http:\/\/www.newyorker.com\/magazine\/2015\/08\/10\/the-hell-you-say>",
        "attachments": [
            {
                "service_name": "The New Yorker",
                "title": "Who\u2019s Fighting Free Speech?",
                "title_link": "http:\/\/www.newyorker.com\/magazine\/2015\/08\/10\/the-hell-you-say",
                "text": "Between the rise of online harassment and alarmist warnings about political correctness, it\u2019s hard to tell who\u2019s speaking and who\u2019s censoring.",
                "fallback": "The New Yorker: Who\u2019s Fighting Free Speech?",
                "image_url": "http:\/\/www.newyorker.com\/wp-content\/uploads\/2015\/08\/150810_r26835-1200-630-30133736.jpg",
                "from_url": "http:\/\/www.newyorker.com\/magazine\/2015\/08\/10\/the-hell-you-say",
                "image_width": 476,
                "image_height": 250,
                "image_bytes": 35546,
                "id": 1
            }
        ],
        "ts": "1438623920.000326"
    }
]