[
    {
        "type": "message",
        "user": "U08FMHVJ4",
        "text": "<@U07GDL0H5>: regarding mods, you may want to look into Dionysis\u2019 notion of \u201cprojected trust\u201d <https:\/\/gist.github.com\/dionyziz\/e3b296861175e0ebea4b>",
        "ts": "1447037101.000005"
    },
    {
        "type": "message",
        "user": "U08FMHVJ4",
        "text": "in contrast to the collectives idea, this would be an algorithm that is applied through your friend\u2019s network to figure out the rating of a post",
        "ts": "1447037141.000006"
    },
    {
        "type": "message",
        "user": "U07GDL0H5",
        "text": "i've never seen that before, and it looks like a really well-thought out article at first glance. thanks. will add to our records.",
        "ts": "1447037159.000007"
    },
    {
        "type": "message",
        "user": "U08FMHVJ4",
        "text": ":simple_smile:",
        "ts": "1447037175.000008"
    },
    {
        "type": "message",
        "user": "U08FMHVJ4",
        "text": "<@U07GDL0H5>: from the WoT slack, <@U08G10908> shared EigenTrust++, apparently it might be similar to Projected Trust. I\u2019d never heard of it, but in case you find it useful: <http:\/\/www.cc.gatech.edu\/~lingliu\/papers\/2012\/XinxinFan-EigenTrust++.pdf>",
        "ts": "1447037753.000009"
    },
    {
        "type": "message",
        "user": "U07GDL0H5",
        "text": "also looks interesting, thanks :simple_smile: FWIW my present plan is to revisit some of our basic technology after the prototype, and i will read these along with some other documents we've accumulated along the way. the prototype will be pretty broken in a lot of ways, so we can use stuff like this to fix it.",
        "ts": "1447037951.000010"
    },
    {
        "type": "message",
        "subtype": "file_share",
        "text": "<@U07GDL0H5|ryanxcharles> uploaded a file: <https:\/\/dattnetwork.slack.com\/files\/ryanxcharles\/F0E43RJJ0\/screenshot_from_2015-11-08_20_24_13.png|Screenshot from 2015-11-08 20:24:13.png> and commented: This number is now accurate :simple_smile:",
        "file": {
            "id": "F0E43RJJ0",
            "created": 1447043124,
            "timestamp": 1447043124,
            "name": "Screenshot from 2015-11-08 20:24:13.png",
            "title": "Screenshot from 2015-11-08 20:24:13.png",
            "mimetype": "image\/png",
            "filetype": "png",
            "pretty_type": "PNG",
            "user": "U07GDL0H5",
            "editable": false,
            "size": 7886,
            "mode": "hosted",
            "is_external": false,
            "external_type": "",
            "is_public": true,
            "public_url_shared": false,
            "display_as_bot": false,
            "username": "",
            "url": "https:\/\/slack-files.com\/files-pub\/T07GDKW3U-F0E43RJJ0-c6809bbf29\/screenshot_from_2015-11-08_20_24_13.png",
            "url_download": "https:\/\/slack-files.com\/files-pub\/T07GDKW3U-F0E43RJJ0-c6809bbf29\/download\/screenshot_from_2015-11-08_20_24_13.png",
            "url_private": "https:\/\/files.slack.com\/files-pri\/T07GDKW3U-F0E43RJJ0\/screenshot_from_2015-11-08_20_24_13.png",
            "url_private_download": "https:\/\/files.slack.com\/files-pri\/T07GDKW3U-F0E43RJJ0\/download\/screenshot_from_2015-11-08_20_24_13.png",
            "thumb_64": "https:\/\/slack-files.com\/files-tmb\/T07GDKW3U-F0E43RJJ0-a80a314503\/screenshot_from_2015-11-08_20_24_13_64.png",
            "thumb_80": "https:\/\/slack-files.com\/files-tmb\/T07GDKW3U-F0E43RJJ0-a80a314503\/screenshot_from_2015-11-08_20_24_13_80.png",
            "thumb_360": "https:\/\/slack-files.com\/files-tmb\/T07GDKW3U-F0E43RJJ0-a80a314503\/screenshot_from_2015-11-08_20_24_13_360.png",
            "thumb_360_w": 360,
            "thumb_360_h": 133,
            "thumb_480": "https:\/\/slack-files.com\/files-tmb\/T07GDKW3U-F0E43RJJ0-a80a314503\/screenshot_from_2015-11-08_20_24_13_480.png",
            "thumb_480_w": 480,
            "thumb_480_h": 177,
            "thumb_160": "https:\/\/slack-files.com\/files-tmb\/T07GDKW3U-F0E43RJJ0-a80a314503\/screenshot_from_2015-11-08_20_24_13_160.png",
            "image_exif_rotation": 1,
            "original_w": 528,
            "original_h": 195,
            "permalink": "https:\/\/dattnetwork.slack.com\/files\/ryanxcharles\/F0E43RJJ0\/screenshot_from_2015-11-08_20_24_13.png",
            "permalink_public": "https:\/\/slack-files.com\/T07GDKW3U-F0E43RJJ0-c6809bbf29",
            "channels": [
                "C07GDL0Q7"
            ],
            "groups": [

            ],
            "ims": [

            ],
            "comments_count": 1,
            "initial_comment": {
                "id": "Fc0E49MBHC",
                "created": 1447043124,
                "timestamp": 1447043124,
                "user": "U07GDL0H5",
                "comment": "This number is now accurate :simple_smile:"
            },
            "reactions": [
                {
                    "name": "clap",
                    "users": [
                        "U08FMHVJ4",
                        "U08FELZL7"
                    ],
                    "count": 2
                }
            ]
        },
        "user": "U07GDL0H5",
        "upload": true,
        "display_as_bot": false,
        "username": "<@U07GDL0H5|ryanxcharles>",
        "bot_id": null,
        "ts": "1447043125.000011"
    }
]