[
    {
        "type": "message",
        "user": "U08F438SK",
        "text": "(I understand that STUN is a narrow protocol, but if you feel uncomfortable w\/ a single rendezvous server, then this still seems like a SPOF)",
        "ts": "1439622088.000605"
    },
    {
        "type": "message",
        "user": "U08D641AP",
        "text": "that's the project I'm basing my work for the RTC network on \u2013 the ICE protocol lets you go through several rounds of negotiation, which can include multiple STUN servers as I understand it",
        "ts": "1439635571.000606"
    },
    {
        "type": "message",
        "user": "U08D641AP",
        "text": "<https:\/\/github.com\/martindale\/arty> cc: <@U07GDL0H5>",
        "attachments": [
            {
                "service_name": "GitHub",
                "title": "martindale\/arty",
                "title_link": "https:\/\/github.com\/martindale\/arty",
                "text": "arty - isomorphic serverless webrtc",
                "fallback": "GitHub: martindale\/arty",
                "thumb_url": "https:\/\/avatars2.githubusercontent.com\/u\/129761?v=3&s=400",
                "from_url": "https:\/\/github.com\/martindale\/arty",
                "thumb_width": 398,
                "thumb_height": 398,
                "id": 1
            }
        ],
        "ts": "1439635601.000607"
    },
    {
        "type": "message",
        "user": "U07GDL0H5",
        "text": "yeah <@U08F438SK> it still relies on a STUN server to get around NAT",
        "ts": "1439663604.000609"
    },
    {
        "type": "message",
        "user": "U07GDL0H5",
        "text": "mike hearn on forking bitcoin <https:\/\/medium.com\/@octskyward\/why-is-bitcoin-forking-d647312d22c1>",
        "attachments": [
            {
                "service_name": "Medium",
                "title": "Why is Bitcoin forking?",
                "title_link": "https:\/\/medium.com\/@octskyward\/why-is-bitcoin-forking-d647312d22c1",
                "text": "A tale of differing visions",
                "fallback": "Medium: Why is Bitcoin forking?",
                "thumb_url": "https:\/\/cdn-images-1.medium.com\/max\/800\/0*vCXpXuEWOU7lPZ5C.jpeg",
                "ts": 1439651844,
                "from_url": "https:\/\/medium.com\/@octskyward\/why-is-bitcoin-forking-d647312d22c1",
                "thumb_width": 240,
                "thumb_height": 240,
                "id": 1
            }
        ],
        "ts": "1439667442.000610",
        "reactions": [
            {
                "name": "+1",
                "users": [
                    "U08ERPTQF",
                    "U08DD8LNP",
                    "U08DDG1SB"
                ],
                "count": 3
            }
        ]
    },
    {
        "type": "message",
        "user": "U08MAKT70",
        "text": "Anybody knows if there is any implementation using the blockchain for peer discovery?",
        "ts": "1439682849.000612"
    },
    {
        "type": "message",
        "user": "U08ERPTQF",
        "text": "<@U08MAKT70>: I haven't come across any, but <@U08E2KZM4>'s Trust in Motion uses both the blockchain &amp; DHT (<https:\/\/github.com\/tradle\/tim>)",
        "attachments": [
            {
                "service_name": "GitHub",
                "title": "tradle\/tim",
                "title_link": "https:\/\/github.com\/tradle\/tim",
                "text": "tim - p2p chat with OTR and externalization to blockchain+dht",
                "fallback": "GitHub: tradle\/tim",
                "thumb_url": "https:\/\/avatars2.githubusercontent.com\/u\/9482126?v=3&s=400",
                "from_url": "https:\/\/github.com\/tradle\/tim",
                "thumb_width": 400,
                "thumb_height": 400,
                "id": 1
            }
        ],
        "ts": "1439685275.000613"
    },
    {
        "type": "message",
        "user": "U08ERPTQF",
        "text": "<@U08MAKT70>: using a smart contract on Ethereum or NXT could help bootstrap P2P nodes. But I'm not sure something similar is possible with Bitcoin\/Lightning",
        "ts": "1439685532.000615"
    },
    {
        "type": "message",
        "user": "U08MAKT70",
        "text": "Interesting!",
        "ts": "1439687593.000616"
    },
    {
        "user": "U0959MCDB",
        "type": "message",
        "subtype": "channel_join",
        "text": "<@U0959MCDB|ddabek> has joined the channel",
        "ts": "1439697575.000617"
    },
    {
        "user": "U08R1E07Q",
        "type": "message",
        "subtype": "channel_join",
        "text": "<@U08R1E07Q|chrismarie> has joined the channel",
        "ts": "1439700183.000618"
    }
]