[
    {
        "user": "U08JFURT3",
        "type": "message",
        "subtype": "channel_join",
        "text": "<@U08JFURT3|archana> has joined the channel",
        "ts": "1438698057.000125"
    },
    {
        "user": "U08K9N7PU",
        "type": "message",
        "subtype": "channel_join",
        "text": "<@U08K9N7PU|bitappend> has joined the channel",
        "ts": "1438727586.000126"
    },
    {
        "type": "message",
        "user": "U08FMHVJ4",
        "text": "i\u2019m looking for an animator, can anyone recommend one? please @ mention me if you do.",
        "ts": "1438747533.000127"
    },
    {
        "user": "U08KP51FU",
        "type": "message",
        "subtype": "channel_join",
        "text": "<@U08KP51FU|lapingvino> has joined the channel",
        "ts": "1438754961.000128"
    },
    {
        "type": "message",
        "user": "U08KP51FU",
        "text": "How many gophers around here?",
        "ts": "1438756965.000129"
    }
]