[
    {
        "user": "U08MAKT70",
        "type": "message",
        "subtype": "channel_join",
        "text": "<@U08MAKT70|johan> has joined the channel",
        "ts": "1439668644.000028"
    },
    {
        "user": "U0959MCDB",
        "type": "message",
        "subtype": "channel_join",
        "text": "<@U0959MCDB|ddabek> has joined the channel",
        "ts": "1439697590.000029"
    },
    {
        "user": "U08R1E07Q",
        "type": "message",
        "subtype": "channel_join",
        "text": "<@U08R1E07Q|chrismarie> has joined the channel",
        "ts": "1439700167.000030"
    }
]