[
    {
        "type": "message",
        "user": "U08DD8LNP",
        "text": "<@U08CG8V89>: copyright in the US is not avoidable, there is always a copyright it\u2019s just a matter of who has it and what license they provide that content under",
        "ts": "1439192149.003944"
    },
    {
        "type": "message",
        "user": "U08DD8LNP",
        "text": "copyright is automatic, adding a notice is just clarification.  <http:\/\/www.nolo.com\/legal-encyclopedia\/copyright-automatic.html>",
        "attachments": [
            {
                "service_name": "Nolo.com",
                "title": "Copyright is Automatic | Nolo.com",
                "title_link": "http:\/\/www.nolo.com\/legal-encyclopedia\/copyright-automatic.html",
                "text": "Artists and writers are often surprised to learn that copyright is automatic \u2013 that is, nothing needs to be done to claim copyright protection.",
                "fallback": "Nolo.com: Copyright is Automatic | Nolo.com",
                "image_url": "http:\/\/www.nolo.com\/sites\/all\/themes\/hubv5.nolo\/images\/sprites\/logo_nolo_facebook.png",
                "from_url": "http:\/\/www.nolo.com\/legal-encyclopedia\/copyright-automatic.html",
                "image_width": 462,
                "image_height": 200,
                "image_bytes": 8593,
                "id": 1
            }
        ],
        "ts": "1439192202.003945",
        "reactions": [
            {
                "name": "+1",
                "users": [
                    "U08CG8V89"
                ],
                "count": 1
            }
        ]
    },
    {
        "type": "message",
        "user": "U08F438SK",
        "text": "btw <@U08CG8V89> , your site <http:\/\/valme.io|valme.io> is very impressive. love your \"what were you thinking\" post where you quote the google founders' paper the mixed incentives an advertising-funded content discovery service has",
        "ts": "1439194581.003947",
        "reactions": [
            {
                "name": "+1",
                "users": [
                    "U08CG8V89"
                ],
                "count": 1
            }
        ]
    },
    {
        "type": "message",
        "user": "U08DGB0F2",
        "text": "Hi <!everyone>, we are currently looking for bitcoin and technology investment writers. If you're interested, you can learn more at <http:\/\/www.diginomics.com|www.diginomics.com>.",
        "ts": "1439195941.003948"
    },
    {
        "type": "message",
        "user": "U08F438SK",
        "text": "OK, submitted a meek PR for some basic stuff \/ backend skeleton in datt-node. I'll be updating my fork with storage part tomorrow. Got stuck trying to do blockchain announcement and parsing via webcoin in 1st pass, w\/out that not much left. In browser SPV is still rough :simple_smile:. Night all.",
        "ts": "1439199906.003949"
    },
    {
        "type": "message",
        "user": "U08F438SK",
        "text": "(Clarification: I spent time trying to use webcoin to parse TXs from browser for following \"feeds\" on blockchain, but it is not in this push; tricky business so leaving it out for now. Will go back to announcement on blockchain *after* storage \/ retrieval is finished.)",
        "ts": "1439200193.003950"
    },
    {
        "type": "message",
        "user": "U08C22VNW",
        "text": "<http:\/\/kernelmag.dailydot.com\/issue-sections\/staff-editorials\/13919\/private-web-encryption-is-a-basic-human-right\/>",
        "attachments": [
            {
                "title": "It\u2019s time to build the private Web",
                "title_link": "http:\/\/kernelmag.dailydot.com\/issue-sections\/staff-editorials\/13919\/private-web-encryption-is-a-basic-human-right\/",
                "text": "The establishment of the U.S. Postal Service was one of the most visionary civil liberties ideas of its time. It was deeply rooted in George Washington's belief that a strong state and society can onl",
                "fallback": "It\u2019s time to build the private Web",
                "from_url": "http:\/\/kernelmag.dailydot.com\/issue-sections\/staff-editorials\/13919\/private-web-encryption-is-a-basic-human-right\/",
                "id": 1
            }
        ],
        "ts": "1439205866.003951"
    },
    {
        "type": "message",
        "user": "U08CG8V89",
        "text": "thanks for your kind words <@U08F438SK> and glad you like <http:\/\/valme.io|valme.io>. i would love to see any of its ideas and philosophy incorporated into datt (some of which already are). you are all welcome to play around inside to give you ideas or look for functionality to replicate. let me know your usernames and i'll give you some free karma so you don't have to buy any",
        "edited": {
            "user": "U08CG8V89",
            "ts": "1439212233.000000"
        },
        "ts": "1439206286.003953",
        "reactions": [
            {
                "name": "+1",
                "users": [
                    "U08EZP01H"
                ],
                "count": 1
            }
        ]
    },
    {
        "type": "message",
        "user": "U08CG8V89",
        "text": "thanks <@U08DD8LNP> - useful to know",
        "ts": "1439206398.003954"
    },
    {
        "type": "message",
        "user": "U08REPG4T",
        "text": "hello,  has any one looked into using secure-scuttlebutt for a transport? <https:\/\/github.com\/ssbc\/secure-scuttlebutt>",
        "attachments": [
            {
                "service_name": "GitHub",
                "title": "ssbc\/secure-scuttlebutt",
                "title_link": "https:\/\/github.com\/ssbc\/secure-scuttlebutt",
                "text": "secure-scuttlebutt - a secure database with replication that is guaranteed to work",
                "fallback": "GitHub: ssbc\/secure-scuttlebutt",
                "thumb_url": "https:\/\/avatars0.githubusercontent.com\/u\/10190339?v=3&s=400",
                "from_url": "https:\/\/github.com\/ssbc\/secure-scuttlebutt",
                "thumb_width": 420,
                "thumb_height": 420,
                "id": 1
            }
        ],
        "ts": "1439210580.003955"
    },
    {
        "type": "message",
        "user": "U08F438SK",
        "text": "Thanks <@U08CG8V89> , I'll definitely send you username when I signup later today. ",
        "ts": "1439216759.003958"
    },
    {
        "type": "message",
        "user": "U08F438SK",
        "text": "<@U08REPG4T> I'll check it out, thx",
        "ts": "1439216796.003959"
    },
    {
        "type": "message",
        "user": "U08REPG4T",
        "text": "cool,  its loosely based of this paper <http:\/\/www.cs.cornell.edu\/home\/rvr\/papers\/flowgossip.pdf>",
        "ts": "1439217946.003960"
    },
    {
        "type": "message",
        "user": "U08REPG4T",
        "text": "so gist of it is its a friend to friend gossip network",
        "ts": "1439217980.003961"
    },
    {
        "type": "message",
        "user": "U08F438SK",
        "text": "<@U08REPG4T> :+1: ",
        "ts": "1439220328.003962"
    },
    {
        "type": "message",
        "user": "U08REPG4T",
        "text": "how is are payments going to be utilized?",
        "ts": "1439220672.003963"
    },
    {
        "type": "message",
        "user": "U08REPG4T",
        "text": "something like changeTip on current reddit?",
        "edited": {
            "user": "U08REPG4T",
            "ts": "1439220711.000000"
        },
        "ts": "1439220699.003964"
    },
    {
        "type": "message",
        "user": "U08REPG4T",
        "text": "opps sorry i missed this part in the Docs :stuck_out_tongue:\n```\n The data primarily consists of the text content of posts and comments as well as actions, such as proof-of-payment for upvoting or downvoting.\n```",
        "ts": "1439220822.003966"
    },
    {
        "type": "message",
        "user": "U08REPG4T",
        "text": "it might be interesting just to use POW for voting directly",
        "edited": {
            "user": "U08REPG4T",
            "ts": "1439220930.000000"
        },
        "ts": "1439220895.003967"
    },
    {
        "type": "message",
        "user": "U07GDL0H5",
        "text": "<@U08DGB0F2>: please do not use the \"channel\" name which notifies everyone who hasn't turned off the notifications. maybe i can turn off \"channel\" notifications slack-wide so this doesn't become an issue.",
        "ts": "1439225410.003969"
    },
    {
        "type": "message",
        "user": "U07GDL0H5",
        "text": "<@U08E2KZM4>: the less intrusive way is to just mention it without using \"channel\" (i'm being careful not to use the @ symbol to broadcast a message myself)",
        "ts": "1439225498.003970"
    },
    {
        "type": "message",
        "user": "U08F438SK",
        "text": "<@U08REPG4T> Bitcoin miners already did POW, let's help content creators (authors, journalists, cat photographers) make a living as we reduce spam!",
        "ts": "1439226245.003971"
    },
    {
        "type": "message",
        "user": "U08F438SK",
        "text": "Morning <@U07GDL0H5> ! Submitted starter PR last night to datt-node but have more coming this evening (day job now). Figured early feedback is better, can change style\/approach easier now than after build more, so fire away.",
        "edited": {
            "user": "U08F438SK",
            "ts": "1439226443.000000"
        },
        "ts": "1439226420.003972"
    },
    {
        "type": "message",
        "user": "U08REPG4T",
        "text": "<@U08F438SK> right, but it might be nice if ppl didn't have to use bitcoin.  So currently to use this system knowledge of BCT and owning BTC is a prerequisite. This will limit the number of ppl who will participate. Which might be fine.  There is defiantly a place of Niche communities",
        "ts": "1439228395.003974"
    },
    {
        "type": "message",
        "user": "U08F438SK",
        "text": "Agreed it's a pain, maybe after MVP we do an integration W\/ some provider which easily converts USD. Then again, BTC enables tech like this and should be adopted",
        "ts": "1439228532.003975"
    },
    {
        "type": "message",
        "user": "U08F438SK",
        "text": "It is difficult and look how far it has come already. Maybe we should stop pretending it will never go all the way. My 2\u00a2",
        "ts": "1439228560.003976"
    },
    {
        "type": "message",
        "user": "U08REPG4T",
        "text": "what you could do so that  BTC is an optional prerequisite, is have ppl contribute a certain amount of POW before vote (or other incentived actions). That POW could be aggeragated into a mining pool. If ppl do not want to provided a POW they can optional pay with BTC",
        "ts": "1439228627.003977"
    },
    {
        "type": "message",
        "user": "U08REPG4T",
        "text": "to prevent spam; you would adjust the POW required to vote depending on the frequence of post per identy",
        "ts": "1439228666.003978"
    },
    {
        "type": "message",
        "user": "U08REPG4T",
        "text": "creating an identity would also require a POW or BTC",
        "ts": "1439228734.003979"
    },
    {
        "type": "message",
        "user": "U07GDL0H5",
        "text": "hey <@U08F438SK>, awesome work, will review soon.",
        "ts": "1439230566.003980"
    },
    {
        "type": "message",
        "user": "U07GDL0H5",
        "text": "<@U08C22VNW>: awesome, highly relevant link. thanks.",
        "ts": "1439230935.003981"
    }
]