[
    {
        "user": "U0A2DMSSF",
        "type": "message",
        "subtype": "channel_join",
        "text": "<@U0A2DMSSF|rupy> has joined the channel",
        "ts": "1441215647.000106"
    },
    {
        "type": "message",
        "user": "U08ERPTQF",
        "text": "Interesting read about approaches to a more distributed web <https:\/\/www.mnot.net\/blog\/2015\/08\/18\/distributed_http>",
        "attachments": [
            {
                "text": "One of the things that came up at the HTTP Workshop was \u201cdistributed HTTP\u201d \u2014 i.e., moving the Web from a client\/server model to a more distributed one. This week, Brewster Khale (of <http:\/\/Archive.org|Archive.org> fame) talked about similar thoughts\u00a0on his...",
                "fallback": "One of the things that came up at the HTTP Workshop was \u201cdistributed HTTP\u201d \u2014 i.e., moving the Web from a client\/server model to a more distributed one. This week, Brewster Khale (of <http:\/\/Archive.org|Archive.org> fame) talked about similar thoughts\u00a0on his...",
                "from_url": "https:\/\/www.mnot.net\/blog\/2015\/08\/18\/distributed_http",
                "id": 1
            }
        ],
        "ts": "1441223957.000107"
    },
    {
        "user": "U0A2ZC6VB",
        "type": "message",
        "subtype": "channel_join",
        "text": "<@U0A2ZC6VB|suren> has joined the channel",
        "ts": "1441235252.000109"
    }
]