[
    {
        "user": "U0959MCDB",
        "type": "message",
        "subtype": "channel_join",
        "text": "<@U0959MCDB|ddabek> has joined the channel",
        "ts": "1439668366.000248"
    },
    {
        "user": "U095AAW3X",
        "type": "message",
        "subtype": "channel_join",
        "text": "<@U095AAW3X|melanie_swan> has joined the channel",
        "ts": "1439671065.000249"
    },
    {
        "user": "U095A29EK",
        "type": "message",
        "subtype": "channel_join",
        "text": "<@U095A29EK|essofluffy> has joined the channel",
        "ts": "1439671669.000250"
    },
    {
        "user": "U095C81RR",
        "type": "message",
        "subtype": "channel_join",
        "text": "<@U095C81RR|internetarchive> has joined the channel",
        "ts": "1439681636.000251"
    }
]