[
    {
        "type": "message",
        "user": "U07GDL0H5",
        "text": "How Not to Die <http:\/\/paulgraham.com\/die.html>",
        "ts": "1438800269.000130"
    },
    {
        "type": "message",
        "user": "U07GDL0H5",
        "text": "We're Headed for AOL 2.0 <http:\/\/jacquesmattheij.com\/aol-20>",
        "ts": "1438826640.000131",
        "reactions": [
            {
                "name": "+1",
                "users": [
                    "U08ERPTQF",
                    "U08MEV56D"
                ],
                "count": 2
            }
        ]
    },
    {
        "user": "U08MAKT70",
        "type": "message",
        "subtype": "channel_join",
        "text": "<@U08MAKT70|johan> has joined the channel",
        "ts": "1438829790.000132"
    },
    {
        "type": "message",
        "user": "U08F2RTCN",
        "text": "did u guys check these two sites out <http:\/\/planetawesome.org\/>  <http:\/\/getaether.net\/>  , it was on a voat thread which <@U08DD8LNP>  shared",
        "attachments": [
            {
                "text": "Awesome: the most awesome stuff online",
                "fallback": "Awesome: the most awesome stuff online",
                "from_url": "http:\/\/planetawesome.org\/",
                "id": 1
            }
        ],
        "ts": "1438830070.000133"
    },
    {
        "type": "message",
        "user": "U08DD8LNP",
        "text": "Aether is interesting but it requires an install and isn\u2019t easily supported in browser",
        "ts": "1438830554.000135"
    },
    {
        "type": "message",
        "user": "U08DD8LNP",
        "text": "also has had some major growing pains and the head dev is mostly inactive",
        "ts": "1438830564.000136"
    },
    {
        "type": "message",
        "user": "U08DD8LNP",
        "text": "I can\u2019t find source for planetawesome anywhere but it looks somewhat similar to what I was thinking of doing with <@U08F08BD1> in terms of storing links on the blockchain but IDK how they are planning to support comments",
        "ts": "1438830601.000137"
    },
    {
        "type": "message",
        "user": "U08DD8LNP",
        "text": "<https:\/\/github.com\/majestrate\/nntpchan> was also mentioned and the developer is on VOAT I asked him to PM me an email if he wants an invite here",
        "attachments": [
            {
                "service_name": "GitHub",
                "title": "majestrate\/nntpchan",
                "title_link": "https:\/\/github.com\/majestrate\/nntpchan",
                "text": "nntpchan - nntp based decentralized imageboard",
                "fallback": "GitHub: majestrate\/nntpchan",
                "thumb_url": "https:\/\/avatars2.githubusercontent.com\/u\/499653?v=3&s=400",
                "from_url": "https:\/\/github.com\/majestrate\/nntpchan",
                "thumb_width": 236,
                "thumb_height": 236,
                "id": 1
            }
        ],
        "ts": "1438830636.000138"
    },
    {
        "type": "message",
        "user": "U08F2RTCN",
        "text": "Nice, that would be good",
        "ts": "1438830730.000140"
    },
    {
        "type": "message",
        "user": "U08F438SK",
        "text": "a9d67f57ebd6be1ca11206b4f48a064bf0a943a3",
        "ts": "1438831480.000141"
    },
    {
        "user": "U08MEV56D",
        "type": "message",
        "subtype": "channel_join",
        "text": "<@U08MEV56D|mashaal> has joined the channel",
        "ts": "1438839481.000142"
    }
]