[
    {
        "user": "U0AAQKE12",
        "type": "message",
        "subtype": "channel_join",
        "text": "<@U0AAQKE12|fractastical> has joined the channel",
        "ts": "1441736056.000002"
    },
    {
        "user": "U0AAVL6DD",
        "type": "message",
        "subtype": "channel_join",
        "text": "<@U0AAVL6DD|amos_colu> has joined the channel",
        "ts": "1441740355.000003"
    },
    {
        "user": "U0AB640UA",
        "type": "message",
        "subtype": "channel_join",
        "text": "<@U0AB640UA|acme> has joined the channel",
        "ts": "1441751072.000004"
    },
    {
        "type": "message",
        "user": "U08DD8LNP",
        "text": "<@U08ERPTQF>: related <https:\/\/ipfs.io\/ipfs\/QmNhFJjGcMPqpuYfxL62VVB9528NXqDNMFXiqN5bgFYiZ1\/its-time-for-the-permanent-web.html>",
        "attachments": [
            {
                "title": "It's time for the Permanent Web",
                "title_link": "https:\/\/ipfs.io\/ipfs\/QmNhFJjGcMPqpuYfxL62VVB9528NXqDNMFXiqN5bgFYiZ1\/its-time-for-the-permanent-web.html",
                "text": "HTTP is broken. It's time for the distributed, permanent web.",
                "fallback": "It's time for the Permanent Web",
                "from_url": "https:\/\/ipfs.io\/ipfs\/QmNhFJjGcMPqpuYfxL62VVB9528NXqDNMFXiqN5bgFYiZ1\/its-time-for-the-permanent-web.html",
                "id": 1
            }
        ],
        "ts": "1441780048.000005",
        "reactions": [
            {
                "name": "+1",
                "users": [
                    "U08ERPTQF",
                    "U08F438SK"
                ],
                "count": 2
            }
        ]
    }
]