[
    {
        "type": "message",
        "user": "U08C464NS",
        "text": "\"I am Datt and I fight for the user\" <http:\/\/www.risdall.com\/wp-content\/uploads\/2013\/03\/Tron-fight-for-the-user.jpg>",
        "attachments": [
            {
                "fallback": "873x428px image",
                "image_url": "http:\/\/www.risdall.com\/wp-content\/uploads\/2013\/03\/Tron-fight-for-the-user.jpg",
                "image_width": 873,
                "image_height": 428,
                "image_bytes": 59118,
                "from_url": "http:\/\/www.risdall.com\/wp-content\/uploads\/2013\/03\/Tron-fight-for-the-user.jpg",
                "id": 1
            }
        ],
        "ts": "1439298038.004026",
        "reactions": [
            {
                "name": "+1",
                "users": [
                    "U08CG8V89",
                    "U08F438SK",
                    "U07GDL0H5",
                    "U08ERPTQF"
                ],
                "count": 4
            }
        ]
    },
    {
        "type": "message",
        "user": "U08F438SK",
        "text": "<@U08D641AP> wow, one man army over there :simple_smile:. Looking into your arty repo now for a few mins before day job.",
        "ts": "1439304639.004028"
    },
    {
        "type": "message",
        "user": "U08D641AP",
        "text": "it's highly alpha, I have it working between nodes (via `test.js` all the way up to the final ICE negotiation, but it just isn't opening the data channel",
        "ts": "1439315145.004029"
    },
    {
        "type": "message",
        "user": "U08D641AP",
        "text": "and, not a one man army \u2013 some old coworkers are taking care of the hard things :wink:",
        "ts": "1439315276.004030"
    },
    {
        "type": "message",
        "user": "U08D641AP",
        "text": "(they're not crypto folks, yet)",
        "ts": "1439315294.004031"
    },
    {
        "type": "message",
        "user": "U08ERPTQF",
        "text": "<@U08C464NS>: It would be great to explore the parallels between Datt &amp; Tron for communicating our values to regular users :)",
        "ts": "1439321033.004032"
    },
    {
        "type": "message",
        "user": "U08C464NS",
        "text": "<@U08ERPTQF>: yeah man, I think it's a good angle that a lot of people can get behind.",
        "ts": "1439324068.004033"
    }
]