[
    {
        "type": "message",
        "user": "U08DD8LNP",
        "text": "<@U08CG8V89>: copyright in the US is not avoidable, there is always a copyright it\u2019s just a matter of who has it and what license they provide that content under",
        "ts": "1439192149.003944"
    },
    {
        "type": "message",
        "user": "U08DD8LNP",
        "text": "copyright is automatic, adding a notice is just clarification.  <http:\/\/www.nolo.com\/legal-encyclopedia\/copyright-automatic.html>",
        "attachments": [
            {
                "service_name": "Nolo.com",
                "title": "Copyright is Automatic | Nolo.com",
                "title_link": "http:\/\/www.nolo.com\/legal-encyclopedia\/copyright-automatic.html",
                "text": "Artists and writers are often surprised to learn that copyright is automatic \u2013 that is, nothing needs to be done to claim copyright protection.",
                "fallback": "Nolo.com: Copyright is Automatic | Nolo.com",
                "image_url": "http:\/\/www.nolo.com\/sites\/all\/themes\/hubv5.nolo\/images\/sprites\/logo_nolo_facebook.png",
                "from_url": "http:\/\/www.nolo.com\/legal-encyclopedia\/copyright-automatic.html",
                "image_width": 462,
                "image_height": 200,
                "image_bytes": 8593,
                "id": 1
            }
        ],
        "ts": "1439192202.003945",
        "reactions": [
            {
                "name": "+1",
                "users": [
                    "U08CG8V89"
                ],
                "count": 1
            }
        ]
    },
    {
        "type": "message",
        "user": "U08F438SK",
        "text": "btw <@U08CG8V89> , your site <http:\/\/valme.io|valme.io> is very impressive. love your \"what were you thinking\" post where you quote the google founders' paper the mixed incentives an advertising-funded content discovery service has",
        "ts": "1439194581.003947",
        "reactions": [
            {
                "name": "+1",
                "users": [
                    "U08CG8V89"
                ],
                "count": 1
            }
        ]
    },
    {
        "type": "message",
        "user": "U08DGB0F2",
        "text": "Hi <!everyone>, we are currently looking for bitcoin and technology investment writers. If you're interested, you can learn more at <http:\/\/www.diginomics.com|www.diginomics.com>.",
        "ts": "1439195941.003948"
    },
    {
        "type": "message",
        "user": "U08F438SK",
        "text": "OK, submitted a meek PR for some basic stuff \/ backend skeleton in datt-node. I'll be updating my fork with storage part tomorrow. Got stuck trying to do blockchain announcement and parsing via webcoin in 1st pass, w\/out that not much left. In browser SPV is still rough :simple_smile:. Night all.",
        "ts": "1439199906.003949",
        "reactions": [
            {
                "name": "+1",
                "users": [
                    "U08ERPTQF",
                    "U07GDL0H5"
                ],
                "count": 2
            }
        ]
    },
    {
        "type": "message",
        "user": "U08F438SK",
        "text": "(Clarification: I spent time trying to use webcoin to parse TXs from browser for following \"feeds\" on blockchain, but it is not in this push; tricky business so leaving it out for now. Will go back to announcement on blockchain *after* storage \/ retrieval is finished.)",
        "ts": "1439200193.003950"
    },
    {
        "type": "message",
        "user": "U08C22VNW",
        "text": "<http:\/\/kernelmag.dailydot.com\/issue-sections\/staff-editorials\/13919\/private-web-encryption-is-a-basic-human-right\/>",
        "attachments": [
            {
                "title": "It\u2019s time to build the private Web",
                "title_link": "http:\/\/kernelmag.dailydot.com\/issue-sections\/staff-editorials\/13919\/private-web-encryption-is-a-basic-human-right\/",
                "text": "The establishment of the U.S. Postal Service was one of the most visionary civil liberties ideas of its time. It was deeply rooted in George Washington's belief that a strong state and society can onl",
                "fallback": "It\u2019s time to build the private Web",
                "from_url": "http:\/\/kernelmag.dailydot.com\/issue-sections\/staff-editorials\/13919\/private-web-encryption-is-a-basic-human-right\/",
                "id": 1
            }
        ],
        "ts": "1439205866.003951"
    },
    {
        "type": "message",
        "user": "U08CG8V89",
        "text": "thanks for your kind words <@U08F438SK> and glad you like <http:\/\/valme.io|valme.io>. i would love to see any of its ideas and philosophy incorporated into datt (some of which already are). you are all welcome to play around inside to give you ideas or look for functionality to replicate. let me know your usernames and i'll give you some free karma so you don't have to buy any",
        "edited": {
            "user": "U08CG8V89",
            "ts": "1439212233.000000"
        },
        "ts": "1439206286.003953",
        "reactions": [
            {
                "name": "+1",
                "users": [
                    "U08EZP01H"
                ],
                "count": 1
            }
        ]
    },
    {
        "type": "message",
        "user": "U08CG8V89",
        "text": "thanks <@U08DD8LNP> - useful to know",
        "ts": "1439206398.003954"
    },
    {
        "type": "message",
        "user": "U08REPG4T",
        "text": "hello,  has any one looked into using secure-scuttlebutt for a transport? <https:\/\/github.com\/ssbc\/secure-scuttlebutt>",
        "attachments": [
            {
                "service_name": "GitHub",
                "title": "ssbc\/secure-scuttlebutt",
                "title_link": "https:\/\/github.com\/ssbc\/secure-scuttlebutt",
                "text": "secure-scuttlebutt - a secure database with replication that is guaranteed to work",
                "fallback": "GitHub: ssbc\/secure-scuttlebutt",
                "thumb_url": "https:\/\/avatars0.githubusercontent.com\/u\/10190339?v=3&s=400",
                "from_url": "https:\/\/github.com\/ssbc\/secure-scuttlebutt",
                "thumb_width": 420,
                "thumb_height": 420,
                "id": 1
            }
        ],
        "ts": "1439210580.003955"
    },
    {
        "type": "message",
        "user": "U08F438SK",
        "text": "Thanks <@U08CG8V89> , I'll definitely send you username when I signup later today. ",
        "ts": "1439216759.003958"
    },
    {
        "type": "message",
        "user": "U08F438SK",
        "text": "<@U08REPG4T> I'll check it out, thx",
        "ts": "1439216796.003959"
    },
    {
        "type": "message",
        "user": "U08REPG4T",
        "text": "cool,  its loosely based of this paper <http:\/\/www.cs.cornell.edu\/home\/rvr\/papers\/flowgossip.pdf>",
        "ts": "1439217946.003960"
    },
    {
        "type": "message",
        "user": "U08REPG4T",
        "text": "so gist of it is its a friend to friend gossip network",
        "ts": "1439217980.003961"
    },
    {
        "type": "message",
        "user": "U08F438SK",
        "text": "<@U08REPG4T> :+1: ",
        "ts": "1439220328.003962"
    },
    {
        "type": "message",
        "user": "U08REPG4T",
        "text": "how is are payments going to be utilized?",
        "ts": "1439220672.003963"
    },
    {
        "type": "message",
        "user": "U08REPG4T",
        "text": "something like changeTip on current reddit?",
        "edited": {
            "user": "U08REPG4T",
            "ts": "1439220711.000000"
        },
        "ts": "1439220699.003964"
    },
    {
        "type": "message",
        "user": "U08REPG4T",
        "text": "opps sorry i missed this part in the Docs :stuck_out_tongue:\n```\n The data primarily consists of the text content of posts and comments as well as actions, such as proof-of-payment for upvoting or downvoting.\n```",
        "ts": "1439220822.003966"
    },
    {
        "type": "message",
        "user": "U08REPG4T",
        "text": "it might be interesting just to use POW for voting directly",
        "edited": {
            "user": "U08REPG4T",
            "ts": "1439220930.000000"
        },
        "ts": "1439220895.003967"
    },
    {
        "type": "message",
        "user": "U07GDL0H5",
        "text": "<@U08DGB0F2>: please do not use the \"channel\" name which notifies everyone who hasn't turned off the notifications. maybe i can turn off \"channel\" notifications slack-wide so this doesn't become an issue.",
        "ts": "1439225410.003969"
    },
    {
        "type": "message",
        "user": "U07GDL0H5",
        "text": "<@U08E2KZM4>: the less intrusive way is to just mention it without using \"channel\" (i'm being careful not to use the @ symbol to broadcast a message myself)",
        "ts": "1439225498.003970"
    },
    {
        "type": "message",
        "user": "U08F438SK",
        "text": "<@U08REPG4T> Bitcoin miners already did POW, let's help content creators (authors, journalists, cat photographers) make a living as we reduce spam!",
        "ts": "1439226245.003971",
        "reactions": [
            {
                "name": "+1",
                "users": [
                    "U08ERPTQF"
                ],
                "count": 1
            }
        ]
    },
    {
        "type": "message",
        "user": "U08F438SK",
        "text": "Morning <@U07GDL0H5> ! Submitted starter PR last night to datt-node but have more coming this evening (day job now). Figured early feedback is better, can change style\/approach easier now than after build more, so fire away.",
        "edited": {
            "user": "U08F438SK",
            "ts": "1439226443.000000"
        },
        "ts": "1439226420.003972"
    },
    {
        "type": "message",
        "user": "U08REPG4T",
        "text": "<@U08F438SK> right, but it might be nice if ppl didn't have to use bitcoin.  So currently to use this system knowledge of BCT and owning BTC is a prerequisite. This will limit the number of ppl who will participate. Which might be fine.  There is defiantly a place of Niche communities",
        "ts": "1439228395.003974"
    },
    {
        "type": "message",
        "user": "U08F438SK",
        "text": "Agreed it's a pain, maybe after MVP we do an integration W\/ some provider which easily converts USD. Then again, BTC enables tech like this and should be adopted",
        "ts": "1439228532.003975"
    },
    {
        "type": "message",
        "user": "U08F438SK",
        "text": "It is difficult and look how far it has come already. Maybe we should stop pretending it will never go all the way. My 2\u00a2",
        "ts": "1439228560.003976"
    },
    {
        "type": "message",
        "user": "U08REPG4T",
        "text": "what you could do so that  BTC is an optional prerequisite, is have ppl contribute a certain amount of POW before vote (or other incentived actions). That POW could be aggeragated into a mining pool. If ppl do not want to provided a POW they can optional pay with BTC",
        "ts": "1439228627.003977"
    },
    {
        "type": "message",
        "user": "U08REPG4T",
        "text": "to prevent spam; you would adjust the POW required to vote depending on the frequence of post per identy",
        "ts": "1439228666.003978"
    },
    {
        "type": "message",
        "user": "U08REPG4T",
        "text": "creating an identity would also require a POW or BTC",
        "ts": "1439228734.003979"
    },
    {
        "type": "message",
        "user": "U07GDL0H5",
        "text": "hey <@U08F438SK>, awesome work, will review soon.",
        "ts": "1439230566.003980"
    },
    {
        "type": "message",
        "user": "U07GDL0H5",
        "text": "<@U08C22VNW>: awesome, highly relevant link. thanks.",
        "ts": "1439230935.003981"
    },
    {
        "type": "message",
        "user": "U07GDL0H5",
        "text": "hey <@U08REPG4T> ... thanks a lot for the link to scuttlebut ... i don't think anyone has brought this up before, but this sounds extremely useful. if each person has a chain of content, that is a great way to solve the \"user owns their content\" piece ... will have to look into how the networking stuff works though, hopefully it's compatible with our current plans",
        "ts": "1439231366.003982"
    },
    {
        "type": "message",
        "user": "U07GDL0H5",
        "text": "<@U08REPG4T>: the way we solve the \"bootstrapping\" problem is that people who do not already possess bitcoin do not need to possess bitcoin to be able to post content. i don't think people will have a problem understanding the notion of \"internet money\" - it won't be niche. but we will almost certainly focus on core users who already know something about bitcoin first.",
        "ts": "1439231449.003983",
        "reactions": [
            {
                "name": "+1",
                "users": [
                    "U08ERPTQF"
                ],
                "count": 1
            }
        ]
    },
    {
        "type": "message",
        "user": "U07GDL0H5",
        "text": "on POW, i lean against integrating it in a deep way, just because it is easily gamed. however, it is definitely one way for users to \"prove\" an identity.",
        "ts": "1439231517.003984"
    },
    {
        "type": "message",
        "user": "U08D641AP",
        "text": "IMO, if we think the Bitcoin community is an early first target for us (and there are calls in the community for a decentralized replacement for \/r\/bitcoin and bitcointalk alike), having the early cost of entry being a bitcoin deposit is something good that if determined unnecessary for limiting spam, can also be removed later as we expand",
        "ts": "1439233066.003985"
    },
    {
        "type": "message",
        "user": "U08EZP01H",
        "text": "when talking about POW, is it generally work done once up front to create the ID, or is it ongoing and tied to your ID?",
        "ts": "1439233634.003986"
    },
    {
        "type": "message",
        "user": "U08ERPTQF",
        "text": "New users are likely to lurk for a while, then create a post. So even if their first post gets only a handful of votes, they will have some BTC to participate more",
        "ts": "1439235258.003987"
    },
    {
        "type": "message",
        "user": "U08ERPTQF",
        "text": "<@U08EZP01H>: if we require POW to create an ID then it's done once up front",
        "ts": "1439235327.003988"
    },
    {
        "user": "U08SX8YP5",
        "type": "message",
        "subtype": "channel_join",
        "text": "<@U08SX8YP5|dhulser> has joined the channel",
        "ts": "1439236458.003989"
    },
    {
        "user": "U08SZAL6A",
        "type": "message",
        "subtype": "channel_join",
        "text": "<@U08SZAL6A|gavin> has joined the channel",
        "ts": "1439238668.003990"
    },
    {
        "type": "message",
        "user": "U07GDL0H5",
        "text": "welcome <@U08SZAL6A>!",
        "ts": "1439239749.003991"
    },
    {
        "type": "message",
        "user": "U07GDL0H5",
        "text": "welcome <@U08SX8YP5> !",
        "ts": "1439239755.003992"
    },
    {
        "type": "message",
        "user": "U07GDL0H5",
        "text": "<@U08SZAL6A> and i worked together at bitgo :simple_smile:",
        "ts": "1439239773.003993"
    },
    {
        "type": "message",
        "user": "U08SX8YP5",
        "text": "hey <@U07GDL0H5> !",
        "ts": "1439240752.003994"
    },
    {
        "type": "message",
        "user": "U08ERPTQF",
        "text": "Cool hi <@U08SZAL6A> &amp; <@U08SX8YP5>",
        "ts": "1439240783.003995"
    },
    {
        "type": "message",
        "user": "U08SZAL6A",
        "text": "hey all -",
        "ts": "1439241960.003996"
    },
    {
        "type": "message",
        "user": "U08SZAL6A",
        "text": "great to join in!",
        "ts": "1439241970.003997"
    },
    {
        "user": "U08T3P50D",
        "type": "message",
        "subtype": "channel_join",
        "text": "<@U08T3P50D|yanislav> has joined the channel",
        "ts": "1439243772.003998"
    },
    {
        "type": "message",
        "user": "U08T3P50D",
        "text": "hi all",
        "ts": "1439243917.003999"
    },
    {
        "type": "message",
        "user": "U07GDL0H5",
        "text": "welcome <@U08T3P50D> !",
        "ts": "1439243927.004000"
    },
    {
        "type": "message",
        "user": "U08D641AP",
        "text": "hey <@U08T3P50D>!  glad you can maki it. :simple_smile:",
        "ts": "1439244124.004001"
    },
    {
        "type": "message",
        "user": "U08D641AP",
        "text": ":s\/maki\/make",
        "ts": "1439244134.004002"
    },
    {
        "type": "message",
        "user": "U08T3P50D",
        "text": "glad to have joined, even if a bit 'late'! for all who don't know: I have created a blockchain-based reddit-type of thing with the name <http:\/\/planetawesome.org> . the web-platform is not fully decentralized yet. curious about what you think of it!",
        "attachments": [
            {
                "text": "Awesome: the most awesome stuff online",
                "fallback": "Awesome: the most awesome stuff online",
                "from_url": "http:\/\/planetawesome.org",
                "id": 1
            }
        ],
        "ts": "1439244221.004003"
    },
    {
        "type": "message",
        "user": "U08T3P50D",
        "text": "will read up the threads here next...",
        "ts": "1439244268.004005"
    },
    {
        "type": "message",
        "user": "U08T3P50D",
        "text": "cheers from serbia, next to liberland :simple_smile:",
        "ts": "1439244282.004006"
    },
    {
        "type": "message",
        "user": "U07GDL0H5",
        "text": "awesome! i'll add that to our list of references\/related tech if it's not already there.",
        "ts": "1439244297.004007"
    },
    {
        "type": "message",
        "user": "U08F438SK",
        "text": "<http:\/\/Planetawesome.org|Planetawesome.org> is definitely worthy of the name :-) , someone posted it here earlier and I lost some time in there",
        "ts": "1439247397.004008"
    },
    {
        "type": "message",
        "user": "U08MEV56D",
        "text": "we should put some press links up on the datt homepage? the medium and hacked posts for one?",
        "ts": "1439248307.004009"
    },
    {
        "type": "message",
        "user": "U08DD8LNP",
        "text": "<@U08T3P50D>: I have seen it, it seems pretty close to some of my initial thoughts on building something like this.  One thing you got very right is making it accessible without an install",
        "ts": "1439251380.004010"
    },
    {
        "type": "message",
        "user": "U08DD8LNP",
        "text": "I think ideally you\u2019d want users to be able to participate without having to install an extension as well though and that\u2019s something we\u2019ve taken on as a goal with DATT.  Is the source for the web-platform available anywhere?",
        "ts": "1439251412.004011"
    },
    {
        "type": "message",
        "user": "U07GDL0H5",
        "text": "<@U08MEV56D>: some press:\n<http:\/\/www.wired.com\/2015\/07\/reddit-blockchain-decentralized-internet\/> Wired - This Man Says He Can Save Reddit With the Spirit of Bitcoin\n<http:\/\/recode.net\/2015\/07\/05\/fred-wilson-the-next-reddit-will-likely-be-built-on-the-bitcoin-blockchain\/> article in recode\n<http:\/\/thenextweb.com\/insider\/2015\/07\/06\/reddit-came-close-to-becoming-decentralized-last-year\/> the next web\n<http:\/\/www.businessinsider.com\/fred-wilson-blockchain-reddit-openbazaar-uncensorable-2015-7> Business Insider wrote a fairly long article on this\n<https:\/\/hacked.com\/angered-redditgate-users-want-decentralized-alternative-reddit\/> <http:\/\/hacked.com|hacked.com> has an article\n<https:\/\/www.zapchain.com\/a\/1GVIzt8bnL> zapchain reposted the article with very good engagement\n<http:\/\/www.coinspeaker.com\/2015\/07\/14\/the-blockchain-is-a-huge-opportunity-to-save-reddit-community-says-ryan-x-charles-10683\/> Coinspeaker has an article\n<https:\/\/www.reddit.com\/r\/Bitcoin\/comments\/3c9bw1\/fix_reddit_with_bitcoin_ryan_x_charles\/> reddit thread\n<https:\/\/news.ycombinator.com\/item?id=9836677> HN\n<https:\/\/www.reddit.com\/r\/Bitcoin\/comments\/3ckf7u\/ryan_x_charles_is_building_a_decentralized_reddit\/csxsm1w> Yishan's thoughts on a decentralized reddit\n<http:\/\/www.miningpool.co.uk\/interview-with-former-reddit-cryptocurrency-engineer-ryan-x-charles\/> <http:\/\/miningpool.co.uk|miningpool.co.uk> has an article\n<http:\/\/cointelegraph.com\/news\/114785\/ryan-x-charles-is-building-a-decentralized-reddit-and-would-love-collaborators> article in cointelegraph\n<https:\/\/www.cryptocoinsnews.com\/former-reddit-cryptocurrency-engineer-decentralization-future\/> cryptocoins news article\n<https:\/\/twitter.com\/ryanxcharles\/status\/617767532557021184> my tweet about my original article\n<https:\/\/twitter.com\/ryanxcharles\/status\/618866411973312512> my tweet that I'm full-time on this project",
        "ts": "1439251959.004012",
        "reactions": [
            {
                "name": "+1",
                "users": [
                    "U08ERPTQF",
                    "U08MEV56D",
                    "U08D641AP",
                    "U08F2RTCN",
                    "U08EZP01H"
                ],
                "count": 5
            }
        ]
    },
    {
        "type": "message",
        "user": "U08MEV56D",
        "text": "<@U07GDL0H5>: perfect! I\u2019ll add these later this eve- is the domain pointed to the gh-pages repo? <@U08ERPTQF> said he\u2019d give me access so I can update freely",
        "ts": "1439252756.004013"
    },
    {
        "type": "message",
        "user": "U07GDL0H5",
        "text": "the domain is not pointed at the github repo. lemme know when when you update it and i'll update the domain.",
        "ts": "1439252780.004014"
    },
    {
        "type": "message",
        "user": "U08MEV56D",
        "text": "ok, no worries :whale:",
        "ts": "1439253140.004015"
    },
    {
        "type": "message",
        "user": "U08ERPTQF",
        "text": "<@U08MEV56D>:  <@U07GDL0H5> can give you repo access :) so we can avoid PRs for every change",
        "ts": "1439253306.004016"
    },
    {
        "type": "message",
        "user": "U07GDL0H5",
        "text": "<@U08MEV56D>: is that also your github name?",
        "ts": "1439253359.004017"
    },
    {
        "type": "message",
        "user": "U08MEV56D",
        "text": "yes <http:\/\/github.com\/mashaal\/>",
        "ts": "1439253411.004018"
    },
    {
        "type": "message",
        "user": "U07GDL0H5",
        "text": "ok just added you to the team. once you accept you should be able to push changes to that repo.",
        "ts": "1439253437.004019"
    },
    {
        "type": "message",
        "user": "U08MEV56D",
        "text": "thanks!",
        "ts": "1439253933.004020"
    },
    {
        "type": "message",
        "user": "U08D641AP",
        "text": "Hey guys, I've just released Maki 0.2.1.  To go with this, I've updated the README to better describe how, and why, I'm building Maki: <https:\/\/github.com\/martindale\/maki\/blob\/master\/README.md> \u2013 this begins the first draft of a grammar for Fabric apps (like Converse), which hopefully will in the next phase become simply a set of rules for ES6 class definitions.  A read would be appreciated, and commentary even further!\n\nOther updates;\n- Coalescent, the p2p messaging component for Maki, now compiles in browserify and can connect to existing nodes.  It cannot, however, serve connections yet.\n- To address the above, I've started work on a new isomorphic WebRTC implementation, arty \u2013 git@github.com:martindale\/arty.git \u2013 it's mostly complete, but I have hit a minor roadblock in ICE protocol negotiation.  Any assistance with this would be appreciated.\n- `maki-identity-mnemonic` now uses new functionality in Maki to provide identity to nodes without storing any sensitive information in the network.  Some magic here!  Details later.\n- Work has begun on a React-based SPA for Maki at large, which will allow us to have isomorphic views \u2013 and more importantly, Maki apps can output static HTML blobs that can connect to any existing network.\n- Work has also begun on getting Maki applications working inside of Electron and React Native, allowing us to very quickly deploy apps (like DATT) to desktop and mobile.\n\nLots more to do, and been crazy swamped since last week getting all this together.  Hopefully someone can benefit from it before it's all glued together.",
        "attachments": [
            {
                "service_name": "GitHub",
                "title": "martindale\/maki",
                "title_link": "https:\/\/github.com\/martindale\/maki\/blob\/master\/README.md",
                "text": "maki - :bento: Framework for hand-rolling web applications. Originally created at Triangle Startup EDU 2013, and later used to build @coursefork and many other projects.",
                "fallback": "GitHub: martindale\/maki",
                "thumb_url": "https:\/\/avatars2.githubusercontent.com\/u\/129761?v=3&s=400",
                "from_url": "https:\/\/github.com\/martindale\/maki\/blob\/master\/README.md",
                "thumb_width": 398,
                "thumb_height": 398,
                "id": 1
            }
        ],
        "ts": "1439254033.004021"
    },
    {
        "type": "message",
        "user": "U08D641AP",
        "text": "Oh, and here's the release notes \u2013 most of this is a direct result of working on converse over the past couple weeks, and some collaboration with <@U08DD8LNP> to document the API: <https:\/\/github.com\/martindale\/maki\/releases\/tag\/v0.2.1>",
        "ts": "1439254319.004023"
    },
    {
        "user": "U08TAS6MN",
        "type": "message",
        "subtype": "channel_join",
        "text": "<@U08TAS6MN|rmhrisk> has joined the channel",
        "ts": "1439255524.004024"
    },
    {
        "user": "U08THCD7S",
        "type": "message",
        "subtype": "channel_join",
        "text": "<@U08THCD7S|brayton> has joined the channel",
        "ts": "1439270039.004025"
    }
]