[
    {
        "type": "message",
        "user": "U08F438SK",
        "text": "On way to Changetip W\/ <@U08R1E07Q> , going to be a bit late. ",
        "ts": "1439661578.004098"
    },
    {
        "type": "message",
        "user": "U08F2RTCN",
        "text": "Dang!, Can't make it to today and next Sat, will be free the subsequent weekends",
        "ts": "1439662759.004099"
    },
    {
        "type": "message",
        "user": "U08BY8MGV",
        "text": " The address is 270 Linden st, suite 100, SF. Please text me at <tel:404-550-3746|404-550-3746> or message the slack to get in ",
        "ts": "1439663691.004100"
    },
    {
        "type": "message",
        "user": "U07GDL0H5",
        "text": "heading over now",
        "ts": "1439663980.004101"
    },
    {
        "user": "U0959MCDB",
        "type": "message",
        "subtype": "channel_join",
        "text": "<@U0959MCDB|ddabek> has joined the channel",
        "ts": "1439668366.004102"
    },
    {
        "user": "U095AAW3X",
        "type": "message",
        "subtype": "channel_join",
        "text": "<@U095AAW3X|melanie_swan> has joined the channel",
        "ts": "1439671065.004103"
    },
    {
        "user": "U095A29EK",
        "type": "message",
        "subtype": "channel_join",
        "text": "<@U095A29EK|essofluffy> has joined the channel",
        "ts": "1439671669.004104"
    },
    {
        "type": "message",
        "user": "U095A29EK",
        "text": "New here. Where are we at and what needs help?",
        "ts": "1439671910.004105"
    },
    {
        "type": "message",
        "user": "U08BY8MGV",
        "text": "<https:\/\/docs.google.com\/document\/d\/16ZsWwzdL5mihnqoWSgpa4q21yA939nhvCr9RM2jnzHc\/edit>",
        "ts": "1439673485.004106"
    },
    {
        "type": "message",
        "user": "U095A29EK",
        "text": "Thanks for the roadmap. Which are of work do you think needs the most help, P2P protocol, design, front end?",
        "ts": "1439677349.004107"
    },
    {
        "type": "message",
        "user": "U08ERPTQF",
        "text": "<@U095A29EK>: at the moment the design &amp; front end are a bit ahead of the back end P2P protocol, though I believe that is one of the focus areas this weekend.",
        "ts": "1439678817.004108"
    },
    {
        "type": "message",
        "user": "U08ERPTQF",
        "text": "<@U08F438SK> &amp; I have started on some UML sequence diagrams, contributions\/improvements are welcome :)",
        "ts": "1439678878.004109"
    },
    {
        "type": "message",
        "user": "U095A29EK",
        "text": "How about the database and payments? How are those coming along?",
        "ts": "1439678916.004110"
    },
    {
        "type": "message",
        "user": "U08F438SK",
        "text": "working on them right now, <mailto:git@github.com|git@github.com>\/dattnetwork\/datt-node.git ; what are you most interested in?",
        "ts": "1439679994.004111"
    },
    {
        "type": "message",
        "user": "U08F438SK",
        "text": "git@github.com:dattnetwork\/datt-node.git *",
        "ts": "1439680006.004112"
    },
    {
        "type": "message",
        "user": "U08ERPTQF",
        "text": "<@U095A29EK>: the hub &amp; spoke and scalability requirements for payment channels have led us to look at duplex payment channels (no reference implementation) and Lightning (hashplex reference implementation in Python)",
        "ts": "1439680036.004113"
    },
    {
        "type": "message",
        "user": "U08ERPTQF",
        "text": "Database is narrowed down to localdb on Clients and similar key:value store on Nodes",
        "ts": "1439680230.004114"
    },
    {
        "user": "U095C81RR",
        "type": "message",
        "subtype": "channel_join",
        "text": "<@U095C81RR|internetarchive> has joined the channel",
        "ts": "1439681636.004115"
    },
    {
        "type": "message",
        "user": "U08ERPTQF",
        "text": "Welcome <@U095C81RR> ",
        "ts": "1439681736.004116"
    },
    {
        "type": "message",
        "user": "U095C81RR",
        "text": "thanks, I'm no programmer, but I was invited over by \/u\/IMissSplashyPants.  I research the use of archival footage in documentary film, and how basically everything is now archival! I am interested in new moderating systems to improve public discourse surrounding YouTube videos and documentary.",
        "ts": "1439681920.004117"
    },
    {
        "type": "message",
        "user": "U095C81RR",
        "text": "Please let me know if I can do anything to help.",
        "ts": "1439681930.004118"
    },
    {
        "type": "message",
        "user": "U095C81RR",
        "text": "Your project is fascinating.  I sincerely hope we can get it off the ground.",
        "ts": "1439682313.004119",
        "reactions": [
            {
                "name": "+1",
                "users": [
                    "U08ERPTQF"
                ],
                "count": 1
            }
        ]
    },
    {
        "type": "message",
        "user": "U095A29EK",
        "text": "<@U08ERPTQF>: Thanks for the info, I appreciate it",
        "ts": "1439682697.004120"
    },
    {
        "type": "message",
        "user": "U095A29EK",
        "text": "<@U08F438SK>: Anything you would like someone to help out with specifically?",
        "ts": "1439682723.004121"
    },
    {
        "type": "message",
        "user": "U07GDL0H5",
        "text": "hey <@U095A29EK> we haven't really produced itemized lists, but check out this high level summary by <@U08BY8MGV> about what we're doing now: <https:\/\/docs.google.com\/document\/d\/16ZsWwzdL5mihnqoWSgpa4q21yA939nhvCr9RM2jnzHc\/edit>",
        "ts": "1439682966.004122"
    },
    {
        "type": "message",
        "user": "U07GDL0H5",
        "text": "<@U095A29EK>: here's also a summary i wrote of recent events that can help serve as a guide <https:\/\/github.com\/dattnetwork\/dattdocs\/blob\/master\/README.md#end-of-week-2-aug-15-2015---ryan-x-charles>",
        "attachments": [
            {
                "service_name": "GitHub",
                "title": "dattnetwork\/dattdocs",
                "title_link": "https:\/\/github.com\/dattnetwork\/dattdocs\/blob\/master\/README.md#end-of-week-2-aug-15-2015---ryan-x-charles",
                "text": "dattdocs - Document all the things.",
                "fallback": "GitHub: dattnetwork\/dattdocs",
                "thumb_url": "https:\/\/avatars0.githubusercontent.com\/u\/13266895?v=3&s=400",
                "from_url": "https:\/\/github.com\/dattnetwork\/dattdocs\/blob\/master\/README.md#end-of-week-2-aug-15-2015---ryan-x-charles",
                "thumb_width": 214,
                "thumb_height": 214,
                "id": 1
            }
        ],
        "ts": "1439683013.004123"
    },
    {
        "type": "message",
        "user": "U08DD8LNP",
        "text": "yeah we might have some more people joining in, I had some comments do well on \/r\/technology where I asked anyone interested to PM me and I directed them here",
        "ts": "1439684354.004125",
        "reactions": [
            {
                "name": "+1",
                "users": [
                    "U08ERPTQF"
                ],
                "count": 1
            }
        ]
    },
    {
        "type": "message",
        "user": "U08ERPTQF",
        "text": "<@U095C81RR>: one of the things we've discussed is the ephemeral nature of content stored on a P2P network and how there is room for a 'archive' type node on the network.\nCuration of YouTube videos is something that should be straight forward with Datt",
        "ts": "1439684395.004126"
    },
    {
        "type": "message",
        "user": "U08DD8LNP",
        "text": "<@U095C81RR>: hey IMissSplashyPants here :wink:",
        "ts": "1439684421.004127"
    },
    {
        "type": "message",
        "user": "U08ERPTQF",
        "text": "One area that needs more focus is translating <@U08DD8LNP>'s concept of Collectives into a practical implementation of listings as Bloom Filters if they are to fit <@U07GDL0H5>'s p2p model",
        "ts": "1439684695.004128"
    },
    {
        "type": "message",
        "user": "U08ERPTQF",
        "text": "However bloom filters seem too rigid for this task as their size needs to be predetermined if a low false positive rate is to be ensured.",
        "ts": "1439684853.004129"
    },
    {
        "type": "message",
        "user": "U095A29EK",
        "text": "<@U08ERPTQF>: I'll take a look into it and see if I can come up with anything",
        "ts": "1439685427.004130",
        "reactions": [
            {
                "name": "+1",
                "users": [
                    "U08ERPTQF",
                    "U08F438SK"
                ],
                "count": 2
            }
        ]
    },
    {
        "type": "message",
        "user": "U095A29EK",
        "text": "Where can I find his concept?",
        "ts": "1439685448.004131"
    },
    {
        "type": "message",
        "user": "U08DD8LNP",
        "text": "<@U095A29EK>: <https:\/\/github.com\/dattnetwork\/dattdocs\/blob\/master\/data-models.md>",
        "ts": "1439685474.004132"
    },
    {
        "type": "message",
        "user": "U08ERPTQF",
        "text": "The additive\/subtractive nature of listings and the fact that they will be updated at a high frequency results in each client having a unique bloom filter that they send to the node meaning the node can't further optimize the filtering function.",
        "ts": "1439686041.004133"
    },
    {
        "type": "message",
        "user": "U08ERPTQF",
        "text": "Dynamic bloom filters or only client side filtering may be more practical.",
        "ts": "1439686089.004134"
    },
    {
        "type": "message",
        "user": "U08R1E07Q",
        "text": "started terms of service doc in dattdocs repo... hold off on pulling - it's just basics.",
        "ts": "1439688245.004135"
    },
    {
        "type": "message",
        "user": "U08R1E07Q",
        "text": "If any one has an subjects they feel very important not yet listed, please post :smile: <https:\/\/github.com\/chris-marie\/dattdocs\/blob\/chris-marie-patch-2\/terms_of_service>",
        "attachments": [
            {
                "service_name": "GitHub",
                "title": "chris-marie\/dattdocs",
                "title_link": "https:\/\/github.com\/chris-marie\/dattdocs\/blob\/chris-marie-patch-2\/terms_of_service",
                "text": "dattdocs - Document all the things.",
                "fallback": "GitHub: chris-marie\/dattdocs",
                "thumb_url": "https:\/\/avatars0.githubusercontent.com\/u\/5698262?v=3&s=400",
                "from_url": "https:\/\/github.com\/chris-marie\/dattdocs\/blob\/chris-marie-patch-2\/terms_of_service",
                "thumb_width": 400,
                "thumb_height": 400,
                "id": 1
            }
        ],
        "ts": "1439688282.004136"
    },
    {
        "type": "message",
        "user": "U095A29EK",
        "text": "<@U07GDL0H5>: thanks for the link I have a much better overview of the project now. Do you write those reports every week or so?",
        "ts": "1439694450.004138"
    },
    {
        "type": "message",
        "user": "U07GDL0H5",
        "text": "<@U095A29EK>: yep, i'm writing them every week for now. seems to be a good way to summarise progress.",
        "ts": "1439696161.004139"
    },
    {
        "type": "message",
        "user": "U095A29EK",
        "text": "<@U07GDL0H5>: definitely is. Are the post available through the website yet?",
        "ts": "1439698422.004140"
    },
    {
        "type": "message",
        "user": "U095A29EK",
        "text": "Thanks for the link <@U08DD8LNP> ",
        "ts": "1439698453.004141"
    }
]