[
    {
        "type": "message",
        "user": "U08ERPTQF",
        "text": "<@U08F438SK>: it overwhelmingly seems like this project is coming together at the right time. My takeaway is from the opening paragraphs, we need to bake our core principles into the code.",
        "ts": "1439800057.004186",
        "reactions": [
            {
                "name": "+1",
                "users": [
                    "U08EZP01H",
                    "U094X6WUT",
                    "U08F438SK"
                ],
                "count": 3
            }
        ]
    },
    {
        "type": "message",
        "user": "U08K9N7PU",
        "text": "Sorry I was away this weekend giving talks. I'll have to catch up on. Discussions today. \n\nI did have a thought in regards to the moderator and censorship abuse on reddit.\n\nIn datt im questioning the method of moderation. What if filtering it 100% on client side. And if the toll id paid no matter what its in the data base. A mod can flag as bad content and the clients will filter it out. But have the option to unfilter too...   this could be used as a toll to revive subversive content even under mod control. And wont degrade a community based on standards set by the mod as default setting will filter based on their recommendation* not by decree*",
        "ts": "1439818020.004187"
    },
    {
        "type": "message",
        "user": "U08DH3ESU",
        "text": "<@U08K9N7PU>: Yes. that is the idea. The user will have the option to do this. The moderator can flag content as bad but the user can still access it if required based on their preference at that moment.",
        "ts": "1439818303.004188"
    },
    {
        "user": "U0971JB4N",
        "type": "message",
        "subtype": "channel_join",
        "text": "<@U0971JB4N|raraymon> has joined the channel",
        "ts": "1439833677.004189"
    },
    {
        "type": "message",
        "user": "U0971JB4N",
        "text": "Hello",
        "ts": "1439833768.004190"
    },
    {
        "type": "message",
        "user": "U07GDL0H5",
        "text": "hi <@U0971JB4N> !",
        "ts": "1439833778.004191"
    },
    {
        "type": "message",
        "user": "U0971JB4N",
        "text": "Hi ryan nice to meet you ",
        "ts": "1439833793.004192"
    },
    {
        "type": "message",
        "user": "U0971JB4N",
        "text": "I saw a link to join your chat I've been involved in slack and helping community type work for a few projects now primarily working with storj ",
        "ts": "1439833885.004193"
    },
    {
        "type": "message",
        "user": "U07GDL0H5",
        "text": "awesome, glad to have you here :simple_smile:",
        "ts": "1439833900.004194"
    },
    {
        "type": "message",
        "user": "U0971JB4N",
        "text": "Not much of a programmer but can read and understand code.  Electrical engineer by profession ",
        "ts": "1439833982.004195"
    },
    {
        "type": "message",
        "user": "U0971JB4N",
        "text": "Where I the euro lace to start reading about the platform to develop my understanding ",
        "ts": "1439835328.004196"
    },
    {
        "type": "message",
        "user": "U0971JB4N",
        "text": "Best place *",
        "ts": "1439835690.004197"
    },
    {
        "type": "message",
        "user": "U08ERPTQF",
        "text": "Hi <@U0971JB4N> the source for project documentation is <https:\/\/github.com\/dattnetwork\/dattdocs\/>",
        "attachments": [
            {
                "service_name": "GitHub",
                "title": "dattnetwork\/dattdocs",
                "title_link": "https:\/\/github.com\/dattnetwork\/dattdocs\/",
                "text": "dattdocs - Document all the things.",
                "fallback": "GitHub: dattnetwork\/dattdocs",
                "thumb_url": "https:\/\/avatars0.githubusercontent.com\/u\/13266895?v=3&s=400",
                "from_url": "https:\/\/github.com\/dattnetwork\/dattdocs\/",
                "thumb_width": 214,
                "thumb_height": 214,
                "id": 1
            }
        ],
        "ts": "1439838936.004198"
    },
    {
        "type": "message",
        "user": "U0971JB4N",
        "text": "Thanks",
        "ts": "1439839091.004200"
    },
    {
        "type": "message",
        "subtype": "file_share",
        "text": "<@U08ERPTQF|paul_xbt> uploaded a file: <https:\/\/dattnetwork.slack.com\/files\/paul_xbt\/F097CKPV2\/pasted_image_at_2015_08_18_09_06_am.png|Datt Stack> and commented: I realised we haven't documented all the components currently being considered for the Datt stack... so here's a quick snapshot based on my current understanding",
        "file": {
            "id": "F097CKPV2",
            "created": 1439845593,
            "timestamp": 1439845593,
            "name": "Pasted image at 2015_08_18 09_06 AM.png",
            "title": "Datt Stack",
            "mimetype": "image\/png",
            "filetype": "png",
            "pretty_type": "PNG",
            "user": "U08ERPTQF",
            "editable": false,
            "size": 36240,
            "mode": "hosted",
            "is_external": false,
            "external_type": "",
            "is_public": true,
            "public_url_shared": false,
            "display_as_bot": false,
            "username": "",
            "url": "https:\/\/slack-files.com\/files-pub\/T07GDKW3U-F097CKPV2-5dd89f5f8a\/pasted_image_at_2015_08_18_09_06_am.png",
            "url_download": "https:\/\/slack-files.com\/files-pub\/T07GDKW3U-F097CKPV2-5dd89f5f8a\/download\/pasted_image_at_2015_08_18_09_06_am.png",
            "url_private": "https:\/\/files.slack.com\/files-pri\/T07GDKW3U-F097CKPV2\/pasted_image_at_2015_08_18_09_06_am.png",
            "url_private_download": "https:\/\/files.slack.com\/files-pri\/T07GDKW3U-F097CKPV2\/download\/pasted_image_at_2015_08_18_09_06_am.png",
            "thumb_64": "https:\/\/slack-files.com\/files-tmb\/T07GDKW3U-F097CKPV2-e0c4ac6737\/pasted_image_at_2015_08_18_09_06_am_64.png",
            "thumb_80": "https:\/\/slack-files.com\/files-tmb\/T07GDKW3U-F097CKPV2-e0c4ac6737\/pasted_image_at_2015_08_18_09_06_am_80.png",
            "thumb_360": "https:\/\/slack-files.com\/files-tmb\/T07GDKW3U-F097CKPV2-e0c4ac6737\/pasted_image_at_2015_08_18_09_06_am_360.png",
            "thumb_360_w": 360,
            "thumb_360_h": 197,
            "thumb_480": "https:\/\/slack-files.com\/files-tmb\/T07GDKW3U-F097CKPV2-e0c4ac6737\/pasted_image_at_2015_08_18_09_06_am_480.png",
            "thumb_480_w": 480,
            "thumb_480_h": 262,
            "thumb_160": "https:\/\/slack-files.com\/files-tmb\/T07GDKW3U-F097CKPV2-e0c4ac6737\/pasted_image_at_2015_08_18_09_06_am_160.png",
            "thumb_720": "https:\/\/slack-files.com\/files-tmb\/T07GDKW3U-F097CKPV2-e0c4ac6737\/pasted_image_at_2015_08_18_09_06_am_720.png",
            "thumb_720_w": 720,
            "thumb_720_h": 393,
            "thumb_960": "https:\/\/slack-files.com\/files-tmb\/T07GDKW3U-F097CKPV2-e0c4ac6737\/pasted_image_at_2015_08_18_09_06_am_960.png",
            "thumb_960_w": 960,
            "thumb_960_h": 524,
            "image_exif_rotation": 1,
            "permalink": "https:\/\/dattnetwork.slack.com\/files\/paul_xbt\/F097CKPV2\/pasted_image_at_2015_08_18_09_06_am.png",
            "permalink_public": "https:\/\/slack-files.com\/T07GDKW3U-F097CKPV2-5dd89f5f8a",
            "channels": [
                "C07GDL0Q7"
            ],
            "groups": [],
            "ims": [],
            "comments_count": 2,
            "initial_comment": {
                "id": "Fc097CFZS4",
                "created": 1439845593,
                "timestamp": 1439845593,
                "user": "U08ERPTQF",
                "comment": "I realised we haven't documented all the components currently being considered for the Datt stack... so here's a quick snapshot based on my current understanding"
            },
            "reactions": [
                {
                    "name": "+1",
                    "users": [
                        "U08ERPTQF"
                    ],
                    "count": 1
                }
            ]
        },
        "user": "U08ERPTQF",
        "upload": true,
        "display_as_bot": false,
        "username": "<@U08ERPTQF|paul_xbt>",
        "bot_id": null,
        "ts": "1439845596.004201"
    },
    {
        "type": "message",
        "subtype": "file_comment",
        "text": "<@U07GDL0H5|ryanxcharles> commented on <@U08ERPTQF|paul_xbt>'s file <https:\/\/dattnetwork.slack.com\/files\/paul_xbt\/F097CKPV2\/pasted_image_at_2015_08_18_09_06_am.png|Datt Stack>: Looks good. Under app, I would change \"node.js\" to \"node.js\/browser\" since it is intended to run in both. And under networking, I would change \"Web RTC\" to \"Web RTC\/web sockets\/TCP\" since we should probably use different \"low level\" protocols in different places, although technically we could just use web rtc for everything",
        "file": {
            "id": "F097CKPV2",
            "created": 1439845593,
            "timestamp": 1439845593,
            "name": "Pasted image at 2015_08_18 09_06 AM.png",
            "title": "Datt Stack",
            "mimetype": "image\/png",
            "filetype": "png",
            "pretty_type": "PNG",
            "user": "U08ERPTQF",
            "editable": false,
            "size": 36240,
            "mode": "hosted",
            "is_external": false,
            "external_type": "",
            "is_public": true,
            "public_url_shared": false,
            "display_as_bot": false,
            "username": "",
            "url": "https:\/\/slack-files.com\/files-pub\/T07GDKW3U-F097CKPV2-5dd89f5f8a\/pasted_image_at_2015_08_18_09_06_am.png",
            "url_download": "https:\/\/slack-files.com\/files-pub\/T07GDKW3U-F097CKPV2-5dd89f5f8a\/download\/pasted_image_at_2015_08_18_09_06_am.png",
            "url_private": "https:\/\/files.slack.com\/files-pri\/T07GDKW3U-F097CKPV2\/pasted_image_at_2015_08_18_09_06_am.png",
            "url_private_download": "https:\/\/files.slack.com\/files-pri\/T07GDKW3U-F097CKPV2\/download\/pasted_image_at_2015_08_18_09_06_am.png",
            "thumb_64": "https:\/\/slack-files.com\/files-tmb\/T07GDKW3U-F097CKPV2-e0c4ac6737\/pasted_image_at_2015_08_18_09_06_am_64.png",
            "thumb_80": "https:\/\/slack-files.com\/files-tmb\/T07GDKW3U-F097CKPV2-e0c4ac6737\/pasted_image_at_2015_08_18_09_06_am_80.png",
            "thumb_360": "https:\/\/slack-files.com\/files-tmb\/T07GDKW3U-F097CKPV2-e0c4ac6737\/pasted_image_at_2015_08_18_09_06_am_360.png",
            "thumb_360_w": 360,
            "thumb_360_h": 197,
            "thumb_480": "https:\/\/slack-files.com\/files-tmb\/T07GDKW3U-F097CKPV2-e0c4ac6737\/pasted_image_at_2015_08_18_09_06_am_480.png",
            "thumb_480_w": 480,
            "thumb_480_h": 262,
            "thumb_160": "https:\/\/slack-files.com\/files-tmb\/T07GDKW3U-F097CKPV2-e0c4ac6737\/pasted_image_at_2015_08_18_09_06_am_160.png",
            "thumb_720": "https:\/\/slack-files.com\/files-tmb\/T07GDKW3U-F097CKPV2-e0c4ac6737\/pasted_image_at_2015_08_18_09_06_am_720.png",
            "thumb_720_w": 720,
            "thumb_720_h": 393,
            "thumb_960": "https:\/\/slack-files.com\/files-tmb\/T07GDKW3U-F097CKPV2-e0c4ac6737\/pasted_image_at_2015_08_18_09_06_am_960.png",
            "thumb_960_w": 960,
            "thumb_960_h": 524,
            "image_exif_rotation": 1,
            "permalink": "https:\/\/dattnetwork.slack.com\/files\/paul_xbt\/F097CKPV2\/pasted_image_at_2015_08_18_09_06_am.png",
            "permalink_public": "https:\/\/slack-files.com\/T07GDKW3U-F097CKPV2-5dd89f5f8a",
            "channels": [
                "C07GDL0Q7"
            ],
            "groups": [],
            "ims": [],
            "comments_count": 2,
            "initial_comment": {
                "id": "Fc097CFZS4",
                "created": 1439845593,
                "timestamp": 1439845593,
                "user": "U08ERPTQF",
                "comment": "I realised we haven't documented all the components currently being considered for the Datt stack... so here's a quick snapshot based on my current understanding"
            },
            "reactions": [
                {
                    "name": "+1",
                    "users": [
                        "U08ERPTQF"
                    ],
                    "count": 1
                }
            ]
        },
        "comment": {
            "id": "Fc097E5MU3",
            "created": 1439847406,
            "timestamp": 1439847406,
            "user": "U07GDL0H5",
            "comment": "Looks good. Under app, I would change \"node.js\" to \"node.js\/browser\" since it is intended to run in both. And under networking, I would change \"Web RTC\" to \"Web RTC\/web sockets\/TCP\" since we should probably use different \"low level\" protocols in different places, although technically we could just use web rtc for everything"
        },
        "ts": "1439847406.004202"
    },
    {
        "type": "message",
        "user": "U08ERPTQF",
        "text": "Great. I'll make those changes and put it in dattdocs for reference.",
        "ts": "1439847719.004205"
    }
]