[
    {
        "type": "message",
        "user": "U08C464NS",
        "text": "(updating the dattmedia repo with few remaining screen ideas)",
        "ts": "1442102300.000002"
    },
    {
        "type": "message",
        "user": "U08C464NS",
        "text": "These are all rough btw, but hopefully it's enough for the prototype",
        "ts": "1442102439.000003"
    },
    {
        "type": "message",
        "user": "U08ERPTQF",
        "text": "Looks great <@U08C464NS> :thumbsup: ",
        "ts": "1442104243.000004"
    }
]