[
    {
        "type": "message",
        "user": "U08DD8LNP",
        "text": "nice, we have built in test suite\/harness with ember-cli as well",
        "ts": "1439283215.000380"
    },
    {
        "type": "message",
        "user": "U08DD8LNP",
        "text": "it\u2019s based on qunit which i\u2019m not a huge fan of (I prefer jasmine) but there are nice test helpers",
        "ts": "1439283245.000381"
    },
    {
        "type": "message",
        "user": "U08ERPTQF",
        "text": ":thumbsup:",
        "ts": "1439283932.000382"
    },
    {
        "type": "message",
        "user": "U08F438SK",
        "text": "awesome, going to dive deep on your stuff in the next couple of days for sure",
        "ts": "1439284256.000383"
    },
    {
        "type": "message",
        "user": "U08DD8LNP",
        "text": "cool ping me if you have any questions and I\u2019ll be glad to help out",
        "ts": "1439284278.000384"
    },
    {
        "type": "message",
        "user": "U08F438SK",
        "text": "thanks, definitely will be asking newbie questions about ember :stuck_out_tongue:",
        "ts": "1439284311.000385"
    },
    {
        "type": "message",
        "user": "U08DD8LNP",
        "text": "for now I\u2019ve tried to keep things really simple as an example for those new to ember",
        "ts": "1439284318.000386"
    },
    {
        "type": "message",
        "user": "U08DD8LNP",
        "text": "there is a paucity of good up to date examples and docs and they are in the middle of a transition to 2.0",
        "ts": "1439284339.000387"
    },
    {
        "type": "message",
        "user": "U08DD8LNP",
        "text": "the stuff I\u2019ve done for datt-ui is aimed at 2.0 but runs in 1.13 since 2.0 isn\u2019t out yet",
        "ts": "1439284363.000388"
    },
    {
        "type": "message",
        "user": "U08DD8LNP",
        "text": "it\u2019s IMO the perfect framework for the type of heavy app we plan on building in the browser.  It\u2019s really built for this sort of thing.  <http:\/\/snew.github.io> is a reddit client I started building in ember",
        "ts": "1439284425.000389"
    },
    {
        "type": "message",
        "user": "U08F438SK",
        "text": "very nice. yes, can't wait to get my hands dirty w ember.  alright, pushed some more code, studied a little webrtc, and now it's time to briefly call it a night! later all",
        "ts": "1439286028.000390"
    },
    {
        "type": "message",
        "user": "U08F438SK",
        "text": "btw, writing a process diagram (in plantUML) sketching out how I see the protocol potentially supporting the basic user stories (signing on, getting list of recent content,  asking for specific content, pushing content, upvoting, etc). hopefully push some of that tonight",
        "ts": "1439304839.000391",
        "reactions": [
            {
                "name": "+1",
                "users": [
                    "U08EZP01H",
                    "U08ERPTQF"
                ],
                "count": 2
            }
        ]
    },
    {
        "type": "message",
        "user": "U08F438SK",
        "text": "think that picture is something worth putting up for feedback to make sure we're not missing anything as we build",
        "ts": "1439304890.000392"
    },
    {
        "type": "message",
        "user": "U08F438SK",
        "text": "btw <@U07GDL0H5>, fixed most of your nits in my fork (using feross\/standard as you proposed; removed the 1 line of jQuery which had leaked into lib\/ from original non-isomorphic prototyping) and merged your code in to mine.",
        "ts": "1439305139.000393"
    },
    {
        "type": "message",
        "user": "U07GDL0H5",
        "text": "great, awesome <@U08F438SK> . i merged mine in as well. note on the \"user stories\" stuff i have done some of that type of work here (see the descriptions of the message types): <https:\/\/github.com\/dattnetwork\/dattdocs\/blob\/master\/p2p.md>",
        "attachments": [
            {
                "service_name": "GitHub",
                "title": "dattnetwork\/dattdocs",
                "title_link": "https:\/\/github.com\/dattnetwork\/dattdocs\/blob\/master\/p2p.md",
                "text": "dattdocs - Document all the things.",
                "fallback": "GitHub: dattnetwork\/dattdocs",
                "thumb_url": "https:\/\/avatars0.githubusercontent.com\/u\/13266895?v=3&s=400",
                "from_url": "https:\/\/github.com\/dattnetwork\/dattdocs\/blob\/master\/p2p.md",
                "thumb_width": 214,
                "thumb_height": 214,
                "id": 1
            }
        ],
        "ts": "1439309776.000394"
    },
    {
        "type": "message",
        "user": "U08F438SK",
        "text": "Great I'll review that this afternoon again, was thinking more building on that, exploring sequences of messages corresponding to user stories (but you prob added this)",
        "ts": "1439310955.000396"
    },
    {
        "type": "message",
        "user": "U08F438SK",
        "text": "BTW submitted another PR for feross\/standard , browser isomorphy fixes (peerjs \/ jQuery not on nodejs side :-) )",
        "ts": "1439311005.000397"
    },
    {
        "type": "message",
        "user": "U07GDL0H5",
        "text": "\"A productive prototype implementation of the Lightning Network on a client-server model with simplifications to allow for a similar experience with features readily available today.\" <http:\/\/thunder.network\/>",
        "ts": "1439311208.000398",
        "reactions": [
            {
                "name": "+1",
                "users": [
                    "U08ERPTQF"
                ],
                "count": 1
            }
        ]
    },
    {
        "type": "message",
        "user": "U08F438SK",
        "text": ":+1: ",
        "ts": "1439312785.000399"
    },
    {
        "type": "message",
        "user": "U08ERPTQF",
        "text": "<@U08F438SK>: I haven't used plantUML (yet) but I'm keen to contribute some UML \/ Sequence diagrams",
        "ts": "1439321155.000400"
    },
    {
        "type": "message",
        "user": "U08ERPTQF",
        "text": "<@U07GDL0H5>: Thunder doesn't seem to help with implementing payment channel hubs in a trustless manner :\/",
        "ts": "1439323007.000401"
    },
    {
        "type": "message",
        "user": "U08D641AP",
        "text": "time to implement duplex channels in fullnode, then. :smile:",
        "ts": "1439328392.000402"
    },
    {
        "type": "message",
        "user": "U07GDL0H5",
        "text": "<@U08ERPTQF>: if i understand correctly, it's not completely trustless, but it doesn't sound like the hub has access to the funds. not 100% sure.",
        "ts": "1439329244.000403"
    },
    {
        "type": "message",
        "user": "U08ERPTQF",
        "text": "I don't think our model will work if there has to be trust between nodes, but I'll read through the Thunder spec again",
        "ts": "1439329434.000404"
    },
    {
        "type": "message",
        "user": "U07GDL0H5",
        "text": "agreed, but i'm also thinking what \"what's actually required for MVP\" and thunder is simpler than lightning",
        "ts": "1439329549.000405"
    }
]