[
    {
        "type": "message",
        "user": "U07GDL0H5",
        "text": "Scaling Bitcoin <http:\/\/blog.datt.co\/articles\/2015-09-15-scaling-bitcoin\/>",
        "ts": "1442344458.000050",
        "reactions": [
            {
                "name": "+1",
                "users": [
                    "U08MAKT70",
                    "U08EZP01H",
                    "U08D641AP"
                ],
                "count": 3
            }
        ]
    },
    {
        "type": "message",
        "user": "U0ALSQB43",
        "text": "&gt; I hope the outcome will be that there will be more friendliness and less trolling\nI heard gavin and mike did not attend",
        "ts": "1442352719.000051"
    },
    {
        "type": "message",
        "user": "U0ALSQB43",
        "text": "<@U07GDL0H5> ^",
        "ts": "1442352743.000052"
    },
    {
        "type": "message",
        "user": "U0ALSQB43",
        "text": "as they seem to be a focal point of drama",
        "ts": "1442352760.000053"
    },
    {
        "type": "message",
        "user": "U07GDL0H5",
        "text": "gavin attended. mike did not.",
        "ts": "1442352762.000054"
    },
    {
        "type": "message",
        "user": "U0ALSQB43",
        "text": "what were your favorite talks? trying to watch the videos",
        "ts": "1442352944.000055"
    },
    {
        "type": "message",
        "user": "U08ERPTQF",
        "text": "<@U07GDL0H5>: did you see Rusty (Lightning guy) there? I know they've largely stayed out of the debate so far",
        "ts": "1442353023.000056"
    },
    {
        "type": "message",
        "user": "U07GDL0H5",
        "text": "yeah rusty was there",
        "ts": "1442353037.000057"
    },
    {
        "type": "message",
        "user": "U07GDL0H5",
        "text": "note that rusty is not one of the people that invented lightning. rusty works for blockstream. they are definitely in the debate.",
        "ts": "1442353062.000058"
    },
    {
        "type": "message",
        "user": "U07GDL0H5",
        "text": "<@U0ALSQB43>: favorite talk was the one at the end of Day 1 with the woman who studied open source communities. absolutely fascinating talk.",
        "ts": "1442353113.000059"
    },
    {
        "type": "message",
        "user": "U07GDL0H5",
        "text": "it was a discussion with elizabeth stark, not a talk",
        "ts": "1442353127.000060"
    },
    {
        "type": "message",
        "user": "U0ALSQB43",
        "text": "<@U07GDL0H5>: would it happen to be in this video? <https:\/\/www.youtube.com\/watch?v=G6PnLSH40lQ>",
        "attachments": [
            {
                "service_name": "YouTube",
                "service_url": "https:\/\/www.youtube.com\/",
                "title": "Scaling Bitcoin Day 1 - Afternoon Session Wrap-up",
                "title_link": "https:\/\/www.youtube.com\/watch?v=G6PnLSH40lQ",
                "author_name": "Scaling Bitcoin",
                "author_link": "https:\/\/www.youtube.com\/channel\/UCmwaDulmQtX-H8FOSQTKqMg",
                "thumb_url": "https:\/\/i.ytimg.com\/vi\/G6PnLSH40lQ\/hqdefault.jpg",
                "thumb_width": 480,
                "thumb_height": 360,
                "fallback": "YouTube Video: Scaling Bitcoin Day 1 - Afternoon Session Wrap-up",
                "video_html": "<iframe width=\"400\" height=\"225\" src=\"https:\/\/www.youtube.com\/embed\/G6PnLSH40lQ?feature=oembed\" frameborder=\"0\" allowfullscreen><\/iframe>",
                "video_html_width": 400,
                "video_html_height": 225,
                "from_url": "https:\/\/www.youtube.com\/watch?v=G6PnLSH40lQ",
                "id": 1
            }
        ],
        "ts": "1442353196.000061"
    },
    {
        "type": "message",
        "user": "U0ALSQB43",
        "text": "they seem to be missing much of day 1",
        "ts": "1442353202.000063"
    },
    {
        "type": "message",
        "user": "U07GDL0H5",
        "text": "lolwtf is it a sheer coincidence that i am on the preview",
        "ts": "1442353235.000064",
        "reactions": [
            {
                "name": "joy",
                "users": [
                    "U08ERPTQF",
                    "U08D641AP"
                ],
                "count": 2
            }
        ]
    },
    {
        "type": "message",
        "user": "U07GDL0H5",
        "text": "but yes, that is the right video",
        "ts": "1442353320.000065"
    },
    {
        "type": "message",
        "user": "U08ERPTQF",
        "text": "Yep, it just seems that it could appease both sides if Bitcoin core increased to 8mb AND fast tracked the BIPS for Rusty's variation of lightning",
        "ts": "1442353330.000066"
    },
    {
        "type": "message",
        "user": "U08ERPTQF",
        "text": "Great post on Datt blog BTW. ",
        "ts": "1442353486.000067"
    },
    {
        "type": "message",
        "user": "U0ALSQB43",
        "text": "<@U08ERPTQF>: wouldn\u2019t you think it might be interesting to see what happens when the current cap gets full and see a fee market develop?",
        "ts": "1442353487.000068"
    },
    {
        "type": "message",
        "user": "U08ERPTQF",
        "text": "<@U0ALSQB43>: I certainly do want to see a fee market develop, but not yet. We need to build more utility first",
        "ts": "1442353674.000069"
    },
    {
        "type": "message",
        "user": "U08C464NS",
        "text": "was there any headway made at this conf? did it change anybodies minds?",
        "ts": "1442353732.000070"
    },
    {
        "type": "message",
        "user": "U07GDL0H5",
        "text": "it was actually deliberately designed not to arrive at any conclusions. instead, this paves the way for proposals to be made for the next workshop in Hong Kong in November. after that workshop, decisions will be made.",
        "ts": "1442353809.000071"
    },
    {
        "type": "message",
        "user": "U07GDL0H5",
        "text": "as i said in the blog post, i think the best headway was for people to meet each other, which i'm hoping will help decrease the trolling, but i doubt it will make much of a difference on what happens with the block size.",
        "ts": "1442353843.000072"
    },
    {
        "type": "message",
        "user": "U08FJ080J",
        "text": "&gt; Instead, I hope the outcome will be that there will be more friendliness and less trolling in the bitcoin community, now that more people have met each other in person.\nScaling bitcoin workshop should have been renamed to 'Anti-trolling conference'",
        "ts": "1442360983.000073",
        "reactions": [
            {
                "name": "beers",
                "users": [
                    "U08ERPTQF",
                    "U07GDL0H5",
                    "U08D641AP"
                ],
                "count": 3
            }
        ]
    },
    {
        "type": "message",
        "user": "U08FJ080J",
        "text": "Everyone gets together and has a beer.",
        "ts": "1442360991.000074"
    },
    {
        "type": "message",
        "user": "U08D641AP",
        "text": "as someone who was present at the #ScalingBitcoin conference, can confirm, beers were had",
        "ts": "1442373794.000075"
    },
    {
        "type": "message",
        "user": "U08D641AP",
        "text": "also moderated questions for the anthropologist at the end of day 1, mentioned in <https:\/\/dattnetwork.slack.com\/archives\/general\/p1442353113000059>",
        "attachments": [
            {
                "color": "4D394B",
                "from_url": "https:\/\/dattnetwork.slack.com\/archives\/general\/p1442353113000059",
                "fallback": "[September 15th, 2015 2:38 PM] ryanxcharles: <@U0ALSQB43>: favorite talk was the one at the end of Day 1 with the woman who studied open source communities. absolutely fascinating talk.",
                "author_subname": "ryanxcharles",
                "ts": 1442353113,
                "text": "<@U0ALSQB43>: favorite talk was the one at the end of Day 1 with the woman who studied open source communities. absolutely fascinating talk.",
                "author_link": "https:\/\/dattnetwork.slack.com\/team\/ryanxcharles",
                "author_icon": "https:\/\/secure.gravatar.com\/avatar\/17e6619ba42a009b25f1883641e64e1c.jpg?s=48&d=https%3A%2F%2Fslack.global.ssl.fastly.net%2F3654%2Fimg%2Favatars%2Fava_0021-48.png",
                "mrkdwn_in": [
                    "text"
                ],
                "id": 1
            }
        ],
        "ts": "1442373823.000076"
    },
    {
        "type": "message",
        "user": "U08D641AP",
        "text": "favorite talk was the roundtable, \"How do we multiple the developer base 10x?\" <https:\/\/twitter.com\/victoriavaneyk\/status\/643154449712697344>",
        "attachments": [
            {
                "fallback": "<https:\/\/twitter.com\/victoriavaneyk|@victoriavaneyk>: How do we 10x the core devs in Bitcoin? #ScalingBitcoin <https:\/\/twitter.com\/martindale|@martindale> <https:\/\/twitter.com\/wtogami|@wtogami> <https:\/\/pbs.twimg.com\/media\/COzxj7ZWsAAVD7y.jpg>",
                "ts": 1442174944,
                "author_name": "Victoria van Eyk",
                "author_link": "https:\/\/twitter.com\/victoriavaneyk\/status\/643154449712697344",
                "author_icon": "https:\/\/pbs.twimg.com\/profile_images\/624727623877263360\/0Tmu98tu_normal.jpg",
                "author_subname": "@victoriavaneyk",
                "text": "How do we 10x the core devs in Bitcoin? #ScalingBitcoin <https:\/\/twitter.com\/martindale|@martindale> <https:\/\/twitter.com\/wtogami|@wtogami> <https:\/\/pbs.twimg.com\/media\/COzxj7ZWsAAVD7y.jpg>",
                "service_name": "twitter",
                "service_url": "https:\/\/twitter.com\/",
                "image_url": "https:\/\/pbs.twimg.com\/media\/COzxj7ZWsAAVD7y.jpg",
                "image_width": 600,
                "image_height": 450,
                "image_bytes": 32049,
                "from_url": "https:\/\/twitter.com\/victoriavaneyk\/status\/643154449712697344",
                "id": 1
            }
        ],
        "ts": "1442373873.000078"
    },
    {
        "type": "message",
        "user": "U08D641AP",
        "text": "many parallels between early linux and Bitcoin were drawn, cannot help but be astounded at the similarities",
        "ts": "1442373897.000080"
    },
    {
        "type": "message",
        "user": "U08D641AP",
        "text": "major differentiator is that our Linus disappeared",
        "ts": "1442373911.000081"
    },
    {
        "type": "message",
        "user": "U08D641AP",
        "text": "things are still on a very similar track, however",
        "ts": "1442373919.000082"
    },
    {
        "type": "message",
        "user": "U08D641AP",
        "text": "long story short, we'll be fine.",
        "ts": "1442373949.000083",
        "reactions": [
            {
                "name": "+1",
                "users": [
                    "U08ERPTQF"
                ],
                "count": 1
            }
        ]
    }
]