[
    {
        "type": "message",
        "user": "U07GDL0H5",
        "text": "<http:\/\/datt.net\/>",
        "attachments": [
            {
                "text": "Decentralize all the things",
                "fallback": "Decentralize all the things",
                "from_url": "http:\/\/datt.net\/",
                "id": 1
            }
        ],
        "ts": "1440440438.004287",
        "reactions": [
            {
                "name": "+1",
                "users": [
                    "U08CG8V89",
                    "U08FN53TR",
                    "U08C464NS",
                    "U08DDGSNQ",
                    "U08DH3ESU"
                ],
                "count": 5
            },
            {
                "name": "rocket",
                "users": [
                    "U08EZP01H",
                    "U08ERPTQF",
                    "U08F438SK"
                ],
                "count": 3
            },
            {
                "name": "octopus",
                "users": [
                    "U08FJ080J"
                ],
                "count": 1
            }
        ]
    },
    {
        "user": "U09HNULS1",
        "type": "message",
        "subtype": "channel_join",
        "text": "<@U09HNULS1|reidw> has joined the channel",
        "ts": "1440452663.004289"
    },
    {
        "type": "message",
        "user": "U08SX8YP5",
        "text": "been travelling for a few days so apologizes if this has been posted -- but it's worth the read. <http:\/\/www.renderingwithstyle.com\/post\/127493183563\/the-internets-own-magna-carta>",
        "attachments": [
            {
                "service_name": "Tumblr",
                "service_url": "http:\/\/www.tumblr.com",
                "author_name": "rendering with style",
                "author_link": "http:\/\/www.renderingwithstyle.com\/",
                "text": "<http:\/\/www.renderingwithstyle.com\/post\/127493183563\/the-internets-own-magna-carta>",
                "fallback": "Tumblr Link: ",
                "from_url": "http:\/\/www.renderingwithstyle.com\/post\/127493183563\/the-internets-own-magna-carta",
                "title_link": "http:\/\/www.renderingwithstyle.com\/post\/127493183563\/the-internets-own-magna-carta",
                "id": 1
            }
        ],
        "ts": "1440453237.004290",
        "reactions": [
            {
                "name": "+1",
                "users": [
                    "U07GDL0H5",
                    "U08ERPTQF"
                ],
                "count": 2
            }
        ]
    },
    {
        "type": "message",
        "user": "U08EZP01H",
        "text": "Just created a Marketing channel for post-prototype",
        "ts": "1440455763.004292"
    },
    {
        "type": "message",
        "user": "U08EZP01H",
        "text": "I posted an initial marketing outline as well. So far it consists of core principles and content strategy.",
        "ts": "1440455836.004293"
    }
]