[
    {
        "user": "U08CG8V89",
        "type": "message",
        "subtype": "channel_join",
        "text": "<@U08CG8V89|c_prompt> has joined the channel",
        "ts": "1438688042.000050"
    },
    {
        "user": "U08C22VNW",
        "type": "message",
        "subtype": "channel_join",
        "text": "<@U08C22VNW|mhouston> has joined the channel",
        "ts": "1438698362.000051"
    },
    {
        "type": "message",
        "user": "U08D641AP",
        "text": "actually, we can use service workers (possibly in combination with web workers) as a secure keystore, extensions don't have access to this",
        "ts": "1438715329.000052",
        "reactions": [
            {
                "name": "+1",
                "users": [
                    "U08ERPTQF"
                ],
                "count": 1
            }
        ]
    },
    {
        "type": "message",
        "user": "U08ERPTQF",
        "text": "Consider that I'm a user who wishes to remain anonymous, I have made 3 popular posts, so my balance reports a 50mBTC balance. How can I withdraw bitcoins without revealing that I was the author of those 3 posts? A single withdrawal wouldn't suffice, but 3 separate transactions to different Bitcoin addresses is cumbersome. <@U07GDL0H5> can fullnode support CoinJoin?",
        "ts": "1438727966.000053"
    },
    {
        "type": "message",
        "user": "U07GDL0H5",
        "text": "<@U08ERPTQF>: privacy has been a personal interest of mine for a long time. fullnode has partial support for stealth addresses. it does not support coinjoin, but that is something we could add at the right time.",
        "ts": "1438728106.000054"
    },
    {
        "type": "message",
        "user": "U07GDL0H5",
        "text": "i don't think coinjoin should be a part of MVP, but it should be on the list of features to be added at an appropriate time.",
        "ts": "1438728127.000055"
    },
    {
        "type": "message",
        "user": "U08ERPTQF",
        "text": "Stealth addresses will be good. Agree CoinJoin isn't needed for MVP :)",
        "ts": "1438728270.000056"
    },
    {
        "user": "U08DH3ESU",
        "type": "message",
        "subtype": "channel_join",
        "text": "<@U08DH3ESU|aramkris> has joined the channel",
        "ts": "1438743477.000057"
    }
]