[
    {
        "type": "message",
        "user": "U08F438SK",
        "text": "On way to SF, thanks for checking PRs this AM",
        "ts": "1440871103.000051"
    },
    {
        "user": "U09RYHDME",
        "type": "message",
        "subtype": "channel_join",
        "text": "<@U09RYHDME|kendamagendale> has joined the channel",
        "ts": "1440879797.000052"
    },
    {
        "type": "message",
        "user": "U07GDL0H5",
        "text": "summary for the week: <http:\/\/blog.datt.co\/articles\/2015-08-29-end-of-week-four\/>",
        "ts": "1440887925.000053",
        "reactions": [
            {
                "name": "+1",
                "users": [
                    "U08EZP01H",
                    "U08ERPTQF",
                    "U08F438SK",
                    "U08C464NS",
                    "U08FJ080J"
                ],
                "count": 5
            }
        ]
    },
    {
        "type": "message",
        "user": "U08EZP01H",
        "text": "the IDEO thing could really be great. they've got a track record of building amazing human-first products.",
        "ts": "1440895845.000054"
    },
    {
        "type": "message",
        "user": "U08EZP01H",
        "text": "an editing note: the paragraph after the 6 priorities has the final sentence repeated twice",
        "ts": "1440895946.000055"
    },
    {
        "type": "message",
        "user": "U07GDL0H5",
        "text": "thanks, fixed :simple_smile:",
        "ts": "1440901231.000056"
    },
    {
        "type": "message",
        "user": "U08ERPTQF",
        "text": "<@U07GDL0H5>: Another good week. I've also been working on some slides for a general preso, so I will share those soon :simple_smile: ",
        "ts": "1440905211.000057"
    }
]