[
    {
        "user": "U09SE617Z",
        "type": "message",
        "subtype": "channel_join",
        "text": "<@U09SE617Z|sawyercade> has joined the channel",
        "ts": "1440954941.000058"
    },
    {
        "type": "message",
        "user": "U08F438SK",
        "text": "Backfeed (decentralized web company) is presenting at Hacker Dojo tonight",
        "ts": "1440974379.000059"
    },
    {
        "type": "message",
        "user": "U08F438SK",
        "text": "5PM. Might move my coding there in case they start really going through their stuff",
        "ts": "1440974409.000060"
    },
    {
        "type": "message",
        "user": "U08F438SK",
        "text": "There -&gt; Hacker Dojo so I can see",
        "ts": "1440974426.000061"
    }
]