[
    {
        "type": "message",
        "user": "U08DGB0F2",
        "text": "<@U08F438SK>: insightful observation. This gives me a great idea for an essay. How can I share it with you?",
        "ts": "1439365648.004049"
    },
    {
        "type": "message",
        "user": "U08DH3ESU",
        "text": "In continuation with <@U08F438SK> thoughts; the usage of platforms can become different now; The platforms of the last 10 years have succeeded largely because they found the correct correlation between usage of cloud, mobile networks and social networks becoming big. Cloud was centralized, social networks are centralized and mobile connectivity became cheaper enabling millions to skip the desktop and join the networked world directly. Now, we are starting to see a movement which can happen over the next few years, where we see de-centralized cloud (where everyone's desktop becomes a part of the cloud due to the level of security provided), de-centralized networks (which are Interest networks rather than social networks) and cheaper and better mobile connectivity driving more and better usage of what the web offers. The cost of the de-centralized system will be significantly lower. So, the network effects which a platform brings can accrue in a better manner to creators and users.",
        "edited": {
            "user": "U08DH3ESU",
            "ts": "1439366378.000000"
        },
        "ts": "1439366273.004050"
    },
    {
        "type": "message",
        "user": "U08DD8LNP",
        "text": "so a thought I had last night that will seem a bit weird considering our name\u2026. I think we should centralize the logic around payments initially",
        "ts": "1439397364.004052"
    },
    {
        "type": "message",
        "user": "U08DD8LNP",
        "text": "to make it easier to get a platform we can iterate on, because trying to come up with a workable incentive structure, and also trying to come up with a way to programmatically enforce that on the blockchain with the limitations that exist WRT blockchains is really really tough, and it would be easier to take one step at a time.  This would IMO function a bit like changetip but with more publicly available data about what we\u2019re doing with the funds (to expose votes etc..) and ideally this would eventually be replaced by lightning\/sidechain\/ethereum tech later in the process",
        "ts": "1439397487.004053"
    },
    {
        "type": "message",
        "user": "U08DD8LNP",
        "text": "I\u2019ve put my high level data model thinking here: <https:\/\/github.com\/dattnetwork\/dattdocs\/blob\/master\/data-models.md> pretty much a copy\/paste from my crypto-anarchy social aggregator blog post that described my idea for how collectives work.  Ive seen people seem to be conflating listings and collectives, might need a better term for listings.  Listings are in my mind a list of content that you can only add things to, never remove.  Moderation is accomplished with additional listings that serve as exclusions.",
        "attachments": [
            {
                "service_name": "GitHub",
                "title": "dattnetwork\/dattdocs",
                "title_link": "https:\/\/github.com\/dattnetwork\/dattdocs\/blob\/master\/data-models.md",
                "text": "dattdocs - Document all the things.",
                "fallback": "GitHub: dattnetwork\/dattdocs",
                "thumb_url": "https:\/\/avatars0.githubusercontent.com\/u\/13266895?v=3&s=400",
                "from_url": "https:\/\/github.com\/dattnetwork\/dattdocs\/blob\/master\/data-models.md",
                "thumb_width": 214,
                "thumb_height": 214,
                "id": 1
            }
        ],
        "ts": "1439398044.004054"
    },
    {
        "type": "message",
        "user": "U08DD8LNP",
        "text": "<@U07GDL0H5>: also one thing I didn\u2019t think of till just now, it should be perfectly fine if you run the full nodes on io.js and we use node.js for ember-cli",
        "ts": "1439398916.004056"
    },
    {
        "type": "message",
        "user": "U08DD8LNP",
        "text": "the node stuff in datt.ui is really just a build tool and nothing more",
        "ts": "1439398926.004057"
    },
    {
        "type": "message",
        "user": "U08DD8LNP",
        "text": "just updated all the datt.ui code to ES6, here\u2019s where the datt.",
        "ts": "1439399407.004058"
    },
    {
        "type": "message",
        "user": "U08DD8LNP",
        "text": "err where the datt-node wrapper code will go: <https:\/\/github.com\/dattnetwork\/datt.ui\/blob\/master\/app\/services\/datt.js>  I\u2019m gonna go nap for a couple more hours",
        "attachments": [
            {
                "service_name": "GitHub",
                "title": "dattnetwork\/datt.ui",
                "title_link": "https:\/\/github.com\/dattnetwork\/datt.ui\/blob\/master\/app\/services\/datt.js",
                "text": "datt.ui - Ember.js UX\/mock playground that may eventually evolve into something useful",
                "fallback": "GitHub: dattnetwork\/datt.ui",
                "thumb_url": "https:\/\/avatars0.githubusercontent.com\/u\/13266895?v=3&s=400",
                "from_url": "https:\/\/github.com\/dattnetwork\/datt.ui\/blob\/master\/app\/services\/datt.js",
                "thumb_width": 214,
                "thumb_height": 214,
                "id": 1
            }
        ],
        "ts": "1439399421.004059"
    },
    {
        "type": "message",
        "user": "U07GDL0H5",
        "text": "<@U08DD8LNP>: i'm sympathetic to having a centralized solution for payments because it's easier, but i'm very concerned we'd find ourselves spending a bunch of time building something not compatible with our long-term vision, and then finding that we're basically locked into centralized payments due to the difficulty of rewriting it",
        "ts": "1439404008.004061"
    },
    {
        "type": "message",
        "user": "U07GDL0H5",
        "text": "noted on the io.js vs. node.js stuff. however, i think if the main \"datt\" app combines both and runs both, that will need to use node.js, since that's the only way it can be compatible with ember (for now), and that means both datt-node and datt-ui must be node.js",
        "ts": "1439404061.004062"
    },
    {
        "type": "message",
        "user": "U07GDL0H5",
        "text": "however, for writing the front-end in ES6, that seems fine to me, as it's all built to ES5 and run in a browser, and server-side is perfectly compatible with node.js",
        "ts": "1439404122.004063"
    },
    {
        "type": "message",
        "user": "U07GDL0H5",
        "text": "if ember already supported io.js 3.0.0 i would say unquestioningly use io.js for everything, but i think we're building this just slightly too early for that to be convenient.",
        "ts": "1439404163.004064"
    },
    {
        "type": "message",
        "user": "U07GDL0H5",
        "text": "supposedly the new version of node.js in october will be based on io.js, and presumably ember will want to hurry up and support that when it happens. then we can switch to io.js and start making use of the cool features there server-side.",
        "ts": "1439404202.004065"
    },
    {
        "type": "message",
        "user": "U08DD8LNP",
        "text": "yeah that\u2019s absolutely a reasonable concern (being locked into centralized payments) but with enough abstraction it may be avoidable.",
        "ts": "1439407308.004066"
    },
    {
        "type": "message",
        "user": "U08D641AP",
        "text": "so Russia just banned Reddit",
        "ts": "1439408097.004067"
    },
    {
        "type": "message",
        "user": "U08D641AP",
        "text": "<https:\/\/meduza.io\/en\/news\/2015\/08\/12\/russia-bans-reddit>",
        "attachments": [
            {
                "service_name": "Meduza",
                "title": "Russia bans Reddit",
                "title_link": "https:\/\/meduza.io\/en\/news\/2015\/08\/12\/russia-bans-reddit",
                "text": "Reddit, one of the most popular destinations on the Internet, has been added to Russia's list of banned websites. The Federal Drug Control Service decided to block the site after discovering what it says is content promoting the use of illegal drugs.\u00a0",
                "fallback": "Meduza: Russia bans Reddit",
                "image_url": "https:\/\/meduza.io\/image\/share_images\/13566.png?1439399474",
                "image_width": 476,
                "image_height": 250,
                "from_url": "https:\/\/meduza.io\/en\/news\/2015\/08\/12\/russia-bans-reddit",
                "image_bytes": 15936,
                "id": 1
            }
        ],
        "ts": "1439408109.004068",
        "reactions": [
            {
                "name": "no_mouth",
                "users": [
                    "U08EZP01H",
                    "U08ERPTQF",
                    "U08F2RTCN",
                    "U08DD8LNP",
                    "U08CBD41G"
                ],
                "count": 5
            }
        ]
    },
    {
        "type": "message",
        "user": "U08DD8LNP",
        "text": "Yeah, from what I\u2019m hearing it\u2019s because of this subreddit: <https:\/\/www.reddit.com\/r\/rudrugs>",
        "attachments": [
            {
                "service_name": "reddit",
                "title": "\u041d\u0430\u0440\u043a\u043e\u0442\u0438\u0447\u0435\u0441\u043a\u0438\u0435 \u0432\u0435\u0449\u0435\u0441\u0442\u0432\u0430 \u043f\u043e-\u0440\u0443\u0441\u0441\u043a\u0438 \u2022 \/r\/rudrugs",
                "title_link": "https:\/\/www.reddit.com\/r\/rudrugs",
                "text": "reddit: the front page of the internet",
                "fallback": "reddit: \u041d\u0430\u0440\u043a\u043e\u0442\u0438\u0447\u0435\u0441\u043a\u0438\u0435 \u0432\u0435\u0449\u0435\u0441\u0442\u0432\u0430 \u043f\u043e-\u0440\u0443\u0441\u0441\u043a\u0438 \u2022 \/r\/rudrugs",
                "thumb_url": "https:\/\/www.redditstatic.com\/icon.png",
                "from_url": "https:\/\/www.reddit.com\/r\/rudrugs",
                "thumb_width": 256,
                "thumb_height": 256,
                "id": 1
            }
        ],
        "ts": "1439412380.004070"
    },
    {
        "type": "message",
        "user": "U08EZP01H",
        "text": "Ha. <https:\/\/www.reddit.com\/r\/rudrugs\/comments\/3grm4d\/tfw_you_are_the_reason_to_block_reddit_in_russia\/>",
        "attachments": [
            {
                "service_name": "reddit",
                "title": "tfw you are the reason to block Reddit in Russia \u2022 \/r\/rudrugs",
                "title_link": "https:\/\/www.reddit.com\/r\/rudrugs\/comments\/3grm4d\/tfw_you_are_the_reason_to_block_reddit_in_russia\/",
                "text": "So I am the one who posted [this](<https:\/\/www.reddit.com\/r\/rudrugs\/comments\/1derq9\/\u043c\u0438\u043d\u0438\u043c\u0430\u043b\u044c\u043d\u044b\u0439_\u0438_\u043d\u0430\u0434\u0435\u0436\u043d\u044b\u0439_\u043c\u0435\u0442\u043e\u0434_\u0432\u044b\u0440\u0430\u0449\u0438\u0432\u0430\u043d\u0438\u044f_\u043f\u0441\u0438\u043b\u043e\u0446\u0438\u0431\u044b\/>) In...",
                "fallback": "reddit: tfw you are the reason to block Reddit in Russia \u2022 \/r\/rudrugs",
                "thumb_url": "https:\/\/www.redditstatic.com\/icon.png",
                "from_url": "https:\/\/www.reddit.com\/r\/rudrugs\/comments\/3grm4d\/tfw_you_are_the_reason_to_block_reddit_in_russia\/",
                "thumb_width": 256,
                "thumb_height": 256,
                "id": 1
            }
        ],
        "ts": "1439414105.004072"
    },
    {
        "type": "message",
        "user": "U08ERPTQF",
        "text": "Haha nice",
        "ts": "1439414612.004074"
    },
    {
        "type": "message",
        "user": "U08DD8LNP",
        "text": "yeah it was one thing when I thought russia was banning reddit for \/r\/trees or some active subreddit dedicated to drug cultivation.  The fact that they are blocking the whole site based on a community with 2 posts (3 now) is fucking hilarious",
        "ts": "1439417448.004075"
    },
    {
        "type": "message",
        "user": "U08EZP01H",
        "text": "With the pendulum having swung so far in one direction it seems almost inevitable that decentralization is going to play a major role very soon.",
        "ts": "1439417942.004076"
    },
    {
        "type": "message",
        "user": "U08EZP01H",
        "text": "This news is almost comic. And the response seems to be the same.",
        "ts": "1439418019.004077"
    },
    {
        "type": "message",
        "user": "U08DD8LNP",
        "text": "saw this comment on worldnews: \"The irony.\n\nu\/spez bans stuff he and his board don't like, Russian government doesn't like reddit so bans it. \"",
        "ts": "1439418047.004078"
    },
    {
        "type": "message",
        "user": "U08DD8LNP",
        "text": "so reddit is pretty much just screwed in russia, they can\u2019t even really argue against it.  Losing the moral high ground is a bitch.  Reddit has been banned in china for quite a while though so they may just not care.  Though part of me wonders if part of the move towards cleaning up the site is to go for more global presence.  China could be a huge growth potential for them in the same way it was for google.",
        "ts": "1439418138.004079"
    }
]