[
    {
        "type": "message",
        "user": "U08MAKT70",
        "text": "Been travelling alot the last couple of weeks, but are eager to get coding again! What\u2019s status on the network part now?",
        "ts": "1442604857.000023"
    },
    {
        "type": "message",
        "user": "U07GDL0H5",
        "text": "i pushed some stuff last week, but mostly haven't worked on the code this week. i'm working on \"the master plan\" which i will explain in the next blog post.",
        "ts": "1442604902.000024"
    },
    {
        "type": "message",
        "user": "U08MAKT70",
        "text": "Oh, sounds interesting!",
        "ts": "1442605598.000025"
    }
]