[
    {
        "type": "message",
        "user": "U08EZP01H",
        "text": "Competition is good for performance. :simple_smile: Validates the space as well.",
        "ts": "1440952570.000029"
    },
    {
        "type": "message",
        "user": "U08ERPTQF",
        "text": "Agreed. To some extent they are marketing the concept for us :stuck_out_tongue_winking_eye:",
        "ts": "1440962277.000030"
    },
    {
        "type": "message",
        "user": "U08DH3ESU",
        "text": "According to Linkedin, Decent is registered as a 'Non-Profit'. I am also curious as to how they are handling (micro)payments to the author.",
        "ts": "1440985751.000031"
    },
    {
        "type": "message",
        "user": "U08DH3ESU",
        "text": "Good to be back after a vacation. Lots to catch up with. :simple_smile:",
        "ts": "1440985786.000032"
    },
    {
        "type": "message",
        "user": "U08ERPTQF",
        "text": ":thumbsup: welcome back <@U08DH3ESU> ",
        "ts": "1440985880.000033"
    },
    {
        "type": "message",
        "user": "U08DH3ESU",
        "text": "Thanks <@U08ERPTQF>; Curiously one immediate use case for datt can be like the publishing of research report (or articles linking to research reports). These are anyway paid for reports and if any one of the companies publishing them is accepting bitcoins, this can be a great way to start the platform. And that content also comes with credibility. (Something like Taylor &amp; Francis online <http:\/\/tandfonline.com|tandfonline.com>)",
        "ts": "1440986242.000034",
        "reactions": [
            {
                "name": "+1",
                "users": [
                    "U08ERPTQF"
                ],
                "count": 1
            }
        ]
    }
]