[
    {
        "type": "message",
        "user": "U08DDGSNQ",
        "text": "Roger Ver is making a serious attempt to build &amp; promote forum for <http:\/\/bitcoin.com|bitcoin.com> (<https:\/\/forum.bitcoin.com\/>).  I believe his motivation is to get away from the censorship on r\/Bitcoin and make use of an awesome domain. Does it make sense to explore ways datt could work with <http:\/\/Bitcoin.com|Bitcoin.com>?",
        "attachments": [
            {
                "text": "In the news, Bitcoin Discussion, Development &amp; Technical Discussion, Mining, Technical Support, Project Development, AMA - Ask Me Anything, Economics, Marketplace, Trading Discussion, Speculation, The Forum, Politics &amp; Society, Beginners &amp..",
                "fallback": "In the news, Bitcoin Discussion, Development &amp; Technical Discussion, Mining, Technical Support, Project Development, AMA - Ask Me Anything, Economics, Marketplace, Trading Discussion, Speculation, The Forum, Politics &amp; Society, Beginners &amp..",
                "from_url": "https:\/\/forum.bitcoin.com\/",
                "id": 1
            }
        ],
        "ts": "1443736276.000002"
    },
    {
        "type": "message",
        "user": "U07GDL0H5",
        "text": "that's an interesting idea. if we can pull off the vision of datt, it should be possible for different sites like <http:\/\/bitcoin.com|bitcoin.com> to provide a window into the same content and userbase ... but perhaps customized for a particular community. e.g. maybe <http:\/\/bitcoin.com|bitcoin.com> is a \"bitcoin-only\" window to the datt network.",
        "ts": "1443737869.000004"
    },
    {
        "type": "message",
        "user": "U08DDGSNQ",
        "text": "yea, that would be awesome. whatever forum software he\u2019s using now sucks",
        "ts": "1443740016.000005"
    },
    {
        "type": "message",
        "user": "U08DDGSNQ",
        "text": "happy to intro if you think it\u2019s worth discussing",
        "ts": "1443740045.000006"
    },
    {
        "type": "message",
        "user": "U07GDL0H5",
        "text": "not yet. when the time is right :simple_smile:",
        "ts": "1443742678.000007"
    }
]