[
    {
        "user": "U09HNULS1",
        "type": "message",
        "subtype": "channel_join",
        "text": "<@U09HNULS1|reidw> has joined the channel",
        "ts": "1440452864.000696"
    },
    {
        "type": "message",
        "user": "U08MAKT70",
        "text": "I propose implementing the p2p protocol in a similar way to BitTorrent with DHT and micropayments. Given that the user knows the hash of the content wanted, he will find peers having this content using the DHT, and pay those peers to retrieve the content (similar to JoyStream). If we in the future makes it possible to let the seeders dynamically adjust their pricing and bandwidth, we can end up with a network having \u201cmarket optimal\u201d hosting prices :smile: (and even let users not paying browse the network with reduces speed). My thought is that the user sign a transaction to the author of the content up front that is checked by every node in the DHT lookup, forcing the user to pay the author and let nodes disconnect from dishonest nodes trying to get away with not paying",
        "ts": "1440481450.000002"
    },
    {
        "type": "message",
        "user": "U08ERPTQF",
        "text": "<@U08MAKT70>: this could be unnecessary if the author wants their content to be free and only profit from upvotes &amp; tips",
        "ts": "1440481902.000003"
    },
    {
        "type": "message",
        "user": "U08ERPTQF",
        "text": "It is also difficult to identify a peer acting as a node that requests content without paying, versus a peer acting as a client whom should pay",
        "ts": "1440481960.000004"
    },
    {
        "type": "message",
        "user": "U08MAKT70",
        "text": "The author can of course set the price of the content to 0, an I believe both content and hosting should be free to begin with",
        "ts": "1440481964.000005"
    },
    {
        "type": "message",
        "user": "U08ERPTQF",
        "text": "Agree that content will be free to begin with",
        "ts": "1440482006.000006"
    },
    {
        "type": "message",
        "user": "U08MAKT70",
        "text": "Bear in mind that this is for the underlaying p2p protocol, and not for the \u201creddit-like\u201d MVP,  which I believe should be built on top of this",
        "ts": "1440482080.000007"
    },
    {
        "type": "message",
        "user": "U08ERPTQF",
        "text": "Another option is for the author to only provide a decryption key to a client that has paid",
        "ts": "1440482106.000008"
    },
    {
        "type": "message",
        "user": "U08MAKT70",
        "text": "Hm, that is a good idea",
        "ts": "1440482122.000009"
    },
    {
        "type": "message",
        "user": "U08MAKT70",
        "text": "Let users host content without actually paying for it",
        "ts": "1440482141.000010"
    },
    {
        "type": "message",
        "user": "U08ERPTQF",
        "text": "That allows all content to propagate freely, but the author is still in control. Yep a client could be storing the content already, just it isn't displayed until it's been decrypted",
        "ts": "1440482225.000011"
    },
    {
        "type": "message",
        "user": "U08ERPTQF",
        "text": "I also like how the Tokenly CMS solves this problem with specific tokens containing the right to access a Forum, but I don't think that would scale well, so decryption keys seems to work well for a general use case.",
        "ts": "1440482388.000012"
    },
    {
        "type": "message",
        "user": "U08MAKT70",
        "text": "I like the idea! I will sketch out some more, and convince myself that it makes sense :smile:",
        "ts": "1440482436.000013"
    },
    {
        "type": "message",
        "user": "U08ERPTQF",
        "text": "That'd be cool :smile: ",
        "ts": "1440482468.000014"
    },
    {
        "type": "message",
        "user": "U08ERPTQF",
        "text": "There is also an underlying assumption that all content could be encrypted with WebCrypto, just public posts will pass along the decrypt keys with the content",
        "ts": "1440482561.000015"
    },
    {
        "type": "message",
        "user": "U08F438SK",
        "text": "Super excited about trying something like that <@U08MAKT70> . <@U08ERPTQF> great idea about getting paid to route W\/out even having access to data",
        "ts": "1440483747.000016"
    },
    {
        "type": "message",
        "user": "U08ERPTQF",
        "text": "Yea there's no need for a node to decrypt anything that they host, this also gives them plausible deniability :smile: ",
        "ts": "1440483876.000017"
    },
    {
        "type": "message",
        "user": "U08ERPTQF",
        "text": "This may be a change from The P2P.md doc <@U07GDL0H5> wrote",
        "ts": "1440483956.000018"
    },
    {
        "type": "message",
        "user": "U08ERPTQF",
        "text": "Possibly a discussion for <#C08FM0F6G|meta> - but plausible deniability could erode if govts push for mandatory decryption laws broadly targeting service providers hosting user content",
        "ts": "1440484548.000019"
    }
]