[
    {
        "type": "message",
        "user": "U08C9ML1Y",
        "text": "naaah, forget the blackjack",
        "ts": "1439035027.000353"
    },
    {
        "type": "message",
        "user": "U08C9ML1Y",
        "text": ":smile:",
        "ts": "1439035030.000354"
    },
    {
        "type": "message",
        "user": "U08DH3ESU",
        "text": "<https:\/\/github.com\/utxo\/wheels\/wiki> Has a set of whitepapers and references to micro-payments. Lists the paper on \"Duplex micropayment\" mentioned earlier and also lightning network.",
        "attachments": [
            {
                "service_name": "GitHub",
                "title": "utxo\/wheels",
                "title_link": "https:\/\/github.com\/utxo\/wheels\/wiki",
                "text": "wheels - Payment channels for off-chain bitcoin txs routing.",
                "fallback": "GitHub: utxo\/wheels",
                "thumb_url": "https:\/\/avatars2.githubusercontent.com\/u\/10228414?v=3&s=400",
                "from_url": "https:\/\/github.com\/utxo\/wheels\/wiki",
                "thumb_width": 420,
                "thumb_height": 420,
                "id": 1
            }
        ],
        "ts": "1439060163.000355",
        "reactions": [
            {
                "name": "+1",
                "users": [
                    "U08ERPTQF"
                ],
                "count": 1
            }
        ]
    },
    {
        "type": "message",
        "user": "U07GDL0H5",
        "text": "awesome link <@U08DH3ESU> . very useful.",
        "ts": "1439061645.000357"
    },
    {
        "type": "message",
        "user": "U08F2RTCN",
        "text": "Great list <@U08DH3ESU>",
        "ts": "1439064669.000358"
    },
    {
        "type": "message",
        "user": "U08D641AP",
        "text": "gah.  webrtc is so frustrating.",
        "ts": "1439072494.000359"
    },
    {
        "type": "message",
        "user": "U08ERPTQF",
        "text": "I'd like to explore the Duplex Micropayment Channel concept this weekend. Mostly to ensure that a chain like this works in practice: user1 -&gt; node1 -&gt; node2 -&gt; user2",
        "ts": "1439073567.000360"
    },
    {
        "type": "message",
        "user": "U08ERPTQF",
        "text": "User1 could have initiated the channel with one of many nodes. Node1 may or may not already have a channel with Node2. Node1 needs to be confident that Node2 has a channel with User2",
        "ts": "1439073695.000361"
    },
    {
        "type": "message",
        "user": "U08ERPTQF",
        "text": "<@U08DH3ESU>: reading through all the listed projects\/papers, only the duplex micropayments or Lightning appears to fit our desired use case",
        "ts": "1439078520.000362"
    },
    {
        "type": "message",
        "user": "U07GDL0H5",
        "text": "<@U08ERPTQF>: how do i build the gh-pages thing you made? i'm trying to host it on <http:\/\/datt.co|datt.co>",
        "ts": "1439081311.000363"
    },
    {
        "type": "message",
        "user": "U07GDL0H5",
        "text": "...jekyll i see (sorry for off-topic)",
        "ts": "1439081427.000364"
    },
    {
        "type": "message",
        "user": "U08ERPTQF",
        "text": "Easiest is to keep it on github pages and point the domain there",
        "ts": "1439081666.000365"
    },
    {
        "type": "message",
        "user": "U08DH3ESU",
        "text": "<@U08ERPTQF>: Yes. In order of suitability it appears to be duplex micropayments and then lightning (in that order); both have to be implemented; so, this will be an ongoing activity",
        "ts": "1439085375.000366"
    },
    {
        "type": "message",
        "user": "U08DH3ESU",
        "text": "I will put down my understanding of the duplex micropayments paper in a couple of days'.",
        "ts": "1439085425.000367"
    }
]