[
    {
        "type": "message",
        "user": "U08D641AP",
        "text": "<http:\/\/ashes.network\/ashes.pdf> \u2013 lottery, like one of our original proposals",
        "ts": "1440165400.004256"
    },
    {
        "type": "message",
        "user": "U08CG8V89",
        "text": "\"Are you a developer, designer, technologist, civic hacker, or data cruncher who wants to help change the world of journalism? Apply to become a 2016 Knight-Mozilla Fellow and spend ten months embedded in one of the best newsrooms in the world, writing open code and becoming a leader in the international journalism tech community.\" looks like today is the last day to apply but the knight foundation might be a potential source of investment: <https:\/\/opennews.org\/what\/fellowships\/apply\/>",
        "attachments": [
            {
                "text": "Knight-Mozilla OpenNews is about creating a diverse ecosystem to help journalism thrive on the open web. It's about producing open source code that solves real problems in news. It's about supporting communities of developers and journalists as they make, learn, and invent together. And it's about deploying fellows\u2014and code\u2014into news organizations to collaborate in new ways..",
                "fallback": "Knight-Mozilla OpenNews is about creating a diverse ecosystem to help journalism thrive on the open web. It's about producing open source code that solves real problems in news. It's about supporting communities of developers and journalists as they make, learn, and invent together. And it's about deploying fellows\u2014and code\u2014into news organizations to collaborate in new ways..",
                "from_url": "https:\/\/opennews.org\/what\/fellowships\/apply\/",
                "id": 1
            }
        ],
        "ts": "1440165466.004257"
    },
    {
        "type": "message",
        "user": "U08BY8MGV",
        "text": "Hi everyone. We're planning on meeting tomorrow at Starbucks,  689 Townsend St, Soma, tomorrow from 12pm - 5pm(ish). Shoot me a text at <tel:404-550-3746|404-550-3746> if you have any questions!",
        "ts": "1440175293.004259",
        "reactions": [
            {
                "name": "fireworks",
                "users": [
                    "U07GDL0H5",
                    "U08BY8MGV",
                    "U08F438SK"
                ],
                "count": 3
            }
        ]
    },
    {
        "type": "message",
        "user": "U08ERPTQF",
        "text": "<@U08CG8V89>: good idea. Knight Foundation have funded some very interesting startups <http:\/\/www.knightfoundation.org\/enterprise-fund\/>",
        "edited": {
            "user": "U08ERPTQF",
            "ts": "1440185883.000000"
        },
        "ts": "1440185865.004260"
    }
]