[
    {
        "user": "U0AAQKE12",
        "type": "message",
        "subtype": "channel_join",
        "text": "<@U0AAQKE12|fractastical> has joined the channel",
        "ts": "1441736056.000009"
    },
    {
        "type": "message",
        "user": "U07GDL0H5",
        "text": "19 tips for every day git use <http:\/\/www.alexkras.com\/19-git-tips-for-everyday-use\/>\nhow to write a git commit message <http:\/\/chris.beams.io\/posts\/git-commit\/>",
        "attachments": [
            {
                "service_name": "Alex Kras",
                "title": "19 Tips For Everyday Git Use",
                "title_link": "http:\/\/www.alexkras.com\/19-git-tips-for-everyday-use\/",
                "text": "I've been using git full time for the past 4 years, and I wanted to share the most practical tips that I've learned along the way. Hopefully, it will be useful to somebody out there. If you are com...",
                "fallback": "Alex Kras: 19 Tips For Everyday Git Use",
                "thumb_url": "http:\/\/www.alexkras.com\/wp-content\/uploads\/git-branch-a-merged.png",
                "ts": 1441683250,
                "from_url": "http:\/\/www.alexkras.com\/19-git-tips-for-everyday-use\/",
                "thumb_width": 1304,
                "thumb_height": 805,
                "id": 1
            }
        ],
        "ts": "1441737838.000010",
        "reactions": [
            {
                "name": "+1",
                "users": [
                    "U08MAKT70"
                ],
                "count": 1
            }
        ]
    },
    {
        "type": "message",
        "user": "U07GDL0H5",
        "text": "reddit earned $750k from gold in 2014. <http:\/\/www.businessinsider.com\/reddit-gold-revenue-calculator-nathan-reed-2015-9>",
        "attachments": [
            {
                "service_name": "Business Insider",
                "title": "Reddit 'gold' raises surprisingly little money for the company",
                "title_link": "http:\/\/www.businessinsider.com\/reddit-gold-revenue-calculator-nathan-reed-2015-9",
                "text": "It's unlikely to break the million-dollar mark this year.",
                "fallback": "Business Insider: Reddit 'gold' raises surprisingly little money for the company",
                "image_url": "http:\/\/static4.businessinsider.com\/image\/55e9ae34dd0895f33d8b45e6\/reddddit-gold-raises-surprisingly-little-money-for-the-company.jpg",
                "from_url": "http:\/\/www.businessinsider.com\/reddit-gold-revenue-calculator-nathan-reed-2015-9",
                "image_width": 333,
                "image_height": 250,
                "image_bytes": 1733985,
                "id": 1
            }
        ],
        "ts": "1441738360.000012"
    },
    {
        "type": "message",
        "user": "U07GDL0H5",
        "text": "earlier we had mentioned some figures about how reddit was earning $600k per month from gold. one of these figures is way off. anybody know where we got that earlier figure? i can't find it now.",
        "ts": "1441738388.000014"
    },
    {
        "type": "message",
        "user": "U08ERPTQF",
        "text": "<@U07GDL0H5>: I don't believe the source of the earlier figure was discussed\/verified",
        "ts": "1441739472.000015"
    },
    {
        "type": "message",
        "user": "U08ERPTQF",
        "text": "<https:\/\/dattnetwork.slack.com\/archives\/business\/p1438493605000102>",
        "attachments": [
            {
                "color": "4D394B",
                "from_url": "https:\/\/dattnetwork.slack.com\/archives\/business\/p1438493605000102",
                "fallback": "[August 1st, 2015 10:33 PM] dean: so reddit makes $650,000 per MONTH just from reddit gold sales",
                "author_subname": "dean",
                "ts": 1438493605,
                "text": "so reddit makes $650,000 per MONTH just from reddit gold sales",
                "author_link": "https:\/\/dattnetwork.slack.com\/team\/dean",
                "author_icon": "https:\/\/avatars.slack-edge.com\/2015-08-01\/8525972853_7982f0876edb9cdfd5aa_48.jpg",
                "mrkdwn_in": [
                    "text"
                ],
                "id": 1
            }
        ],
        "ts": "1441739477.000016"
    },
    {
        "user": "U0AAVL6DD",
        "type": "message",
        "subtype": "channel_join",
        "text": "<@U0AAVL6DD|amos_colu> has joined the channel",
        "ts": "1441740355.000018"
    },
    {
        "type": "message",
        "user": "U0AAVL6DD",
        "text": "Hello all!",
        "ts": "1441740384.000019",
        "reactions": [
            {
                "name": "+1",
                "users": [
                    "U07GDL0H5",
                    "U0AB640UA"
                ],
                "count": 2
            }
        ]
    },
    {
        "type": "message",
        "user": "U08ERPTQF",
        "text": "Hi <@U0AAVL6DD> &amp; welcome",
        "ts": "1441741728.000020"
    },
    {
        "type": "message",
        "user": "U07GDL0H5",
        "text": "Day 40 <http:\/\/blog.datt.co\/articles\/2015-09-08-day-40\/>",
        "ts": "1441749471.000021",
        "reactions": [
            {
                "name": "+1",
                "users": [
                    "U08ERPTQF",
                    "U0AB640UA",
                    "U08DH3ESU",
                    "U08FJ080J",
                    "U08EZP01H"
                ],
                "count": 5
            }
        ]
    },
    {
        "user": "U0AB640UA",
        "type": "message",
        "subtype": "channel_join",
        "text": "<@U0AB640UA|acme> has joined the channel",
        "ts": "1441751072.000024"
    },
    {
        "type": "message",
        "user": "U07GDL0H5",
        "text": "neocities will begin using ipfs <https:\/\/ipfs.io\/ipfs\/QmNhFJjGcMPqpuYfxL62VVB9528NXqDNMFXiqN5bgFYiZ1\/its-time-for-the-permanent-web.html>",
        "attachments": [
            {
                "title": "It's time for the Permanent Web",
                "title_link": "https:\/\/ipfs.io\/ipfs\/QmNhFJjGcMPqpuYfxL62VVB9528NXqDNMFXiqN5bgFYiZ1\/its-time-for-the-permanent-web.html",
                "text": "HTTP is broken. It's time for the distributed, permanent web.",
                "fallback": "It's time for the Permanent Web",
                "from_url": "https:\/\/ipfs.io\/ipfs\/QmNhFJjGcMPqpuYfxL62VVB9528NXqDNMFXiqN5bgFYiZ1\/its-time-for-the-permanent-web.html",
                "id": 1
            }
        ],
        "ts": "1441765353.000025"
    },
    {
        "type": "message",
        "user": "U07GDL0H5",
        "text": "neocities is created by kyle drake, who i briefly worked with at bitpay. i've been in touch with him since then.",
        "ts": "1441765511.000027"
    },
    {
        "type": "message",
        "user": "U08ERPTQF",
        "text": "Very interesting. Linking to content addressed in neocities from Datt would be ideal in the future ",
        "ts": "1441766628.000028"
    },
    {
        "type": "message",
        "user": "U08DD8LNP",
        "text": "regarding gold revenue I\u2019ve seen drunken_economist claim it really is fairly insignificant revenue wise so I\u2019d expect 600k a year to be much more likely than monthly",
        "ts": "1441780322.000029"
    },
    {
        "type": "message",
        "user": "U08DD8LNP",
        "text": "gold can also be bought in bulk at a discount and handed out for free by admins so I\u2019d expect even that might be high",
        "ts": "1441780372.000030"
    }
]