[
    {
        "type": "message",
        "user": "U08BU3AA2",
        "text": "<@U07GDL0H5> I see Medium flowing money back to creators, especially if it's btc, not as competition, but as part of the creation of a new market. Imagine if Medium &amp; fb &amp; twitter et al all turned on btc for content creators to get paid. It think it would help clear the path for DATT to go main stream. --my2cents",
        "ts": "1444576467.000036",
        "reactions": [
            {
                "name": "+1",
                "users": [
                    "U07GDL0H5"
                ],
                "count": 1
            }
        ]
    }
]