[
    {
        "type": "message",
        "user": "U08EZP01H",
        "text": "so excited about augur. the ux was super simple. getting an ethereum address and buying in doge coin was cake with <http:\/\/shapeshift.io|shapeshift.io> :tada:",
        "ts": "1440096343.004248"
    },
    {
        "type": "message",
        "user": "U08ELNFTP",
        "text": "thank you for the interest in Augur, I\u2019m a part of the team",
        "ts": "1440101391.004249"
    },
    {
        "type": "message",
        "user": "U08ELNFTP",
        "text": "I haven\u2019t mentioned it much here because I\u2019ve been busy as hell. But if anyone is interested in participating here\u2019s a short video showing how easy it is to participate: <https:\/\/www.youtube.com\/watch?v=pA-8zS3C0sk>",
        "attachments": [
            {
                "service_name": "YouTube",
                "service_url": "https:\/\/www.youtube.com\/",
                "title": "Augur: Purchasing Reputation Tokens",
                "title_link": "https:\/\/www.youtube.com\/watch?v=pA-8zS3C0sk",
                "author_name": "Augur",
                "author_link": "https:\/\/www.youtube.com\/channel\/UCnQRWIWIT8ExlegLTajjhiQ",
                "thumb_url": "https:\/\/i.ytimg.com\/vi\/pA-8zS3C0sk\/hqdefault.jpg",
                "thumb_width": 480,
                "thumb_height": 360,
                "fallback": "YouTube Video: Augur: Purchasing Reputation Tokens",
                "video_html": "<iframe width=\"400\" height=\"225\" src=\"https:\/\/www.youtube.com\/embed\/pA-8zS3C0sk?feature=oembed\" frameborder=\"0\" allowfullscreen><\/iframe>",
                "video_html_width": 400,
                "video_html_height": 225,
                "from_url": "https:\/\/www.youtube.com\/watch?v=pA-8zS3C0sk",
                "id": 1
            }
        ],
        "ts": "1440101426.004250"
    },
    {
        "type": "message",
        "user": "U08ERPTQF",
        "text": "Takeaway quote from Andreas in the latest LTB episode: \"We are moving from Institutions to Platforms to Protocols\"\nTaken in our context of publishing this is like moving from WSJ to Facebook to Datt",
        "ts": "1440108641.004252"
    },
    {
        "type": "message",
        "user": "U08ERPTQF",
        "text": "Also in line with the \"Mutually Assured Content\" article this is about the publishers taking back content ownership from the platform thanks to the protocol",
        "ts": "1440108818.004253"
    },
    {
        "type": "message",
        "user": "U08EZP01H",
        "text": "Couldn't agree more.",
        "ts": "1440109067.004254"
    },
    {
        "type": "message",
        "user": "U08EZP01H",
        "text": "I'll check that out.",
        "ts": "1440109087.004255"
    }
]