[
    {
        "user": "U08EZP01H",
        "type": "message",
        "subtype": "channel_join",
        "text": "<@U08EZP01H|darrenm> has joined the channel",
        "ts": "1440455574.000002"
    },
    {
        "user": "U08EZP01H",
        "purpose": "to discuss how we will market &amp; advertise datt technology &amp; products",
        "type": "message",
        "subtype": "channel_purpose",
        "text": "<@U08EZP01H|darrenm> set the channel purpose: to discuss how we will market &amp; advertise datt technology &amp; products",
        "ts": "1440455574.000003"
    },
    {
        "type": "message",
        "user": "U08EZP01H",
        "text": "Started putting together a marketing outline. Right now it focuses mainly on our core principles &amp; content strategy. Welcoming feedback, comments, edits.",
        "ts": "1440455672.000004",
        "reactions": [
            {
                "name": "joy",
                "users": [
                    "U08ERPTQF"
                ],
                "count": 1
            },
            {
                "name": "+1",
                "users": [
                    "U07GDL0H5",
                    "U094X6WUT"
                ],
                "count": 2
            }
        ]
    },
    {
        "type": "message",
        "user": "U08EZP01H",
        "text": "<https:\/\/docs.google.com\/document\/d\/1n61bW6JYmzLP0BQQUsFmVj5ilHKZ2S4QBAewKuH6xjo\/edit>",
        "ts": "1440455679.000005"
    },
    {
        "user": "U07GDL0H5",
        "type": "message",
        "subtype": "channel_join",
        "text": "<@U07GDL0H5|ryanxcharles> has joined the channel",
        "ts": "1440455834.000006"
    },
    {
        "user": "U08CG8V89",
        "type": "message",
        "subtype": "channel_join",
        "text": "<@U08CG8V89|c_prompt> has joined the channel",
        "ts": "1440457663.000007"
    },
    {
        "user": "U08SX8YP5",
        "type": "message",
        "subtype": "channel_join",
        "text": "<@U08SX8YP5|dhulser> has joined the channel",
        "ts": "1440457900.000008"
    },
    {
        "user": "U08DH3ESU",
        "type": "message",
        "subtype": "channel_join",
        "text": "<@U08DH3ESU|aramkris> has joined the channel",
        "ts": "1440465842.000009"
    },
    {
        "user": "U08BY8MGV",
        "inviter": "U08EZP01H",
        "type": "message",
        "subtype": "channel_join",
        "text": "<@U08BY8MGV|bradkam> has joined the channel",
        "ts": "1440466136.000010"
    },
    {
        "user": "U08ERPTQF",
        "inviter": "U08EZP01H",
        "type": "message",
        "subtype": "channel_join",
        "text": "<@U08ERPTQF|paul_xbt> has joined the channel",
        "ts": "1440466136.000011"
    },
    {
        "user": "U08F2RTCN",
        "inviter": "U08EZP01H",
        "type": "message",
        "subtype": "channel_join",
        "text": "<@U08F2RTCN|deepakraous> has joined the channel",
        "ts": "1440466136.000012"
    },
    {
        "type": "message",
        "user": "U08ERPTQF",
        "text": "Excellent work <@U08EZP01H> :thumbsup: ",
        "ts": "1440468255.000013"
    },
    {
        "type": "message",
        "user": "U08ERPTQF",
        "text": "I'll see where some of the activities fit around the roadmap",
        "ts": "1440468336.000014"
    },
    {
        "user": "U08MAKT70",
        "type": "message",
        "subtype": "channel_join",
        "text": "<@U08MAKT70|johan> has joined the channel",
        "ts": "1440478245.000015"
    }
]