[
    {
        "type": "message",
        "user": "U08EZP01H",
        "text": "Thanks <@U08ERPTQF>! If I can get this outline sync'd up with your roadmap then creating a marketing timeline with various roles would be cake.",
        "ts": "1440515014.000002"
    },
    {
        "user": "U08CBD41G",
        "type": "message",
        "subtype": "channel_join",
        "text": "<@U08CBD41G|delitzer> has joined the channel",
        "ts": "1440526343.000003"
    },
    {
        "user": "U08F438SK",
        "type": "message",
        "subtype": "channel_join",
        "text": "<@U08F438SK|willy> has joined the channel",
        "ts": "1440558455.000004"
    }
]