[
    {
        "type": "message",
        "user": "U08MAKT70",
        "text": "looked at simple-peer? <https:\/\/github.com\/feross\/simple-peer>",
        "attachments": [
            {
                "service_name": "GitHub",
                "title": "feross\/simple-peer",
                "title_link": "https:\/\/github.com\/feross\/simple-peer",
                "text": "simple-peer - Simple WebRTC video\/voice and data channels",
                "fallback": "GitHub: feross\/simple-peer",
                "thumb_url": "https:\/\/avatars3.githubusercontent.com\/u\/121766?v=3&s=400",
                "from_url": "https:\/\/github.com\/feross\/simple-peer",
                "thumb_width": 400,
                "thumb_height": 400,
                "id": 1
            }
        ],
        "ts": "1441025088.000203",
        "reactions": [
            {
                "name": "+1",
                "users": [
                    "U08ERPTQF",
                    "U07GDL0H5",
                    "U08D641AP"
                ],
                "count": 3
            }
        ]
    },
    {
        "type": "message",
        "user": "U08MAKT70",
        "text": "claims to be wrapper for WebRTC working both in node and the browser",
        "ts": "1441025109.000205"
    },
    {
        "type": "message",
        "user": "U08MAKT70",
        "text": "Used by WebTorrent btw",
        "ts": "1441025118.000206"
    },
    {
        "type": "message",
        "user": "U07GDL0H5",
        "text": "never heard of it but it looks awesome",
        "ts": "1441035411.000207"
    },
    {
        "type": "message",
        "user": "U08FJ080J",
        "text": "Feross is awesome",
        "ts": "1441084494.000208"
    },
    {
        "type": "message",
        "user": "U07GDL0H5",
        "text": "i pulled in <@U08MAKT70> 's awesome work on the content discovery",
        "ts": "1441084918.000209"
    },
    {
        "type": "message",
        "user": "U07GDL0H5",
        "text": "i also added a bunch of source code comments",
        "ts": "1441084928.000210"
    },
    {
        "type": "message",
        "user": "U07GDL0H5",
        "text": "and disabled karma by default because it gives me endless problems",
        "ts": "1441084948.000211"
    },
    {
        "type": "message",
        "user": "U07GDL0H5",
        "text": "feross seems to keep showing up for me. he did \"js standard\", which we are now using, and simple-peer, and web torrent ... wow",
        "ts": "1441085000.000212"
    },
    {
        "type": "message",
        "user": "U07GDL0H5",
        "text": "my only reasoning behind not wanting to use web RTC in node is that the \"wrtc\" module requires that you go through a build process, and requires python as a dependency, which is very unusual for node and means \"npm install\" doesn't work",
        "ts": "1441085047.000213"
    },
    {
        "type": "message",
        "user": "U07GDL0H5",
        "text": "however ... we have to have a complicated build process anyway if the \"full node\" will also run a bitcoin full node, and looks to me like \"simple peer\" makes web RTC pretty easy to use both in a browser and node",
        "ts": "1441085081.000214"
    },
    {
        "type": "message",
        "user": "U07GDL0H5",
        "text": "however it seems to miss the rendezvous server part, where the peers exchange info. we have to build that part ourselves.",
        "ts": "1441085103.000215"
    },
    {
        "type": "message",
        "user": "U07GDL0H5",
        "text": "right now that is handle by peer JS",
        "ts": "1441085109.000216"
    },
    {
        "type": "message",
        "user": "U07GDL0H5",
        "text": "but the one great benefit is that if we use simple peer, we can use web RTC as our fundamental low-level protocol, and we don't have to abstract things on top of the trio of web RTC, web sockets and TCP",
        "ts": "1441085151.000217",
        "reactions": [
            {
                "name": "+1",
                "users": [
                    "U08ERPTQF",
                    "U08F438SK"
                ],
                "count": 2
            }
        ]
    },
    {
        "type": "message",
        "user": "U07GDL0H5",
        "text": "so it might ultimately be easier\/simpler to use simple peer",
        "ts": "1441085162.000218"
    },
    {
        "type": "message",
        "user": "U08F438SK",
        "text": "Yeah feross is amazing. I've been studying all his projects for a few months",
        "ts": "1441086539.000219"
    },
    {
        "type": "message",
        "user": "U08F438SK",
        "text": "you can use mafintosh's signalhub for exchanging peer information while prototyping",
        "ts": "1441086900.000220"
    },
    {
        "type": "message",
        "user": "U08F438SK",
        "text": "<https:\/\/github.com\/mafintosh\/signalhub>",
        "attachments": [
            {
                "service_name": "GitHub",
                "title": "mafintosh\/signalhub",
                "title_link": "https:\/\/github.com\/mafintosh\/signalhub",
                "text": "signalhub - Simple signalling server that can be used to coordinate handshaking with webrtc or other fun stuff.",
                "fallback": "GitHub: mafintosh\/signalhub",
                "thumb_url": "https:\/\/avatars1.githubusercontent.com\/u\/376661?v=3&s=400",
                "from_url": "https:\/\/github.com\/mafintosh\/signalhub",
                "thumb_width": 400,
                "thumb_height": 400,
                "id": 1
            }
        ],
        "ts": "1441086903.000221"
    },
    {
        "type": "message",
        "user": "U08F438SK",
        "text": "Feross does that in several of his projects.",
        "ts": "1441086914.000223"
    },
    {
        "type": "message",
        "user": "U08MAKT70",
        "text": "yeah, the rendezvous server part is something we need to figure out",
        "ts": "1441087786.000224"
    },
    {
        "type": "message",
        "user": "U08MAKT70",
        "text": "do you know how feross does connection setup in WebTorrent, <@U08F438SK>?",
        "ts": "1441087850.000225"
    },
    {
        "type": "message",
        "user": "U08MAKT70",
        "text": "The more I think of it, WebTorrent looks like it it does most of what we want to do with the p2p stuff",
        "ts": "1441087913.000226"
    },
    {
        "type": "message",
        "user": "U08F438SK",
        "text": "Signalhub can be used for Rendezvous",
        "ts": "1441087995.000227"
    },
    {
        "type": "message",
        "user": "U08F438SK",
        "text": "WebTorrent is really great and will, all by itself, replace a lot of content distribution on net IMHO",
        "ts": "1441088038.000228"
    },
    {
        "type": "message",
        "user": "U08F438SK",
        "text": "I would argue it is not at all what we're building. But feel free to prove me wrong :-P",
        "ts": "1441088088.000229"
    },
    {
        "type": "message",
        "user": "U08F438SK",
        "text": "Simplepeer + signalhub could be the foundation for our p2p needs",
        "ts": "1441088154.000230"
    },
    {
        "type": "message",
        "user": "U08MAKT70",
        "text": "Nice! I will take a look at signalhub :simple_smile:",
        "ts": "1441088363.000231"
    },
    {
        "type": "message",
        "user": "U08ERPTQF",
        "text": "SignalHub looks great for seeding peers",
        "ts": "1441088380.000232"
    },
    {
        "type": "message",
        "user": "U08MAKT70",
        "text": "I was able to open connections between the browser and node.js using simple-peer yesterday, so if sugnalhub does what you say it can be a killer combo :smile:",
        "ts": "1441088413.000233",
        "reactions": [
            {
                "name": "+1",
                "users": [
                    "U08F438SK"
                ],
                "count": 1
            }
        ]
    },
    {
        "type": "message",
        "user": "U08ERPTQF",
        "text": "<http:\/\/Datt.co|Datt.co> &amp; <http:\/\/Datt.net|Datt.net> can host SignalHub",
        "ts": "1441088419.000234"
    },
    {
        "type": "message",
        "user": "U08F438SK",
        "text": "awesome. yeah if we throw one up there we're good to go for now",
        "ts": "1441088747.000235"
    }
]