[
    {
        "type": "message",
        "user": "U08DH3ESU",
        "text": "I have uploaded a file with my thoughts on how payment channels can work for the prototype. <https:\/\/github.com\/dattnetwork\/dattdocs\/blob\/master\/prototype_payment_model.md>",
        "attachments": [
            {
                "service_name": "GitHub",
                "title": "dattnetwork\/dattdocs",
                "title_link": "https:\/\/github.com\/dattnetwork\/dattdocs\/blob\/master\/prototype_payment_model.md",
                "text": "dattdocs - Document all the things.",
                "fallback": "GitHub: dattnetwork\/dattdocs",
                "thumb_url": "https:\/\/avatars0.githubusercontent.com\/u\/13266895?v=3&s=400",
                "from_url": "https:\/\/github.com\/dattnetwork\/dattdocs\/blob\/master\/prototype_payment_model.md",
                "thumb_width": 214,
                "thumb_height": 214,
                "id": 1
            }
        ],
        "ts": "1439401300.000410"
    },
    {
        "type": "message",
        "user": "U08DH3ESU",
        "text": "This is based on the simple micropayments channel concept.",
        "ts": "1439401359.000412"
    },
    {
        "type": "message",
        "user": "U08DH3ESU",
        "text": "Implementation Update on Lightning Network <https:\/\/github.com\/hashplex\/Lightning\/>",
        "attachments": [
            {
                "service_name": "GitHub",
                "title": "hashplex\/Lightning",
                "title_link": "https:\/\/github.com\/hashplex\/Lightning\/",
                "text": "Experimental Lightning Node",
                "fallback": "GitHub: hashplex\/Lightning",
                "thumb_url": "https:\/\/avatars3.githubusercontent.com\/u\/7086574?v=3&s=400",
                "from_url": "https:\/\/github.com\/hashplex\/Lightning\/",
                "thumb_width": 320,
                "thumb_height": 320,
                "id": 1
            }
        ],
        "ts": "1439404599.000413"
    },
    {
        "type": "message",
        "user": "U08G10908",
        "text": "<@U08E5P0BZ> I've been focusing on hierarchical keys for identity, ala bip32, but using Ed25519 crypto. You use the master keys to create or revoke children, children can in turn create subkeys for apps and mobile devices, etc. There are some other cool possibilities that that have been hinted at in a PhD thesis I read, including perfect-forward-secrecy.",
        "edited": {
            "user": "U08G10908",
            "ts": "1439406122.000000"
        },
        "ts": "1439406066.000415",
        "reactions": [
            {
                "name": "+1",
                "users": [
                    "U08ERPTQF"
                ],
                "count": 1
            }
        ]
    },
    {
        "type": "message",
        "user": "U08ERPTQF",
        "text": "Great summary <@U08DH3ESU>: what was your reasoning for not having micropayment channels between nodes? I don't think the solution can scale without this.",
        "ts": "1439407326.000417"
    },
    {
        "user": "U08REPG4T",
        "type": "message",
        "subtype": "channel_join",
        "text": "<@U08REPG4T|wanderer> has joined the channel",
        "ts": "1439411637.000418"
    },
    {
        "type": "message",
        "user": "U07GDL0H5",
        "text": "python implementation of lightning <https:\/\/github.com\/hashplex\/Lightning>",
        "attachments": [
            {
                "service_name": "GitHub",
                "title": "hashplex\/Lightning",
                "title_link": "https:\/\/github.com\/hashplex\/Lightning",
                "text": "Experimental Lightning Node",
                "fallback": "GitHub: hashplex\/Lightning",
                "thumb_url": "https:\/\/avatars3.githubusercontent.com\/u\/7086574?v=3&s=400",
                "from_url": "https:\/\/github.com\/hashplex\/Lightning",
                "thumb_width": 320,
                "thumb_height": 320,
                "id": 1
            }
        ],
        "ts": "1439423768.000419"
    },
    {
        "type": "message",
        "user": "U07GDL0H5",
        "text": "i'm a lot better at python that js ... i would probably have an easy time porting that to js",
        "ts": "1439423798.000421"
    },
    {
        "type": "message",
        "user": "U07GDL0H5",
        "text": "sorry better at python than java",
        "ts": "1439423805.000422"
    },
    {
        "type": "message",
        "user": "U07GDL0H5",
        "text": "i.e., assuming this is reasonably complete, i could port it to js more easily than porting the thunder implementation to js",
        "ts": "1439423836.000423"
    },
    {
        "type": "message",
        "user": "U08D641AP",
        "text": "have we evaluated the duplex channel implementations?",
        "ts": "1439423895.000424"
    },
    {
        "type": "message",
        "user": "U08D641AP",
        "text": "s\/implementations\/model",
        "ts": "1439423911.000425"
    },
    {
        "type": "message",
        "user": "U07GDL0H5",
        "text": "you mean in either this or thunder? i haven't. i assumed they had implemented that stuff though.",
        "ts": "1439423948.000426"
    },
    {
        "type": "message",
        "user": "U08D641AP",
        "text": "duplex, thunder, lightning \u2013 in order of my understanding of their complexity",
        "edited": {
            "user": "U08D641AP",
            "ts": "1439424339.000000"
        },
        "ts": "1439424326.000427"
    },
    {
        "type": "message",
        "user": "U08D641AP",
        "text": "^ edited",
        "edited": {
            "user": "U08D641AP",
            "ts": "1439424349.000000"
        },
        "ts": "1439424330.000428"
    },
    {
        "type": "message",
        "user": "U07GDL0H5",
        "text": "oh, yes, duplex is on our list.",
        "ts": "1439424862.000431"
    },
    {
        "type": "message",
        "user": "U07GDL0H5",
        "text": "btcd has a web sockets-enabled RPC interface where you can listen for events <https:\/\/github.com\/btcsuite\/btcrpcclient>",
        "attachments": [
            {
                "service_name": "GitHub",
                "title": "btcsuite\/btcrpcclient",
                "title_link": "https:\/\/github.com\/btcsuite\/btcrpcclient",
                "text": "btcrpcclient - Implements a robust and easy to use websocket-enabled Bitcoin JSON-RPC client.",
                "fallback": "GitHub: btcsuite\/btcrpcclient",
                "thumb_url": "https:\/\/avatars3.githubusercontent.com\/u\/10235229?v=3&s=400",
                "from_url": "https:\/\/github.com\/btcsuite\/btcrpcclient",
                "thumb_width": 400,
                "thumb_height": 400,
                "id": 1
            }
        ],
        "ts": "1439429016.000432"
    },
    {
        "type": "message",
        "user": "U07GDL0H5",
        "text": "this is an option for building the bitcoin wallet. server-side, you run a full bitcoin node. client-side, you connect to multiple nodes over web sockets and listen for transactions.",
        "ts": "1439429094.000434"
    },
    {
        "type": "message",
        "user": "U07GDL0H5",
        "text": "this would iterate towards browser SPV - we could add SPV later, and a lot of stuff would stay the same. this might be easier than trying to use webcoin.",
        "ts": "1439429122.000435"
    },
    {
        "type": "message",
        "user": "U08F438SK",
        "text": "I think running in the browser is the blow-your-mind-you-are-the-network feature. But understand relentless focus for MVP",
        "ts": "1439429373.000436",
        "reactions": [
            {
                "name": "+1",
                "users": [
                    "U08ERPTQF"
                ],
                "count": 1
            }
        ]
    },
    {
        "type": "message",
        "user": "U07GDL0H5",
        "text": "agreed. would be awesome to have SPV in a browser ... that would be awesome for bitcoiners",
        "ts": "1439429403.000437"
    },
    {
        "type": "message",
        "user": "U08F438SK",
        "text": "Actually -- not thinking totally straight here -- just for Blockchain eventing we will need bridges anyway. But want to avoid splitting into thin browsers and everything in increasingly heavy nodes",
        "ts": "1439429462.000438"
    },
    {
        "type": "message",
        "user": "U08F438SK",
        "text": "So not opposed to getting\/sending Bitcoin data from non-browser nodes but perhaps we can separate that from the Datt content protocol? ",
        "ts": "1439429557.000439"
    },
    {
        "type": "message",
        "user": "U07GDL0H5",
        "text": "yes, it should be separated from the datt content protocol ... i envision datt p2p and bitcoin p2p both operating as separate p2p protocols",
        "ts": "1439429608.000440",
        "reactions": [
            {
                "name": "+1",
                "users": [
                    "U08DD8LNP",
                    "U08ERPTQF"
                ],
                "count": 2
            }
        ]
    },
    {
        "type": "message",
        "user": "U08DH3ESU",
        "text": "<@U08ERPTQF>: We can connect nodes thru' 2 channels. I have not shown it, but that should work the same way. But, this would definitely not scale if users have to be connected directly.",
        "ts": "1439429622.000441"
    },
    {
        "type": "message",
        "user": "U07GDL0H5",
        "text": "just because i think it would be even harder to combine them",
        "ts": "1439429628.000442"
    },
    {
        "type": "message",
        "user": "U08ERPTQF",
        "text": "It's good to see progress on both Duplex Payment Channels &amp; Lightning implementations - it's still hard to determine which will make it into the MVP",
        "ts": "1439429641.000443"
    },
    {
        "type": "message",
        "user": "U08ERPTQF",
        "text": "Separation will also allow us to incrementally improve each P2P protocol independent of the other",
        "ts": "1439429689.000444"
    },
    {
        "type": "message",
        "user": "U08DH3ESU",
        "text": "I proposed this as intermediate step as lightning or duplex micropayment channels are still in discussion or initial implementation stages as this can work very well for a demo or a smaller set-up for alpha\/beta testing",
        "ts": "1439429693.000445"
    },
    {
        "type": "message",
        "user": "U08ERPTQF",
        "text": "<@U07GDL0H5>: does the python implementation of lightning require Bitcoin protocol changes as the original Lightning whitepaper prescribed?",
        "ts": "1439429836.000446"
    },
    {
        "type": "message",
        "user": "U07GDL0H5",
        "text": "great question, i dunno, lemme try and find out",
        "ts": "1439429848.000447"
    },
    {
        "type": "message",
        "user": "U08ERPTQF",
        "text": "Great. That will help prioritize on which implementation we focus on",
        "ts": "1439429896.000448"
    },
    {
        "type": "message",
        "user": "U07GDL0H5",
        "text": "\"Channels are not currently secure or robust. A 2 of 2 multisig anchor is set up by mutual agreement. During operation and closing, commitment signatures are exchanged, which provides support for unilateral close. There is no support for revoking commitment transactions yet. There is also no support for HTLCs yet. Rusty has developed a secure protocol, and I am working on implementing it.\"",
        "ts": "1439429929.000449"
    },
    {
        "type": "message",
        "user": "U07GDL0H5",
        "text": "sounds like they probably use normal, insecure payment channels ... which IMO is probably fine for us, especially at an earlier stage. waiting for protocol changes to bitcoin is a no-go.",
        "ts": "1439429959.000450",
        "reactions": [
            {
                "name": "+1",
                "users": [
                    "U08ERPTQF",
                    "U08F438SK"
                ],
                "count": 2
            }
        ]
    },
    {
        "type": "message",
        "user": "U07GDL0H5",
        "text": "they have routing and everything. sounds like a real, prototype implementation of lightning.",
        "ts": "1439429989.000451"
    },
    {
        "type": "message",
        "user": "U08DH3ESU",
        "text": "Wouldn't no support for HTLC's mean that the protocol is not trustless at this moment?",
        "ts": "1439429997.000452"
    },
    {
        "type": "message",
        "user": "U07GDL0H5",
        "text": "correctly, but since people are making voluntary payments anyway, i don't think that's a huge deal",
        "ts": "1439430022.000453"
    },
    {
        "type": "message",
        "user": "U07GDL0H5",
        "text": "\"trusting\" in this case does not mean someone else has your money",
        "ts": "1439430035.000454"
    },
    {
        "type": "message",
        "user": "U08ERPTQF",
        "text": "That puts it in a similar position to Thunder at the moment",
        "ts": "1439430041.000455"
    },
    {
        "type": "message",
        "user": "U08DH3ESU",
        "text": "true",
        "ts": "1439430054.000456"
    },
    {
        "type": "message",
        "user": "U07GDL0H5",
        "text": "i think it's more advanced than thunder ... i think thunder is just a hub and spoke, where as this has multiple hubs and routes payments",
        "ts": "1439430065.000457"
    },
    {
        "type": "message",
        "user": "U08DH3ESU",
        "text": "also thunder is for an older version of the whitepaper; (as per their website 'for a predecessor')",
        "ts": "1439430164.000458"
    },
    {
        "type": "message",
        "user": "U08ERPTQF",
        "text": "Is there any OTR exchange we could do on the Datt content\/messaging P2P protocol, that would aid the micropayment channel creation?",
        "ts": "1439430172.000459"
    },
    {
        "type": "message",
        "user": "U08DH3ESU",
        "text": "Wouldn't we be mixing the content and payment protocols? I understand that it would help if OTR exchanges are possible within the content protocol, but it could lead to issues when things scale or different versions come up.",
        "edited": {
            "user": "U08DH3ESU",
            "ts": "1439430398.000000"
        },
        "ts": "1439430306.000460"
    },
    {
        "type": "message",
        "user": "U08ERPTQF",
        "text": "Yea I know it goes against what I wrote just 10mins ago, the thought occurred to me as I read through Hashplex's implementation :)",
        "ts": "1439430421.000462"
    },
    {
        "type": "message",
        "user": "U07GDL0H5",
        "text": "um, so this guy implemented lightning in one month. look at the commit history. <https:\/\/github.com\/hashplex\/Lightning>",
        "attachments": [
            {
                "service_name": "GitHub",
                "title": "hashplex\/Lightning",
                "title_link": "https:\/\/github.com\/hashplex\/Lightning",
                "text": "Experimental Lightning Node",
                "fallback": "GitHub: hashplex\/Lightning",
                "thumb_url": "https:\/\/avatars3.githubusercontent.com\/u\/7086574?v=3&s=400",
                "from_url": "https:\/\/github.com\/hashplex\/Lightning",
                "thumb_width": 320,
                "thumb_height": 320,
                "id": 1
            }
        ],
        "ts": "1439430461.000463",
        "reactions": [
            {
                "name": "astonished",
                "users": [
                    "U08ERPTQF",
                    "U08F438SK"
                ],
                "count": 2
            }
        ]
    },
    {
        "type": "message",
        "user": "U08DH3ESU",
        "text": "oh ok; Didn't realize that; still catching up on messages",
        "ts": "1439430477.000465"
    },
    {
        "type": "message",
        "user": "U07GDL0H5",
        "text": "maybe i've been overestimating the difficulty of lightning.",
        "ts": "1439430479.000466"
    },
    {
        "type": "message",
        "user": "U07GDL0H5",
        "text": "then again this guy is probably also brilliant :simple_smile:",
        "ts": "1439430496.000467"
    },
    {
        "type": "message",
        "user": "U08DH3ESU",
        "text": "<@U07GDL0H5>: due to the size of the whitepaper? :simple_smile:",
        "edited": {
            "user": "U08DH3ESU",
            "ts": "1439430534.000000"
        },
        "ts": "1439430516.000468"
    },
    {
        "type": "message",
        "user": "U07GDL0H5",
        "text": "ha yes, well to me the hardest part is the routing. it is intrinsically more complicated than normal bitcoin transactions.",
        "ts": "1439430538.000470"
    },
    {
        "type": "message",
        "user": "U07GDL0H5",
        "text": "but maybe routing is really the only \"hard\" part ... everything else is a communication protocol with updating bitcoin transactions",
        "ts": "1439430583.000471"
    },
    {
        "type": "message",
        "user": "U08ERPTQF",
        "text": "The routing is the secret sauce, and it is really what we need for Datt",
        "ts": "1439430598.000472"
    },
    {
        "type": "message",
        "user": "U08ERPTQF",
        "text": "<@U07GDL0H5>: do you think porting this from python to js is really that straightforward?",
        "ts": "1439430648.000473"
    },
    {
        "type": "message",
        "user": "U07GDL0H5",
        "text": "well it would be way easier to port from python than to write from scratch",
        "ts": "1439430661.000474"
    },
    {
        "type": "message",
        "user": "U08DH3ESU",
        "text": "We need to handle routing for datt also; Also, for lightning we need to come up with the correct design numbers for the number of days the channel is open, number of days it can take for payments to reach the intended recipient; Will make a list of this in a couple of days'",
        "ts": "1439430740.000475"
    },
    {
        "type": "message",
        "user": "U07GDL0H5",
        "text": "FWIW my designs for the datt p2p protocol don't require routing, because you get content straight from other nodes.",
        "ts": "1439430775.000476"
    },
    {
        "type": "message",
        "user": "U07GDL0H5",
        "text": "if you need content that a node doesn't have, you must connect to a node that does",
        "ts": "1439430785.000477"
    },
    {
        "type": "message",
        "user": "U07GDL0H5",
        "text": "of course my designs were deliberately tentative",
        "ts": "1439430794.000478"
    },
    {
        "type": "message",
        "user": "U08DH3ESU",
        "text": "Ok; for next stages shouldn't this be handled automatically",
        "ts": "1439430890.000479"
    },
    {
        "type": "message",
        "user": "U08ERPTQF",
        "text": "<@U08DH3ESU>: this will need to be adaptive as the network grows channels may need to close after a longer period. Which is a risk as the current implementation breaks if one hop is closed independently of another hop",
        "ts": "1439430929.000480"
    },
    {
        "type": "message",
        "user": "U08DH3ESU",
        "text": "that is true and one of the reasons they propose a 40 day period; I understand the adaptive part of the network, but how much adaptive would be a implementation call",
        "edited": {
            "user": "U08DH3ESU",
            "ts": "1439431002.000000"
        },
        "ts": "1439430993.000481"
    },
    {
        "type": "message",
        "user": "U08F438SK",
        "text": "I do think we need routing for more than payments",
        "ts": "1439431189.000483"
    },
    {
        "type": "message",
        "user": "U08F438SK",
        "text": "Seems like the way to enforce protocol is to have parties in between who can reject invalid requests",
        "ts": "1439431223.000484"
    },
    {
        "type": "message",
        "user": "U08F438SK",
        "text": "Also if anyone is interested in even mild anonymity long term they will want that. Anonymity is unimportant to me (relatively) but I see it in the Datt docs",
        "ts": "1439431275.000485"
    },
    {
        "type": "message",
        "user": "U08F438SK",
        "text": "What do you guys think?",
        "ts": "1439431301.000486"
    },
    {
        "type": "message",
        "user": "U08F438SK",
        "text": "(Sorry for slow typing, on phone)",
        "ts": "1439431313.000487"
    },
    {
        "type": "message",
        "user": "U08DH3ESU",
        "text": "anonymity is one of the core level 2 principles assuming level 1 is decentralization and no-censorship",
        "edited": {
            "user": "U08DH3ESU",
            "ts": "1439431353.000000"
        },
        "ts": "1439431336.000488"
    },
    {
        "type": "message",
        "user": "U08DH3ESU",
        "text": "what you say regarding routing is true, but that kind of anonymity will be handled thru' lower layers; for example if someone is running a node behind tor then datt would be like a data pipe from that perspective",
        "edited": {
            "user": "U08DH3ESU",
            "ts": "1439431437.000000"
        },
        "ts": "1439431417.000490"
    },
    {
        "type": "message",
        "user": "U07GDL0H5",
        "text": "if the intent of routing is purely from the point of view of Tor, i.e. making origins and destinations hidden, i don't think that should be a priority",
        "ts": "1439431465.000492"
    },
    {
        "type": "message",
        "user": "U08DH3ESU",
        "text": "What datt can provide is anonymity at the user level",
        "ts": "1439431479.000493"
    },
    {
        "type": "message",
        "user": "U07GDL0H5",
        "text": "we get a lot of privacy from just having encrypted data",
        "ts": "1439431484.000494"
    },
    {
        "type": "message",
        "user": "U08ERPTQF",
        "text": "Yea we didn't make anonymity a core principle",
        "ts": "1439431490.000495"
    },
    {
        "type": "message",
        "user": "U08F438SK",
        "text": "The main reason for routing for me is *not* Tor , and definitely happy to off-load any IP privacy to Tor",
        "ts": "1439431517.000496"
    },
    {
        "type": "message",
        "user": "U08F438SK",
        "text": "What do you think about protocol enforcement?",
        "ts": "1439431551.000497"
    },
    {
        "type": "message",
        "user": "U07GDL0H5",
        "text": "oh i see, so your view is that having multiple parties enforce protocol is better for \"enforcing the rules\" so to speak? that seems reasonable",
        "ts": "1439431564.000498"
    },
    {
        "type": "message",
        "user": "U08F438SK",
        "text": "Like if I am requesting content A from someone who has cached it",
        "ts": "1439431568.000499"
    },
    {
        "type": "message",
        "user": "U08F438SK",
        "text": "Without paying.",
        "ts": "1439431575.000500"
    },
    {
        "type": "message",
        "user": "U08F438SK",
        "text": "Exactly!",
        "ts": "1439431579.000501"
    },
    {
        "type": "message",
        "user": "U08ERPTQF",
        "text": "Routing will help scale as nodes prioritise which content they store, obscure content might not be discoverable to a client on another part of the P2P network",
        "ts": "1439431631.000502"
    },
    {
        "type": "message",
        "user": "U08DH3ESU",
        "text": "For the case of content A from someone who has cached it, wouldn't the metadata handle this",
        "ts": "1439431662.000503"
    },
    {
        "type": "message",
        "user": "U07GDL0H5",
        "text": "i think if we see some type of security issue that can't be solved by a sort of passive, client-side ruleset, then that is a good idea. however i think a lot can be accomplished just by programming the default client a certain way. since most of this app is designed around effectively voluntary payments. i think that may be fine.",
        "ts": "1439431668.000504"
    },
    {
        "type": "message",
        "user": "U07GDL0H5",
        "text": "e.g., if someone manages to acquire some content that they \"should\" have paid for, i don't think it's a huge deal.",
        "ts": "1439431723.000505"
    },
    {
        "type": "message",
        "user": "U08F438SK",
        "text": "OK fair enough. <@U08F2RTCN> expressed concern about Contributor control over vtheir content",
        "ts": "1439431778.000506"
    },
    {
        "type": "message",
        "user": "U08DH3ESU",
        "text": "routing will also help connect to nodes which might help serve content faster or be more reliable; but we need to improvise there and not reinvent the wheel",
        "ts": "1439431808.000507"
    },
    {
        "type": "message",
        "user": "U08ERPTQF",
        "text": "<@U07GDL0H5>: good point, although we can't rule out other methods of content monetization or subscription services implemented by custom nodes",
        "ts": "1439431819.000508"
    },
    {
        "type": "message",
        "user": "U08F438SK",
        "text": "Routing also ensures you are \"part of the network\"",
        "ts": "1439431826.000509"
    },
    {
        "type": "message",
        "user": "U08F438SK",
        "text": "So you start receiving (in the later client) micropayment for caching content , etc",
        "ts": "1439431851.000510"
    },
    {
        "type": "message",
        "user": "U07GDL0H5",
        "text": "but can't something similar be achieved by just re-hosting the content?",
        "ts": "1439431851.000511"
    },
    {
        "type": "message",
        "user": "U07GDL0H5",
        "text": "e.g., someone requests content from you. you don't have it. so you request from your peers. one does. they give it to you. now you deliver it back to the person that requested it. no routing required.",
        "ts": "1439431878.000512"
    },
    {
        "type": "message",
        "user": "U08F438SK",
        "text": "Or even routing . it would be cool if you could see your points increasing as you lurk",
        "ts": "1439431881.000513"
    },
    {
        "type": "message",
        "user": "U07GDL0H5",
        "text": "you can still host content passively by opening the browser-side node, but you only serve content that you host.",
        "ts": "1439431912.000514"
    },
    {
        "type": "message",
        "user": "U07GDL0H5",
        "text": "this way we avoid the problem of \"what is the route through the network i must take to get the content\"",
        "ts": "1439431924.000515"
    },
    {
        "type": "message",
        "user": "U08F438SK",
        "text": "Fair enough. Later it will come up for payment channels but I'm all for do the simplest thing first.",
        "ts": "1439431969.000516"
    },
    {
        "type": "message",
        "user": "U08F438SK",
        "text": "BTW getting to Entropi now where I can start working again (and typing at full speed :-))",
        "ts": "1439432003.000517"
    },
    {
        "type": "message",
        "user": "U07GDL0H5",
        "text": "well i certainly agree with that. the problem of routing must be solved for lightning anyway. so if we can simply adopt the same solution, then maybe the problem is solved for both simultaneously.",
        "ts": "1439432019.000518"
    },
    {
        "type": "message",
        "user": "U08ERPTQF",
        "text": "<@U08F438SK>: if just routing in a light node could earn a few Satoshis that would be impressive.\nAgree it's not on our MVP, but if it is portable from Lightning then it makes sense",
        "ts": "1439432059.000519"
    },
    {
        "type": "message",
        "user": "U08DH3ESU",
        "text": "any node needs to maintain a routing table (light node or fullly hosted node); So, assuming the application can check and request for content it can be routed thru that node to the requestor;",
        "ts": "1439432154.000520"
    },
    {
        "type": "message",
        "user": "U08DH3ESU",
        "text": "<@U08ERPTQF>: if just by routing a node earns some mBTC's then every node would end up earning something; not against the idea but this would make payments more trickier; Today payments are initiated by the user (or the other side in case of refunds); This would make a case for automatic payments",
        "edited": {
            "user": "U08DH3ESU",
            "ts": "1439432237.000000"
        },
        "ts": "1439432224.000521"
    },
    {
        "type": "message",
        "user": "U07GDL0H5",
        "text": "routing does potentially solve one problem with client-side nodes: most cannot connect to each other due to NAT issues. if they can be connected via routes, then we don't need TURN, which is where there must be a few giant nodes where all the data passes through them",
        "ts": "1439432309.000523"
    },
    {
        "type": "message",
        "user": "U07GDL0H5",
        "text": "however, it does seem that problem is still solved by just re-hosting the same data",
        "ts": "1439432413.000524"
    },
    {
        "type": "message",
        "user": "U08ERPTQF",
        "text": "<@U07GDL0H5>: there just isn't a clear incentive for a node to rehost data if it is at or near capacity",
        "ts": "1439432500.000525"
    },
    {
        "type": "message",
        "user": "U08DH3ESU",
        "text": "that would be a choice for the node; serve content to make the user pay for access or pass it on",
        "ts": "1439432558.000526"
    },
    {
        "type": "message",
        "user": "U08ERPTQF",
        "text": "<@U08DH3ESU>: in the case of automated payments, this is something that might originate from the Creator if they share a portion of profit with Nodes",
        "ts": "1439432594.000527"
    },
    {
        "type": "message",
        "user": "U07GDL0H5",
        "text": "<@U08ERPTQF>: delete old or infrequently accessed data",
        "ts": "1439432731.000528"
    },
    {
        "type": "message",
        "user": "U08F2RTCN",
        "text": "Catching up with the messages. What is the incentive for a Node to poll other Nodes if it does not have the content?.Assuming that there is some kind of payment cut for it. Will that be enough for a Node operartor?",
        "ts": "1439432750.000529"
    },
    {
        "type": "message",
        "user": "U08DH3ESU",
        "text": "true, this payment can be automated; but this will still be part of a transaction which originated based on user inputs; However, if the creator is sharing some profit arbitrarily then it needs to be handled separately",
        "ts": "1439432758.000530"
    },
    {
        "type": "message",
        "user": "U07GDL0H5",
        "text": "yes, <@U08F2RTCN> i think payments should be integrated into the p2p protocol so that it is possible to pay for content",
        "ts": "1439432777.000531"
    },
    {
        "type": "message",
        "user": "U07GDL0H5",
        "text": "it's undetermined what those payments will be, but seems reasonable to me to let the nodes set the price. people have written about this in some of our docs.",
        "ts": "1439432814.000532"
    },
    {
        "type": "message",
        "user": "U08ERPTQF",
        "text": "Also just noticed the hashplex\/Lightning license is a simple copyright as-is license",
        "ts": "1439432856.000533"
    },
    {
        "type": "message",
        "user": "U08ERPTQF",
        "text": "Is a js port required to remain copyright HashPlex?",
        "ts": "1439432967.000534"
    },
    {
        "type": "message",
        "user": "U08F2RTCN",
        "text": "<@U07GDL0H5> cool, let me read up on the pricing part of it. thanks",
        "ts": "1439432983.000535"
    },
    {
        "type": "message",
        "user": "U07GDL0H5",
        "text": "<@U08ERPTQF>: what i've seen people do in the past is say \"portions of this code are Copyright Hashplex\"",
        "ts": "1439433063.000536",
        "reactions": [
            {
                "name": "+1",
                "users": [
                    "U08ERPTQF"
                ],
                "count": 1
            }
        ]
    },
    {
        "type": "message",
        "user": "U08DH3ESU",
        "text": "<@U08F2RTCN>: there needs to be a separate mechanism for node-node payment and I feel that this will even out over time; Node's can get credit or something to that effect for contacting other nodes and making more content accessible; there need not be transfer of BTC between them; This will ensure that there will be lesser payment channels",
        "edited": {
            "user": "U08DH3ESU",
            "ts": "1439434400.000000"
        },
        "ts": "1439433907.000537"
    },
    {
        "type": "message",
        "user": "U08F2RTCN",
        "text": "Makes sense <@U08DH3ESU>, incentis",
        "ts": "1439434518.000539"
    },
    {
        "type": "message",
        "user": "U08F2RTCN",
        "text": "Incentivizing nodes to make content more accessible is really important. Apologies typing from phone ",
        "ts": "1439434652.000540"
    },
    {
        "type": "message",
        "subtype": "file_share",
        "text": "<@U08F438SK|willy> uploaded a file: <https:\/\/dattnetwork.slack.com\/files\/willy\/F091KRB6W\/datt-startup-flow.png|datt-startup-flow.png> and commented: I'm quickly prototyping some thoughts like this using PlantUML. They're generated from plain-text, so if I add the source text to dattdocs maybe someone will hack on them w\/ me?\r\n",
        "file": {
            "id": "F091KRB6W",
            "created": 1439435630,
            "timestamp": 1439435630,
            "name": "datt-startup-flow.png",
            "title": "datt-startup-flow.png",
            "mimetype": "image\/png",
            "filetype": "png",
            "pretty_type": "PNG",
            "user": "U08F438SK",
            "editable": false,
            "size": 12028,
            "mode": "hosted",
            "is_external": false,
            "external_type": "",
            "is_public": true,
            "public_url_shared": false,
            "display_as_bot": false,
            "username": "",
            "url": "https:\/\/slack-files.com\/files-pub\/T07GDKW3U-F091KRB6W-4c9caeb243\/datt-startup-flow.png",
            "url_download": "https:\/\/slack-files.com\/files-pub\/T07GDKW3U-F091KRB6W-4c9caeb243\/download\/datt-startup-flow.png",
            "url_private": "https:\/\/files.slack.com\/files-pri\/T07GDKW3U-F091KRB6W\/datt-startup-flow.png",
            "url_private_download": "https:\/\/files.slack.com\/files-pri\/T07GDKW3U-F091KRB6W\/download\/datt-startup-flow.png",
            "thumb_64": "https:\/\/slack-files.com\/files-tmb\/T07GDKW3U-F091KRB6W-230ec901e0\/datt-startup-flow_64.png",
            "thumb_80": "https:\/\/slack-files.com\/files-tmb\/T07GDKW3U-F091KRB6W-230ec901e0\/datt-startup-flow_80.png",
            "thumb_360": "https:\/\/slack-files.com\/files-tmb\/T07GDKW3U-F091KRB6W-230ec901e0\/datt-startup-flow_360.png",
            "thumb_360_w": 360,
            "thumb_360_h": 163,
            "thumb_480": "https:\/\/slack-files.com\/files-tmb\/T07GDKW3U-F091KRB6W-230ec901e0\/datt-startup-flow_480.png",
            "thumb_480_w": 480,
            "thumb_480_h": 217,
            "thumb_160": "https:\/\/slack-files.com\/files-tmb\/T07GDKW3U-F091KRB6W-230ec901e0\/datt-startup-flow_160.png",
            "image_exif_rotation": 1,
            "original_w": 578,
            "original_h": 261,
            "permalink": "https:\/\/dattnetwork.slack.com\/files\/willy\/F091KRB6W\/datt-startup-flow.png",
            "permalink_public": "https:\/\/slack-files.com\/T07GDKW3U-F091KRB6W-4c9caeb243",
            "channels": [
                "C08EJG7M1"
            ],
            "groups": [

            ],
            "ims": [

            ],
            "comments_count": 1,
            "initial_comment": {
                "id": "Fc091KP9J7",
                "created": 1439435630,
                "timestamp": 1439435630,
                "user": "U08F438SK",
                "comment": "I'm quickly prototyping some thoughts like this using PlantUML. They're generated from plain-text, so if I add the source text to dattdocs maybe someone will hack on them w\/ me?\r\n"
            },
            "reactions": [
                {
                    "name": "+1",
                    "users": [
                        "U07GDL0H5",
                        "U08ERPTQF"
                    ],
                    "count": 2
                }
            ]
        },
        "user": "U08F438SK",
        "upload": true,
        "display_as_bot": false,
        "username": "<@U08F438SK|willy>",
        "bot_id": null,
        "ts": "1439435632.000541"
    },
    {
        "type": "message",
        "user": "U08ERPTQF",
        "text": "<@U08F438SK>: I'm keen to expand more sequence diagrams for the parts I understand",
        "ts": "1439436184.000543"
    },
    {
        "type": "message",
        "user": "U08F438SK",
        "text": "ok cool, I'll start adding them",
        "ts": "1439436402.000544"
    },
    {
        "type": "message",
        "user": "U08F438SK",
        "text": "really really easy to edit, just change text",
        "ts": "1439436407.000545"
    },
    {
        "type": "message",
        "user": "U08F438SK",
        "text": "e.g. just expanded previous diagram to this:",
        "ts": "1439436416.000546"
    },
    {
        "type": "message",
        "user": "U08ERPTQF",
        "text": "Should we differentiate between light nodes and full nodes as actors, or stick to the more generic Peer?",
        "ts": "1439436431.000547"
    },
    {
        "type": "message",
        "subtype": "file_share",
        "text": "<@U08F438SK|willy> uploaded a file: <https:\/\/dattnetwork.slack.com\/files\/willy\/F091KUTBJ\/datt-startup-flow.png|datt-startup-flow.png> and commented: updated flow",
        "file": {
            "id": "F091KUTBJ",
            "created": 1439436432,
            "timestamp": 1439436432,
            "name": "datt-startup-flow.png",
            "title": "datt-startup-flow.png",
            "mimetype": "image\/png",
            "filetype": "png",
            "pretty_type": "PNG",
            "user": "U08F438SK",
            "editable": false,
            "size": 30386,
            "mode": "hosted",
            "is_external": false,
            "external_type": "",
            "is_public": true,
            "public_url_shared": false,
            "display_as_bot": false,
            "username": "",
            "url": "https:\/\/slack-files.com\/files-pub\/T07GDKW3U-F091KUTBJ-35cfe33d3e\/datt-startup-flow.png",
            "url_download": "https:\/\/slack-files.com\/files-pub\/T07GDKW3U-F091KUTBJ-35cfe33d3e\/download\/datt-startup-flow.png",
            "url_private": "https:\/\/files.slack.com\/files-pri\/T07GDKW3U-F091KUTBJ\/datt-startup-flow.png",
            "url_private_download": "https:\/\/files.slack.com\/files-pri\/T07GDKW3U-F091KUTBJ\/download\/datt-startup-flow.png",
            "thumb_64": "https:\/\/slack-files.com\/files-tmb\/T07GDKW3U-F091KUTBJ-b0d1e6939c\/datt-startup-flow_64.png",
            "thumb_80": "https:\/\/slack-files.com\/files-tmb\/T07GDKW3U-F091KUTBJ-b0d1e6939c\/datt-startup-flow_80.png",
            "thumb_360": "https:\/\/slack-files.com\/files-tmb\/T07GDKW3U-F091KUTBJ-b0d1e6939c\/datt-startup-flow_360.png",
            "thumb_360_w": 360,
            "thumb_360_h": 307,
            "thumb_480": "https:\/\/slack-files.com\/files-tmb\/T07GDKW3U-F091KUTBJ-b0d1e6939c\/datt-startup-flow_480.png",
            "thumb_480_w": 480,
            "thumb_480_h": 409,
            "thumb_160": "https:\/\/slack-files.com\/files-tmb\/T07GDKW3U-F091KUTBJ-b0d1e6939c\/datt-startup-flow_160.png",
            "image_exif_rotation": 1,
            "original_w": 690,
            "original_h": 588,
            "permalink": "https:\/\/dattnetwork.slack.com\/files\/willy\/F091KUTBJ\/datt-startup-flow.png",
            "permalink_public": "https:\/\/slack-files.com\/T07GDKW3U-F091KUTBJ-35cfe33d3e",
            "channels": [
                "C08EJG7M1"
            ],
            "groups": [

            ],
            "ims": [

            ],
            "comments_count": 2,
            "initial_comment": {
                "id": "Fc091L0KB6",
                "created": 1439436432,
                "timestamp": 1439436432,
                "user": "U08F438SK",
                "comment": "updated flow"
            },
            "num_stars": 1,
            "reactions": [
                {
                    "name": "+1",
                    "users": [
                        "U07GDL0H5",
                        "U08ERPTQF"
                    ],
                    "count": 2
                }
            ]
        },
        "user": "U08F438SK",
        "upload": true,
        "display_as_bot": false,
        "username": "<@U08F438SK|willy>",
        "bot_id": null,
        "ts": "1439436435.000548"
    },
    {
        "type": "message",
        "subtype": "file_share",
        "text": "<@U08F438SK|willy> uploaded a file: <https:\/\/dattnetwork.slack.com\/files\/willy\/F091LBCTG\/PlantUML_for_Startup_protocol_flow.txt|PlantUML for Startup protocol flow> and commented: The PlantUML source for previous diagram",
        "file": {
            "id": "F091LBCTG",
            "created": 1439436695,
            "timestamp": 1439436695,
            "name": "PlantUML_for_Startup_protocol_flow.txt",
            "title": "PlantUML for Startup protocol flow",
            "mimetype": "text\/plain",
            "filetype": "text",
            "pretty_type": "Plain Text",
            "user": "U08F438SK",
            "editable": true,
            "size": 826,
            "mode": "snippet",
            "is_external": false,
            "external_type": "",
            "is_public": true,
            "public_url_shared": false,
            "display_as_bot": false,
            "username": "",
            "url": "https:\/\/slack-files.com\/files-pub\/T07GDKW3U-F091LBCTG-cda5ffb8a1\/PlantUML_for_Startup_protocol_flow.txt",
            "url_download": "https:\/\/slack-files.com\/files-pub\/T07GDKW3U-F091LBCTG-cda5ffb8a1\/download\/PlantUML_for_Startup_protocol_flow.txt",
            "url_private": "https:\/\/files.slack.com\/files-pri\/T07GDKW3U-F091LBCTG\/PlantUML_for_Startup_protocol_flow.txt",
            "url_private_download": "https:\/\/files.slack.com\/files-pri\/T07GDKW3U-F091LBCTG\/download\/PlantUML_for_Startup_protocol_flow.txt",
            "permalink": "https:\/\/dattnetwork.slack.com\/files\/willy\/F091LBCTG\/PlantUML_for_Startup_protocol_flow.txt",
            "permalink_public": "https:\/\/slack-files.com\/T07GDKW3U-F091LBCTG-cda5ffb8a1",
            "edit_link": "https:\/\/dattnetwork.slack.com\/files\/willy\/F091LBCTG\/PlantUML_for_Startup_protocol_flow.txt\/edit",
            "preview": "#+BEGIN_SRC plantuml :file flows\/datt-startup-flow.png\n\"User\" -> \"Client\": Opens Datt\n\"Client\" -> \"datt.co\": Give me website\n\"datt.co\" -> \"Client\": HTML\/JS\/CSS* \nnote right of \"datt.co\": \"Option: give frontpage content hashes\"\n\"Client\" -> \"Client\": Datt app start locally (JS)\n\"Client\" -> \"datt.co\": Give me peers\n\"datt.co\" -> \"Client\": [PeerA, PeerB, ...]\nnote right of \"Peer N\": \"User is not logged in,\\n so no identity to announce yet\"\n\"Client\" -> \"Peer N\": Give me recent content",
            "preview_highlight": "<div class=\"CodeMirror cm-s-default CodeMirrorServer\">\n<div class=\"CodeMirror-code\">\n<div><pre>#+BEGIN_SRC plantuml :file flows\/datt-startup-flow.png<\/pre><\/div>\n<div><pre>&quot;User&quot; -&gt; &quot;Client&quot;: Opens Datt<\/pre><\/div>\n<div><pre>&quot;Client&quot; -&gt; &quot;datt.co&quot;: Give me website<\/pre><\/div>\n<div><pre>&quot;datt.co&quot; -&gt; &quot;Client&quot;: HTML\/JS\/CSS* <\/pre><\/div>\n<div><pre>note right of &quot;datt.co&quot;: &quot;Option: give frontpage content hashes&quot;<\/pre><\/div>\n<div><pre>&quot;Client&quot; -&gt; &quot;Client&quot;: Datt app start locally (JS)<\/pre><\/div>\n<div><pre>&quot;Client&quot; -&gt; &quot;datt.co&quot;: Give me peers<\/pre><\/div>\n<div><pre>&quot;datt.co&quot; -&gt; &quot;Client&quot;: [PeerA, PeerB, ...]<\/pre><\/div>\n<div><pre>note right of &quot;Peer N&quot;: &quot;User is not logged in,\\n so no identity to announce yet&quot;<\/pre><\/div>\n<div><pre>&quot;Client&quot; -&gt; &quot;Peer N&quot;: Give me recent content<\/pre><\/div>\n<\/div>\n<\/div>\n",
            "lines": 17,
            "lines_more": 7,
            "channels": [
                "C08EJG7M1"
            ],
            "groups": [

            ],
            "ims": [

            ],
            "comments_count": 1,
            "initial_comment": {
                "id": "Fc091LHJ5B",
                "created": 1439436695,
                "timestamp": 1439436695,
                "user": "U08F438SK",
                "comment": "The PlantUML source for previous diagram"
            }
        },
        "user": "U08F438SK",
        "upload": true,
        "display_as_bot": false,
        "username": "<@U08F438SK|willy>",
        "bot_id": null,
        "ts": "1439436695.000549"
    },
    {
        "type": "message",
        "user": "U08F438SK",
        "text": "I think we should stick with the generic Peer ,what do you think?",
        "ts": "1439436733.000550"
    },
    {
        "type": "message",
        "user": "U08F438SK",
        "text": "I have included \"<http:\/\/datt.co|datt.co>\" just for the initial rendezvous and HTML\/JS\/CSS hosting",
        "ts": "1439436752.000551"
    },
    {
        "type": "message",
        "user": "U08F438SK",
        "text": "after that they drop out. what would you all prefer?",
        "ts": "1439436762.000552"
    },
    {
        "type": "message",
        "user": "U08ERPTQF",
        "text": "We will need to differentiate between types of nodes when sequencing payments, I'll think about the best way to do this",
        "ts": "1439436829.000553"
    },
    {
        "type": "message",
        "subtype": "file_comment",
        "text": "<@U08EZP01H|darrenm> commented on <@U08F438SK|willy>'s file <https:\/\/dattnetwork.slack.com\/files\/willy\/F091KUTBJ\/datt-startup-flow.png|datt-startup-flow.png>: this is excellent. this starts right where things get fuzzy for my UX brain",
        "file": {
            "id": "F091KUTBJ",
            "created": 1439436432,
            "timestamp": 1439436432,
            "name": "datt-startup-flow.png",
            "title": "datt-startup-flow.png",
            "mimetype": "image\/png",
            "filetype": "png",
            "pretty_type": "PNG",
            "user": "U08F438SK",
            "editable": false,
            "size": 30386,
            "mode": "hosted",
            "is_external": false,
            "external_type": "",
            "is_public": true,
            "public_url_shared": false,
            "display_as_bot": false,
            "username": "",
            "url": "https:\/\/slack-files.com\/files-pub\/T07GDKW3U-F091KUTBJ-35cfe33d3e\/datt-startup-flow.png",
            "url_download": "https:\/\/slack-files.com\/files-pub\/T07GDKW3U-F091KUTBJ-35cfe33d3e\/download\/datt-startup-flow.png",
            "url_private": "https:\/\/files.slack.com\/files-pri\/T07GDKW3U-F091KUTBJ\/datt-startup-flow.png",
            "url_private_download": "https:\/\/files.slack.com\/files-pri\/T07GDKW3U-F091KUTBJ\/download\/datt-startup-flow.png",
            "thumb_64": "https:\/\/slack-files.com\/files-tmb\/T07GDKW3U-F091KUTBJ-b0d1e6939c\/datt-startup-flow_64.png",
            "thumb_80": "https:\/\/slack-files.com\/files-tmb\/T07GDKW3U-F091KUTBJ-b0d1e6939c\/datt-startup-flow_80.png",
            "thumb_360": "https:\/\/slack-files.com\/files-tmb\/T07GDKW3U-F091KUTBJ-b0d1e6939c\/datt-startup-flow_360.png",
            "thumb_360_w": 360,
            "thumb_360_h": 307,
            "thumb_480": "https:\/\/slack-files.com\/files-tmb\/T07GDKW3U-F091KUTBJ-b0d1e6939c\/datt-startup-flow_480.png",
            "thumb_480_w": 480,
            "thumb_480_h": 409,
            "thumb_160": "https:\/\/slack-files.com\/files-tmb\/T07GDKW3U-F091KUTBJ-b0d1e6939c\/datt-startup-flow_160.png",
            "image_exif_rotation": 1,
            "original_w": 690,
            "original_h": 588,
            "permalink": "https:\/\/dattnetwork.slack.com\/files\/willy\/F091KUTBJ\/datt-startup-flow.png",
            "permalink_public": "https:\/\/slack-files.com\/T07GDKW3U-F091KUTBJ-35cfe33d3e",
            "channels": [
                "C08EJG7M1"
            ],
            "groups": [

            ],
            "ims": [

            ],
            "comments_count": 2,
            "initial_comment": {
                "id": "Fc091L0KB6",
                "created": 1439436432,
                "timestamp": 1439436432,
                "user": "U08F438SK",
                "comment": "updated flow"
            },
            "num_stars": 1,
            "reactions": [
                {
                    "name": "+1",
                    "users": [
                        "U07GDL0H5",
                        "U08ERPTQF"
                    ],
                    "count": 2
                }
            ]
        },
        "comment": {
            "id": "Fc091LDKKM",
            "created": 1439437100,
            "timestamp": 1439437100,
            "user": "U08EZP01H",
            "comment": "this is excellent. this starts right where things get fuzzy for my UX brain"
        },
        "ts": "1439437099.000554"
    },
    {
        "type": "message",
        "user": "U08DD8LNP",
        "text": "<@U08EZP01H>: yeah there isn\u2019t really much there for the UX looks like a great backend flow though, guess that\u2019s why it\u2019s posted here in <#C08EJG7M1> and not <#C08F8UMGB> :wink:",
        "ts": "1439442023.000558"
    },
    {
        "type": "message",
        "user": "U08F438SK",
        "text": "exactly. the vote+signup flow had impact on UI so I posted it in <#C08F8UMGB> , the startup protocol had implications for UI devs but not much for design :wink:",
        "ts": "1439442097.000559"
    },
    {
        "type": "message",
        "user": "U07GDL0H5",
        "text": "awesome work <@U08F438SK> ... PlantUML looks great!",
        "ts": "1439446081.000563"
    },
    {
        "type": "message",
        "user": "U08F438SK",
        "text": "thanks! would it make sense to put any of the diagram generating code in datt-node so you can change it when you update the impl code (and generate images)? then we could link to it in the README.md easily",
        "ts": "1439446816.000564"
    },
    {
        "type": "message",
        "user": "U08F438SK",
        "text": "or should it all go in dattdocs",
        "ts": "1439446821.000565"
    },
    {
        "type": "message",
        "subtype": "file_share",
        "text": "<@U08F438SK|willy> uploaded a file: <https:\/\/dattnetwork.slack.com\/files\/willy\/F091QNBKK\/datt-startup-flow.png|Datt startup diagram (updated)> and commented: Updated the Datt startup diagram",
        "file": {
            "id": "F091QNBKK",
            "created": 1439446867,
            "timestamp": 1439446867,
            "name": "datt-startup-flow.png",
            "title": "Datt startup diagram (updated)",
            "mimetype": "image\/png",
            "filetype": "png",
            "pretty_type": "PNG",
            "user": "U08F438SK",
            "editable": false,
            "size": 38391,
            "mode": "hosted",
            "is_external": false,
            "external_type": "",
            "is_public": true,
            "public_url_shared": false,
            "display_as_bot": false,
            "username": "",
            "url": "https:\/\/slack-files.com\/files-pub\/T07GDKW3U-F091QNBKK-d9416fb40f\/datt-startup-flow.png",
            "url_download": "https:\/\/slack-files.com\/files-pub\/T07GDKW3U-F091QNBKK-d9416fb40f\/download\/datt-startup-flow.png",
            "url_private": "https:\/\/files.slack.com\/files-pri\/T07GDKW3U-F091QNBKK\/datt-startup-flow.png",
            "url_private_download": "https:\/\/files.slack.com\/files-pri\/T07GDKW3U-F091QNBKK\/download\/datt-startup-flow.png",
            "thumb_64": "https:\/\/slack-files.com\/files-tmb\/T07GDKW3U-F091QNBKK-8243e12786\/datt-startup-flow_64.png",
            "thumb_80": "https:\/\/slack-files.com\/files-tmb\/T07GDKW3U-F091QNBKK-8243e12786\/datt-startup-flow_80.png",
            "thumb_360": "https:\/\/slack-files.com\/files-tmb\/T07GDKW3U-F091QNBKK-8243e12786\/datt-startup-flow_360.png",
            "thumb_360_w": 300,
            "thumb_360_h": 360,
            "thumb_480": "https:\/\/slack-files.com\/files-tmb\/T07GDKW3U-F091QNBKK-8243e12786\/datt-startup-flow_480.png",
            "thumb_480_w": 400,
            "thumb_480_h": 480,
            "thumb_160": "https:\/\/slack-files.com\/files-tmb\/T07GDKW3U-F091QNBKK-8243e12786\/datt-startup-flow_160.png",
            "thumb_720": "https:\/\/slack-files.com\/files-tmb\/T07GDKW3U-F091QNBKK-8243e12786\/datt-startup-flow_720.png",
            "thumb_720_w": 600,
            "thumb_720_h": 720,
            "image_exif_rotation": 1,
            "original_w": 693,
            "original_h": 831,
            "permalink": "https:\/\/dattnetwork.slack.com\/files\/willy\/F091QNBKK\/datt-startup-flow.png",
            "permalink_public": "https:\/\/slack-files.com\/T07GDKW3U-F091QNBKK-d9416fb40f",
            "channels": [
                "C08EJG7M1"
            ],
            "groups": [

            ],
            "ims": [

            ],
            "comments_count": 1,
            "initial_comment": {
                "id": "Fc091QGVUN",
                "created": 1439446867,
                "timestamp": 1439446867,
                "user": "U08F438SK",
                "comment": "Updated the Datt startup diagram"
            }
        },
        "user": "U08F438SK",
        "upload": true,
        "display_as_bot": false,
        "username": "<@U08F438SK|willy>",
        "bot_id": null,
        "ts": "1439446871.000566"
    },
    {
        "type": "message",
        "user": "U08F438SK",
        "text": "<@U08MAKT70> has added announcement, storage of content , and PR is on way!",
        "ts": "1439446970.000567"
    },
    {
        "type": "message",
        "user": "U08MAKT70",
        "text": "Yes, showing some basic functionality and getting to know the code base ;D",
        "ts": "1439448010.000568",
        "reactions": [
            {
                "name": "+1",
                "users": [
                    "U08F438SK",
                    "U08ERPTQF",
                    "U08DD8LNP"
                ],
                "count": 3
            }
        ]
    }
]