[
    {
        "type": "message",
        "subtype": "file_share",
        "text": "<@U08EZP01H|darrenm> uploaded a file: <https:\/\/dattnetwork.slack.com\/files\/darrenm\/F09CTUSQJ\/network_overview-01.png|Datt Network Overview - Branded>",
        "file": {
            "id": "F09CTUSQJ",
            "created": 1440100084,
            "timestamp": 1440100084,
            "name": "network_overview-01.png",
            "title": "Datt Network Overview - Branded",
            "mimetype": "image\/png",
            "filetype": "png",
            "pretty_type": "PNG",
            "user": "U08EZP01H",
            "editable": false,
            "size": 62137,
            "mode": "hosted",
            "is_external": false,
            "external_type": "",
            "is_public": true,
            "public_url_shared": false,
            "display_as_bot": false,
            "username": "",
            "url_private": "https:\/\/files.slack.com\/files-pri\/T07GDKW3U-F09CTUSQJ\/network_overview-01.png?t=xoxe-7557676130-19603236052-19608971585-522f2efa97",
            "url_private_download": "https:\/\/files.slack.com\/files-pri\/T07GDKW3U-F09CTUSQJ\/download\/network_overview-01.png?t=xoxe-7557676130-19603236052-19608971585-522f2efa97",
            "thumb_64": "https:\/\/files.slack.com\/files-tmb\/T07GDKW3U-F09CTUSQJ-295ecade9e\/network_overview-01_64.png?t=xoxe-7557676130-19603236052-19608971585-522f2efa97",
            "thumb_80": "https:\/\/files.slack.com\/files-tmb\/T07GDKW3U-F09CTUSQJ-295ecade9e\/network_overview-01_80.png?t=xoxe-7557676130-19603236052-19608971585-522f2efa97",
            "thumb_360": "https:\/\/files.slack.com\/files-tmb\/T07GDKW3U-F09CTUSQJ-295ecade9e\/network_overview-01_360.png?t=xoxe-7557676130-19603236052-19608971585-522f2efa97",
            "thumb_360_w": 320,
            "thumb_360_h": 360,
            "thumb_480": "https:\/\/files.slack.com\/files-tmb\/T07GDKW3U-F09CTUSQJ-295ecade9e\/network_overview-01_480.png?t=xoxe-7557676130-19603236052-19608971585-522f2efa97",
            "thumb_480_w": 426,
            "thumb_480_h": 480,
            "thumb_160": "https:\/\/files.slack.com\/files-tmb\/T07GDKW3U-F09CTUSQJ-295ecade9e\/network_overview-01_160.png?t=xoxe-7557676130-19603236052-19608971585-522f2efa97",
            "thumb_720": "https:\/\/files.slack.com\/files-tmb\/T07GDKW3U-F09CTUSQJ-295ecade9e\/network_overview-01_720.png?t=xoxe-7557676130-19603236052-19608971585-522f2efa97",
            "thumb_720_w": 639,
            "thumb_720_h": 720,
            "image_exif_rotation": 1,
            "original_w": 800,
            "original_h": 901,
            "permalink": "https:\/\/dattnetwork.slack.com\/files\/darrenm\/F09CTUSQJ\/network_overview-01.png",
            "permalink_public": "https:\/\/slack-files.com\/T07GDKW3U-F09CTUSQJ-196c15d256",
            "channels": [
                "C08EJG7M1"
            ],
            "groups": [

            ],
            "ims": [

            ],
            "comments_count": 0,
            "reactions": [
                {
                    "name": "+1",
                    "users": [
                        "U08ERPTQF",
                        "U08F438SK",
                        "U08D641AP",
                        "U07GDL0H5",
                        "U08DH3ESU"
                    ],
                    "count": 5
                }
            ]
        },
        "user": "U08EZP01H",
        "upload": true,
        "display_as_bot": false,
        "username": "<@U08EZP01H|darrenm>",
        "bot_id": null,
        "ts": "1440100087.000649"
    },
    {
        "type": "message",
        "user": "U08EZP01H",
        "text": "<@U07GDL0H5>: took your network overview and added branding; will be a useful asset.",
        "ts": "1440100093.000650"
    },
    {
        "type": "message",
        "user": "U07GDL0H5",
        "text": "wow, that's awesome!",
        "ts": "1440109512.000654"
    }
]