[
    {
        "user": "U095A29EK",
        "type": "message",
        "subtype": "channel_join",
        "text": "<@U095A29EK|essofluffy> has joined the channel",
        "ts": "1439750973.000389"
    },
    {
        "type": "message",
        "user": "U07GDL0H5",
        "text": "worth noting that theymos is now banning all discussion of Bitcoin XT, and explicitly says so <https:\/\/www.reddit.com\/r\/Bitcoin\/comments\/3h9cq4\/its_time_for_a_break_about_the_recent_mess\/>",
        "attachments": [
            {
                "service_name": "reddit",
                "title": "It's time for a break: About the recent mess &amp; temporary new rules \u2022 \/r\/Bitcoin",
                "title_link": "https:\/\/www.reddit.com\/r\/Bitcoin\/comments\/3h9cq4\/its_time_for_a_break_about_the_recent_mess\/",
                "text": "Unfortunately, I was on vacation this weekend, so I was unable to prevent \/r\/Bitcoin from becoming messy. Sorry about that. I and other moderators...",
                "fallback": "reddit: It's time for a break: About the recent mess &amp; temporary new rules \u2022 \/r\/Bitcoin",
                "thumb_url": "https:\/\/www.redditstatic.com\/icon.png",
                "from_url": "https:\/\/www.reddit.com\/r\/Bitcoin\/comments\/3h9cq4\/its_time_for_a_break_about_the_recent_mess\/",
                "thumb_width": 256,
                "thumb_height": 256,
                "id": 1
            }
        ],
        "ts": "1439776091.000390"
    },
    {
        "type": "message",
        "user": "U07GDL0H5",
        "text": "which i could remove theymos from my r\/bitcoin collective",
        "ts": "1439776104.000392",
        "reactions": [
            {
                "name": "+1",
                "users": [
                    "U08ERPTQF"
                ],
                "count": 1
            }
        ]
    }
]