[
    {
        "type": "message",
        "user": "U07GDL0H5",
        "text": "how taariq's company solves the problem of tx malleability - the user signs every conceivable mutated tx and then they can broadcast whichever follows the tx that gets in a block - good idea <https:\/\/twitter.com\/taariqlewis\/status\/651192505606639616>",
        "attachments": [
            {
                "fallback": "<https:\/\/twitter.com\/taariqlewis|@taariqlewis>: <https:\/\/twitter.com\/shibuyashadows|@shibuyashadows> <https:\/\/twitter.com\/jgarzik|@jgarzik> <https:\/\/twitter.com\/BlockCypher|@BlockCypher> Yeup. But we now create 2^(n) permutations of the Low-S\/High-S txes so that we broadcast right one.",
                "ts": 1444091366,
                "author_name": "Taariq Lewis",
                "author_link": "https:\/\/twitter.com\/taariqlewis\/status\/651192505606639616",
                "author_icon": "https:\/\/pbs.twimg.com\/profile_images\/1199941560\/Twitter_Profile_normal.png",
                "author_subname": "@taariqlewis",
                "text": "<https:\/\/twitter.com\/shibuyashadows|@shibuyashadows> <https:\/\/twitter.com\/jgarzik|@jgarzik> <https:\/\/twitter.com\/BlockCypher|@BlockCypher> Yeup. But we now create 2^(n) permutations of the Low-S\/High-S txes so that we broadcast right one.",
                "service_name": "twitter",
                "service_url": "https:\/\/twitter.com\/",
                "from_url": "https:\/\/twitter.com\/taariqlewis\/status\/651192505606639616",
                "id": 1
            }
        ],
        "ts": "1444091600.000002",
        "reactions": [
            {
                "name": "bulb",
                "users": [
                    "U08CBD41G"
                ],
                "count": 1
            }
        ]
    }
]