[
    {
        "type": "message",
        "user": "U08CBD41G",
        "text": "Medium just announced a $57M round: <https:\/\/medium.com\/@andydoyle\/medium-s-new-funding-round-48437c641e06>",
        "attachments": [
            {
                "service_name": "Medium",
                "title": "Medium\u2019s New Funding Round",
                "title_link": "https:\/\/medium.com\/@andydoyle\/medium-s-new-funding-round-48437c641e06",
                "text": "We are pleased to announce that Medium recently raised $57 million in capital. The round was led by new partner Andreess\u2026",
                "fallback": "Medium: Medium\u2019s New Funding Round",
                "thumb_url": "https:\/\/d262ilb51hltx0.cloudfront.net\/max\/800\/1*isuWE1QkzaeAm-uq4PdCvA.jpeg",
                "ts": 1443466810,
                "from_url": "https:\/\/medium.com\/@andydoyle\/medium-s-new-funding-round-48437c641e06",
                "thumb_width": 800,
                "thumb_height": 800,
                "id": 1
            }
        ],
        "ts": "1443467700.000004"
    },
    {
        "type": "message",
        "user": "U08CBD41G",
        "text": "some quotes I found relevant:",
        "ts": "1443467727.000006"
    },
    {
        "type": "message",
        "user": "U08CBD41G",
        "text": "&gt;At Medium we operate in a fundamentally different way. We don\u2019t focus on pageviews, unique visitors, or click metrics. We don\u2019t litter the platform with ads that are low quality, high clutter. We don\u2019t tolerate bad behavior in the community. And we don\u2019t violate people\u2019s privacy.\n\n&gt;We aim to surface quality. Every action on Medium is shared with our network, meaning everyone is an influencer. Whether you post, highlight, recommend, or respond\u200a\u2014\u200aMedium helps you move other people, see issues through a different lens, change minds, and inspire action. We are confident this is the best model for both creators and audience in the long run.",
        "edited": {
            "user": "U08CBD41G",
            "ts": "1443467839.000000"
        },
        "ts": "1443467824.000007",
        "reactions": [
            {
                "name": "+1",
                "users": [
                    "U08ERPTQF"
                ],
                "count": 1
            }
        ]
    },
    {
        "type": "message",
        "user": "U07GDL0H5",
        "text": "wow",
        "ts": "1443467849.000009"
    },
    {
        "type": "message",
        "user": "U08CBD41G",
        "text": "&gt;With this round we aim to make Medium the dominant pipeline for connecting quality content and conversation. As a reader you will find all of the best stories and ideas on the internet, personalized for your interests and made richer by the activity of your Medium network. As a creator you will find Medium the best place to build a voice, develop your own audience, and create value for yourself and others.",
        "ts": "1443467856.000010"
    },
    {
        "type": "message",
        "user": "U07GDL0H5",
        "text": "so sounds like they're going to try to make more conversation happen on medium ... will be interesting to see how that works",
        "edited": {
            "user": "U07GDL0H5",
            "ts": "1443468230.000000"
        },
        "ts": "1443468221.000011"
    }
]