[
    {
        "type": "message",
        "user": "U08FMHVJ4",
        "text": "When you find a fed, call \u2018em out: <https:\/\/twitter.com\/MrHodl\/status\/634684649592258560>",
        "ts": "1440184822.000274"
    },
    {
        "type": "message",
        "user": "U08EZP01H",
        "text": "anyone ever hear of this? McAfee was pushing it on his reddit AMA <https:\/\/github.com\/eijah\/demoncrypt>",
        "attachments": [
            {
                "service_name": "GitHub",
                "title": "eijah\/demoncrypt",
                "title_link": "https:\/\/github.com\/eijah\/demoncrypt",
                "text": "demoncrypt - Believe in the Right to Share. Secure, Anonymous, Free, Everywhere. Welcome to the Future of File Sharing.",
                "fallback": "GitHub: eijah\/demoncrypt",
                "thumb_url": "https:\/\/avatars0.githubusercontent.com\/u\/11503338?v=3&s=400",
                "from_url": "https:\/\/github.com\/eijah\/demoncrypt",
                "thumb_width": 400,
                "thumb_height": 400,
                "id": 1
            }
        ],
        "ts": "1440223183.000275"
    },
    {
        "type": "message",
        "user": "U08EZP01H",
        "text": "ama: <https:\/\/www.reddit.com\/r\/netsec\/comments\/3hr9f0\/i_am_john_mcafee_ama\/?utm_content=bufferc4d92&amp;utm_medium=social&amp;utm_source=facebook.com&amp;utm_campaign=buffer>",
        "attachments": [
            {
                "service_name": "reddit",
                "title": "I am John McAfee AMA! \u2022 \/r\/netsec",
                "title_link": "https:\/\/www.reddit.com\/r\/netsec\/comments\/3hr9f0\/i_am_john_mcafee_ama\/?utm_content=bufferc4d92&utm_medium=social&utm_source=facebook.com&utm_campaign=buffer",
                "text": "Eccentric Millionaire &amp; Still Alive [Proof](<https:\/\/twitter.com\/officialmcafee\/status\/633657249840431104>) Edit: **That's all folks**",
                "fallback": "reddit: I am John McAfee AMA! \u2022 \/r\/netsec",
                "thumb_url": "https:\/\/www.redditstatic.com\/icon.png",
                "from_url": "https:\/\/www.reddit.com\/r\/netsec\/comments\/3hr9f0\/i_am_john_mcafee_ama\/?utm_content=bufferc4d92&utm_medium=social&utm_source=facebook.com&utm_campaign=buffer",
                "thumb_width": 256,
                "thumb_height": 256,
                "id": 1
            }
        ],
        "ts": "1440223221.000277"
    }
]