[
    {
        "type": "message",
        "user": "U08EZP01H",
        "text": "Hey, anyone who's familiar with their Myers-Briggs or Keirsey Temperament should drop it off here.  Would be cool to see our team structure.",
        "ts": "1441053922.000055"
    },
    {
        "type": "message",
        "user": "U08EZP01H",
        "text": "I'll go first. I'm an ENTJ \/ Rational Fieldmarshal.",
        "ts": "1441053967.000056"
    },
    {
        "type": "message",
        "user": "U08CG8V89",
        "text": "<@U08EZP01H>, being ever the contrarian that i am: <http:\/\/www.vox.com\/2014\/7\/15\/5881947\/myers-briggs-personality-test-meaningless> :simple_smile:",
        "attachments": [
            {
                "service_name": "Vox",
                "title": "Why the Myers-Briggs test is totally meaningless",
                "title_link": "http:\/\/www.vox.com\/2014\/7\/15\/5881947\/myers-briggs-personality-test-meaningless",
                "text": "It's no more scientifically valid than a BuzzFeed quiz.",
                "fallback": "Vox: Why the Myers-Briggs test is totally meaningless",
                "image_url": "https:\/\/cdn2.vox-cdn.com\/thumbor\/8t85pUNYeoVwliPNZaFOSCiYGwI=\/0x195:2000x1306\/1080x600\/cdn0.vox-cdn.com\/uploads\/chorus_image\/image\/35484784\/10307084714_b587b34b79_o.0.jpg",
                "ts": 1429022220,
                "from_url": "http:\/\/www.vox.com\/2014\/7\/15\/5881947\/myers-briggs-personality-test-meaningless",
                "image_width": 450,
                "image_height": 250,
                "image_bytes": 156462,
                "id": 1
            }
        ],
        "ts": "1441054661.000057"
    },
    {
        "type": "message",
        "user": "U08EZP01H",
        "text": "Yea their business claims may be suspect, but I think it does a pretty good job communicating more than cursory stereotypes",
        "ts": "1441055073.000059"
    },
    {
        "type": "message",
        "user": "U08ERPTQF",
        "text": "any quiz draws people down a path that is heavily influenced by your own biases about yourself versus others",
        "ts": "1441055103.000060"
    },
    {
        "type": "message",
        "user": "U08CG8V89",
        "text": "I've taken the MB test two times. It was clear to me from the questions that they could be answered so many different ways depending on context.",
        "ts": "1441055141.000061"
    },
    {
        "type": "message",
        "user": "U08ERPTQF",
        "text": "Just rattled through the quiz and it looks like I see myself as an Artisan Promoter (ESTP)",
        "ts": "1441055153.000062"
    },
    {
        "type": "message",
        "user": "U08EZP01H",
        "text": "That's true, lots of room for bias. I'm actually still the same as my first assessment in the mid 90s, when in 7th grade, so maybe I've dodged some self delusion. Or maybe I got it all :simple_smile:",
        "ts": "1441055210.000063"
    },
    {
        "type": "message",
        "user": "U08EZP01H",
        "text": "<@U08CG8V89>: What do you *want* to be?",
        "ts": "1441055252.000064"
    },
    {
        "type": "message",
        "user": "U08CG8V89",
        "text": "research shows \u201cthat as many as three-quarters of test takers achieve a different personality type when tested again\u201d: <https:\/\/www.linkedin.com\/pulse\/20130917155206-69244073-say-goodbye-to-mbti-the-fad-that-won-t-die>",
        "ts": "1441055271.000065"
    },
    {
        "type": "message",
        "user": "U08CG8V89",
        "text": "frankly scarlet... :simple_smile:",
        "ts": "1441055280.000066",
        "reactions": [
            {
                "name": "sunglasses",
                "users": [
                    "U08EZP01H"
                ],
                "count": 1
            }
        ]
    },
    {
        "type": "message",
        "user": "U08EZP01H",
        "text": "So INTJ? or ENTJ then?",
        "ts": "1441055435.000067"
    },
    {
        "type": "message",
        "user": "U08EZP01H",
        "text": "Ha.",
        "ts": "1441055438.000068"
    },
    {
        "type": "message",
        "user": "U08CG8V89",
        "text": "lol",
        "ts": "1441055464.000069"
    },
    {
        "type": "message",
        "user": "U08CG8V89",
        "text": "pretty much any testing in the \"social sciences\" is questionable and based on opinions",
        "ts": "1441055505.000070"
    },
    {
        "type": "message",
        "user": "U08CG8V89",
        "text": "(and thus meaningless from a scientific validity standpoint)",
        "ts": "1441055537.000071"
    },
    {
        "type": "message",
        "user": "U08EZP01H",
        "text": "You might like some of the research using Integrated Information Theory. It's an algorithmic model of consciousness that can be used to draw insights from things that are generally considered qualitative. Here's one that applies IIT to LSD using fMRI data. <http:\/\/www.ncbi.nlm.nih.gov\/pmc\/articles\/PMC4464176\/>",
        "attachments": [
            {
                "service_name": "PubMed Central (PMC)",
                "title": "Restructuring consciousness \u2013the psychedelic state in light of integrated information theory",
                "title_link": "http:\/\/www.ncbi.nlm.nih.gov\/pmc\/articles\/PMC4464176\/",
                "text": "The psychological state elicited by the classic psychedelics drugs, such as LSD and psilocybin, is one of the most fascinating and yet least understood states of consciousness. However, with the advent of modern functional neuroimaging techniques, the ...",
                "fallback": "PubMed Central (PMC): Restructuring consciousness \u2013the psychedelic state in light of integrated information theory",
                "thumb_url": "http:\/\/www.ncbi.nlm.nih.gov\/corehtml\/pmc\/pmcgifs\/pmc-logo-share.png",
                "from_url": "http:\/\/www.ncbi.nlm.nih.gov\/pmc\/articles\/PMC4464176\/",
                "thumb_width": 1200,
                "thumb_height": 630,
                "id": 1
            }
        ],
        "ts": "1441055783.000072"
    },
    {
        "type": "message",
        "user": "U08ERPTQF",
        "text": "Takeaway quote of the day: \"the cold reality is that there\u2019s no practical way to put so many websites under one umbrella, Apple\u2019s or anyone else\u2019s, and the business of collecting pennies doesn\u2019t seem viable.\" This is why Datt is a decentralized solution to the problem\n<http:\/\/www.mondaynote.com\/2015\/08\/31\/life-after-content-blocking\/?utm_source=feedburner&amp;utm_medium=feed&amp;utm_campaign=Feed%3A+monday-note+%28Monday+Note%29>",
        "attachments": [
            {
                "service_name": "Monday Note",
                "title": "Life After Content Blocking | Monday Note",
                "title_link": "http:\/\/www.mondaynote.com\/2015\/08\/31\/life-after-content-blocking\/?utm_source=feedburner&utm_medium=feed&utm_campaign=Feed%3A+monday-note+%28Monday+Note%29",
                "text": "\u00a0 By Jean-Louis Gass\u00e9e Ad blocking started as an initiative by independent developers who wanted to improve our browsing experience. Now that at least one company, Apple, has made Content Blocking \u201cofficial\u201d, ad-supported publishing business models are in trouble. Back in the days when we bought a newspaper or magazine at the newsstand, we thought we were paying for the newspaper. We were only faintly aware that advertising contributed a large share of the paper\u2019s revenue. In some cases, like old computer magazines, ads were welcomed and even avidly sought by the reader; they provided a needed source of information in a rapidly evolving field. No strings attached, we buy, we read, and we\u2019re done. Then, the Web happened and newspapers and magazines became available on line. The unlimited number of sources of information and entertainment has lead to a new kind of Tragedy of the Commons: When finite advertising budgets are divided by an almost infinite number of Internet billboards, the revenue per ad tends to zero. As revenue from print ads continues to decline, Web ads aren\u2019t picking up the",
                "fallback": "Monday Note: Life After Content Blocking | Monday Note",
                "thumb_url": "http:\/\/www.mondaynote.com\/wp-content\/plugins\/all-in-one-seo-pack\/images\/default-user-image.png",
                "from_url": "http:\/\/www.mondaynote.com\/2015\/08\/31\/life-after-content-blocking\/?utm_source=feedburner&utm_medium=feed&utm_campaign=Feed%3A+monday-note+%28Monday+Note%29",
                "thumb_width": 512,
                "thumb_height": 512,
                "id": 1
            }
        ],
        "ts": "1441057566.000074",
        "reactions": [
            {
                "name": "+1",
                "users": [
                    "U08F438SK"
                ],
                "count": 1
            }
        ]
    },
    {
        "type": "message",
        "user": "U08CG8V89",
        "text": "interesting <@U08EZP01H>. thanks. i'll have to read this more closely. skimming, i'm not sure i agree with their definition of consciousness: \"In order for a system to be conscious, it must be both highly differentiated (informative) and integrated. This means the information generated by the system as a whole must be beyond that generated by its individual components. \" additionally, although by no means an expert, my understanding of fMRI (which is what i assume they mean by functional neuroimaging) is that it is still way too abstract to identify anything but general trends. (i think i remember reading in Destructive Emotions- A Scientific Dialogue with the Dalai Lama that there are thousands of things going on at a smaller level that fMRI can't image.) actually, a user just posted this the other day and i found it very intriguing: <http:\/\/valme.io\/c\/science\/chqqs\/stuart-hameroff-on-singularity-1on1-consciousness-is-more-than-computation>.  the idea here is that consciousness is related to physics at a QM particle level",
        "attachments": [
            {
                "title": "Stuart Hameroff on Singularity 1on1: Consciousness is More than Computation! | valME",
                "title_link": "http:\/\/valme.io\/c\/science\/chqqs\/stuart-hameroff-on-singularity-1on1-consciousness-is-more-than-computation",
                "text": "...",
                "fallback": "Stuart Hameroff on Singularity 1on1: Consciousness is More than Computation! | valME",
                "image_url": "http:\/\/valme.io\/content\/themes\/default\/images\/v-white.png",
                "from_url": "http:\/\/valme.io\/c\/science\/chqqs\/stuart-hameroff-on-singularity-1on1-consciousness-is-more-than-computation",
                "image_width": 218,
                "image_height": 174,
                "image_bytes": 4257,
                "id": 1
            }
        ],
        "edited": {
            "user": "U08CG8V89",
            "ts": "1441058392.000000"
        },
        "ts": "1441057721.000076"
    },
    {
        "type": "message",
        "user": "U08F438SK",
        "text": "<@U08EZP01H>: I confess I share <@U08CG8V89>'s disdain for personality tests, but I took one (<http:\/\/16personalities.com|16personalities.com> had it for free) and got ENTP, \"The Debater\".  Certainly some of characterization is accurate (it should be able to tell me at least as much about myself as I told it, paraphrasing my own answers back, right?).",
        "ts": "1441078639.000079"
    },
    {
        "type": "message",
        "user": "U08F438SK",
        "text": "I will say even if I concede some of portrait Myers Briggs paints (The Debater), in no way is my ideal self \"an insensitive critic who wants others to do the work\" which seems to be part of the standard picture there. Truth over feelings is applied to myself and not others. And while the agility and freedom one enjoys while building castles in the clouds may be delightful, I think it applies to everyone that there are unsustainable pleasures in life that must be enjoyed in moderation. Brainstorming, dreaming, and most *debating* is recreational, and cannot be confused with the work required to earn your keep or -- if one is doing well -- to foundations under those castles in the sky.",
        "ts": "1441079090.000080"
    },
    {
        "type": "message",
        "user": "U08F438SK",
        "text": "\"to put foundations under\"*",
        "ts": "1441079164.000081"
    },
    {
        "type": "message",
        "user": "U08F438SK",
        "text": "I am also a fan of Tononi's Integrated Information Theory. Hadn't seen that paper, thanks for the link, will check it out after my next PR! :simple_smile:",
        "ts": "1441079190.000082"
    },
    {
        "type": "message",
        "user": "U08D641AP",
        "text": "so, out of <!channel> \u2013 who is planning on going to <https:\/\/scalingbitcoin.org\/montreal2015\/> ?",
        "attachments": [
            {
                "title": "Scaling Bitcoin",
                "title_link": "https:\/\/scalingbitcoin.org\/montreal2015\/",
                "text": "Scaling Bitcoin Workshop",
                "fallback": "Scaling Bitcoin",
                "from_url": "https:\/\/scalingbitcoin.org\/montreal2015\/",
                "id": 1
            }
        ],
        "edited": {
            "user": "U08D641AP",
            "ts": "1441079577.000000"
        },
        "ts": "1441079566.000083"
    },
    {
        "type": "message",
        "user": "U08F438SK",
        "text": "was thinking about it, although I don't want to steal a weekend from Datt.  are you going?",
        "ts": "1441079653.000086"
    },
    {
        "type": "message",
        "user": "U08D641AP",
        "text": "I'll be going, yes \u2013 I think <@U07GDL0H5> is as well.",
        "ts": "1441079740.000087"
    },
    {
        "type": "message",
        "user": "U07GDL0H5",
        "text": "i got one of the travel sponsorships so i'll be going.",
        "ts": "1441084829.000090"
    },
    {
        "type": "message",
        "user": "U08ELNFTP",
        "text": "won\u2019t be there, but Montreal seems beautiful right now",
        "ts": "1441084888.000091"
    },
    {
        "type": "message",
        "user": "U08F438SK",
        "text": "then maaybe I'll go too :simple_smile:",
        "ts": "1441086355.000092"
    },
    {
        "type": "message",
        "user": "U08F438SK",
        "text": "just need to price out the travel+accommodation and make sure there are no surprises. I dunno. Really just need to code and the internet day by day makes me feel sillier for needing to be in the same room with people",
        "ts": "1441086452.000093"
    },
    {
        "user": "U09UQTE6Q",
        "type": "message",
        "subtype": "channel_join",
        "text": "<@U09UQTE6Q|nikosbentenitis> has joined the channel",
        "ts": "1441086490.000094"
    }
]