[
    {
        "type": "message",
        "user": "U08D641AP",
        "text": "hey all, just a reminder that the world's top rated charity is running a bitcoin-specific campaign where 0.02 BTC goes _directly_ to a person in need (in the form of a bottle containing enough vitamins to nourish a mother for her entire pregnancy).  In my opinion, *one of Bitcoin's biggest opportunities is in improving transparency for charities.*  Lets make this one a huge success: <https:\/\/www.directrelief.org\/bitcoin\/> \u2013 it ends in two days, and it's only 0.02 BTC!",
        "attachments": [
            {
                "service_name": "Direct Relief",
                "title": "Give a Bit. Help a Lot.",
                "title_link": "https:\/\/www.directrelief.org\/bitcoin\/",
                "text": "Let\u2019s work together. Healthy\u00a0mothers and\u00a0babies lead to stronger communities\u00a0and a brighter future for all. Direct Relief\u2019s Prenatal Vitamin Program helps deliver the \u2026",
                "fallback": "Direct Relief: Give a Bit. Help a Lot.",
                "thumb_url": "https:\/\/www.directrelief.org\/wp-content\/uploads\/changetip_header1.jpg",
                "from_url": "https:\/\/www.directrelief.org\/bitcoin\/",
                "thumb_width": 960,
                "thumb_height": 380,
                "id": 1
            }
        ],
        "ts": "1440442597.000280",
        "reactions": [
            {
                "name": "tada",
                "users": [
                    "U08ERPTQF",
                    "U08F438SK"
                ],
                "count": 2
            }
        ]
    },
    {
        "type": "message",
        "user": "U08EZP01H",
        "text": "a classic. audio is a bit hissy, but worth the insight <https:\/\/www.youtube.com\/watch?v=qp0HIF3SfI4>",
        "attachments": [
            {
                "service_name": "YouTube",
                "service_url": "https:\/\/www.youtube.com\/",
                "title": "Simon Sinek: How great leaders inspire action",
                "title_link": "https:\/\/www.youtube.com\/watch?v=qp0HIF3SfI4",
                "author_name": "TED",
                "author_link": "https:\/\/www.youtube.com\/user\/TEDtalksDirector",
                "thumb_url": "https:\/\/i.ytimg.com\/vi\/qp0HIF3SfI4\/hqdefault.jpg",
                "thumb_width": 480,
                "thumb_height": 360,
                "fallback": "YouTube Video: Simon Sinek: How great leaders inspire action",
                "video_html": "<iframe width=\"400\" height=\"225\" src=\"https:\/\/www.youtube.com\/embed\/qp0HIF3SfI4?feature=oembed\" frameborder=\"0\" allowfullscreen><\/iframe>",
                "video_html_width": 400,
                "video_html_height": 225,
                "from_url": "https:\/\/www.youtube.com\/watch?v=qp0HIF3SfI4",
                "id": 1
            }
        ],
        "ts": "1440444204.000282",
        "reactions": [
            {
                "name": "+1",
                "users": [
                    "U07GDL0H5"
                ],
                "count": 1
            }
        ]
    },
    {
        "type": "message",
        "user": "U08ERPTQF",
        "text": "<@U08D641AP>: it looks like all donations are going to a single address - in which case only 276 mothers are getting vitamins :disappointed: ",
        "ts": "1440448375.000284",
        "reactions": [
            {
                "name": "confused",
                "users": [
                    "U08D641AP"
                ],
                "count": 1
            }
        ]
    },
    {
        "type": "message",
        "user": "U08D641AP",
        "text": "apparently there's also ChangeTip donations, but those are off-chain",
        "ts": "1440448402.000285"
    },
    {
        "type": "message",
        "user": "U08D641AP",
        "text": "on the other hand, it seems ChangeTip donations get their names on the actual vitamin bottles their money is going towards, and a photograph of the bottle going to the woman",
        "ts": "1440448429.000286"
    },
    {
        "type": "message",
        "user": "U08ERPTQF",
        "text": "Cool, I'm often talking to Charities about Bitcoin donations, but they fail to conceive the direct nature of giving to a cause like this.",
        "ts": "1440448562.000287"
    },
    {
        "type": "message",
        "user": "U08D641AP",
        "text": "DirectRelief seems pretty excited about the whole thing, but needs a solid success story with the community \u2013 hopefully this campaign will be that.",
        "ts": "1440448690.000288"
    },
    {
        "type": "message",
        "user": "U08D641AP",
        "text": "(it's tough for a charity to justify investment, so impact needs to be shown)",
        "ts": "1440448714.000289"
    },
    {
        "user": "U09HNULS1",
        "type": "message",
        "subtype": "channel_join",
        "text": "<@U09HNULS1|reidw> has joined the channel",
        "ts": "1440452663.000290"
    },
    {
        "type": "message",
        "user": "U08DH3ESU",
        "text": "\"We support the implementation of BIP101. We have found Gavin\u2019s arguments on both the need for larger blocks and the feasibility of their implementation \u2014 while safeguarding Bitcoin\u2019s decentralization to be convincing. BIP101 and 8MBblocks are already supported by a majority of the miners and we feel it is time for the industry to unite behind this proposal.\" <http:\/\/blog.blockchain.com\/wp-content\/uploads\/2015\/08\/Industry-Block-Size-letter-All-Signed.pdf>",
        "edited": {
            "user": "U08DH3ESU",
            "ts": "1440469928.000000"
        },
        "ts": "1440469893.000291",
        "reactions": [
            {
                "name": "roller_coaster",
                "users": [
                    "U08ERPTQF",
                    "U07GDL0H5"
                ],
                "count": 2
            }
        ]
    },
    {
        "type": "message",
        "user": "U08DH3ESU",
        "text": "Melanie Swam's blog: <http:\/\/Datt.co|Datt.co> is engaged in developing a software platform for decentralized content hosting communities. Conceptually, this could be like a standalone decentralized reddit. The software platform could also be deployed by existing centralized content communities (like Stack Exchange and Stack Overflow) as an offered parameter at the launch of new communities. <http:\/\/futurememes.blogspot.in\/2015\/08\/network-economies-economic-system-as.html>",
        "edited": {
            "user": "U08DH3ESU",
            "ts": "1440482639.000000"
        },
        "ts": "1440482429.000002",
        "reactions": [
            {
                "name": "simple_smile",
                "users": [
                    "U08F438SK",
                    "U07GDL0H5"
                ],
                "count": 2
            }
        ]
    },
    {
        "type": "message",
        "user": "U08DH3ESU",
        "text": "In June, five major Chinese Bitcoin companies, F2Pool, AntPool, BW, BTCChina and Huobi, also came out in support of increasing the block size to 8 MB. These companies alone represent more than 60% of Bitcoin mining pools. According to <http:\/\/XTnodes.com|XTnodes.com>, Bitcoin XT has  surged to 3,745 nodes or around 40% of the nodes, as the number of XT nodes obviously skyrocketed after the support from the eight leading Bitcoin companies was made public.\n<http:\/\/allcoinsnews.com\/2015\/08\/25\/8-big-bitcoin-players-endorse-bip101-bigger-block-sizes\/>",
        "ts": "1440482962.000004"
    },
    {
        "type": "message",
        "user": "U08ERPTQF",
        "text": "Twitter User Engagement Metrics seem to be more abstract that one would expect - <http:\/\/www.bloomberg.com\/news\/articles\/2015-08-24\/twitter-faced-sec-questions-on-changing-user-engagement-metrics>",
        "attachments": [
            {
                "service_name": "Bloomberg.com",
                "title": "Twitter Faced SEC Questions on Changing User-Engagement Metrics",
                "title_link": "http:\/\/www.bloomberg.com\/news\/articles\/2015-08-24\/twitter-faced-sec-questions-on-changing-user-engagement-metrics",
                "text": "Twitter Inc. has regularly changed its own metrics for success, and the U.S. Securities and Exchange Commission is noticing.",
                "fallback": "Bloomberg.com: Twitter Faced SEC Questions on Changing User-Engagement Metrics",
                "from_url": "http:\/\/www.bloomberg.com\/news\/articles\/2015-08-24\/twitter-faced-sec-questions-on-changing-user-engagement-metrics",
                "id": 1
            }
        ],
        "ts": "1440483004.000005"
    },
    {
        "type": "message",
        "subtype": "file_share",
        "text": "<@U08FJ080J|drwasho> uploaded a file: <https:\/\/dattnetwork.slack.com\/files\/drwasho\/F09J5MW0H\/pasted_image_at_2015_08_25_04_20_pm.png|XT node stats>",
        "file": {
            "id": "F09J5MW0H",
            "created": 1440483731,
            "timestamp": 1440483731,
            "name": "Pasted image at 2015_08_25 04_20 PM.png",
            "title": "XT node stats",
            "mimetype": "image\/png",
            "filetype": "png",
            "pretty_type": "PNG",
            "user": "U08FJ080J",
            "editable": false,
            "size": 136381,
            "mode": "hosted",
            "is_external": false,
            "external_type": "",
            "is_public": true,
            "public_url_shared": false,
            "display_as_bot": false,
            "username": "",
            "url": "https:\/\/slack-files.com\/files-pub\/T07GDKW3U-F09J5MW0H-41f18547dd\/pasted_image_at_2015_08_25_04_20_pm.png",
            "url_download": "https:\/\/slack-files.com\/files-pub\/T07GDKW3U-F09J5MW0H-41f18547dd\/download\/pasted_image_at_2015_08_25_04_20_pm.png",
            "url_private": "https:\/\/files.slack.com\/files-pri\/T07GDKW3U-F09J5MW0H\/pasted_image_at_2015_08_25_04_20_pm.png",
            "url_private_download": "https:\/\/files.slack.com\/files-pri\/T07GDKW3U-F09J5MW0H\/download\/pasted_image_at_2015_08_25_04_20_pm.png",
            "thumb_64": "https:\/\/slack-files.com\/files-tmb\/T07GDKW3U-F09J5MW0H-f66fe2b5d8\/pasted_image_at_2015_08_25_04_20_pm_64.png",
            "thumb_80": "https:\/\/slack-files.com\/files-tmb\/T07GDKW3U-F09J5MW0H-f66fe2b5d8\/pasted_image_at_2015_08_25_04_20_pm_80.png",
            "thumb_360": "https:\/\/slack-files.com\/files-tmb\/T07GDKW3U-F09J5MW0H-f66fe2b5d8\/pasted_image_at_2015_08_25_04_20_pm_360.png",
            "thumb_360_w": 360,
            "thumb_360_h": 163,
            "thumb_480": "https:\/\/slack-files.com\/files-tmb\/T07GDKW3U-F09J5MW0H-f66fe2b5d8\/pasted_image_at_2015_08_25_04_20_pm_480.png",
            "thumb_480_w": 480,
            "thumb_480_h": 218,
            "thumb_160": "https:\/\/slack-files.com\/files-tmb\/T07GDKW3U-F09J5MW0H-f66fe2b5d8\/pasted_image_at_2015_08_25_04_20_pm_160.png",
            "thumb_720": "https:\/\/slack-files.com\/files-tmb\/T07GDKW3U-F09J5MW0H-f66fe2b5d8\/pasted_image_at_2015_08_25_04_20_pm_720.png",
            "thumb_720_w": 720,
            "thumb_720_h": 326,
            "thumb_960": "https:\/\/slack-files.com\/files-tmb\/T07GDKW3U-F09J5MW0H-f66fe2b5d8\/pasted_image_at_2015_08_25_04_20_pm_960.png",
            "thumb_960_w": 960,
            "thumb_960_h": 435,
            "thumb_1024": "https:\/\/slack-files.com\/files-tmb\/T07GDKW3U-F09J5MW0H-f66fe2b5d8\/pasted_image_at_2015_08_25_04_20_pm_1024.png",
            "thumb_1024_w": 1024,
            "thumb_1024_h": 464,
            "image_exif_rotation": 1,
            "original_w": 1859,
            "original_h": 843,
            "permalink": "https:\/\/dattnetwork.slack.com\/files\/drwasho\/F09J5MW0H\/pasted_image_at_2015_08_25_04_20_pm.png",
            "permalink_public": "https:\/\/slack-files.com\/T07GDKW3U-F09J5MW0H-41f18547dd",
            "channels": [
                "C07GE13K7"
            ],
            "groups": [

            ],
            "ims": [

            ],
            "comments_count": 0
        },
        "user": "U08FJ080J",
        "upload": true,
        "display_as_bot": false,
        "username": "<@U08FJ080J|drwasho>",
        "bot_id": null,
        "ts": "1440483734.000007"
    },
    {
        "type": "message",
        "user": "U08FJ080J",
        "text": "Disclaimer: I'm pro-BIP101 (ugh, annoying have to say this up front)",
        "ts": "1440483772.000008"
    },
    {
        "type": "message",
        "user": "U08FJ080J",
        "text": "But what I think we're seeing here is someone trying to fudge the numbers",
        "ts": "1440483787.000009"
    },
    {
        "type": "message",
        "user": "U08FJ080J",
        "text": "The number of existing core nodes hasn't gone down by the same proportion as XT has gone up. So we're just seeing new nodes come online.",
        "ts": "1440483818.000010"
    },
    {
        "type": "message",
        "user": "U08FJ080J",
        "text": "This is reflected in the fact that XT has online mined 5 blocks",
        "ts": "1440483847.000011"
    },
    {
        "type": "message",
        "subtype": "file_share",
        "text": "<@U08FJ080J|drwasho> uploaded a file: <https:\/\/dattnetwork.slack.com\/files\/drwasho\/F09J5PF0R\/pasted_image_at_2015_08_25_04_23_pm.png|But it makes this graph look impressive>",
        "file": {
            "id": "F09J5PF0R",
            "created": 1440483856,
            "timestamp": 1440483856,
            "name": "Pasted image at 2015_08_25 04_23 PM.png",
            "title": "But it makes this graph look impressive",
            "mimetype": "image\/png",
            "filetype": "png",
            "pretty_type": "PNG",
            "user": "U08FJ080J",
            "editable": false,
            "size": 32165,
            "mode": "hosted",
            "is_external": false,
            "external_type": "",
            "is_public": true,
            "public_url_shared": false,
            "display_as_bot": false,
            "username": "",
            "url": "https:\/\/slack-files.com\/files-pub\/T07GDKW3U-F09J5PF0R-1ebf4964ed\/pasted_image_at_2015_08_25_04_23_pm.png",
            "url_download": "https:\/\/slack-files.com\/files-pub\/T07GDKW3U-F09J5PF0R-1ebf4964ed\/download\/pasted_image_at_2015_08_25_04_23_pm.png",
            "url_private": "https:\/\/files.slack.com\/files-pri\/T07GDKW3U-F09J5PF0R\/pasted_image_at_2015_08_25_04_23_pm.png",
            "url_private_download": "https:\/\/files.slack.com\/files-pri\/T07GDKW3U-F09J5PF0R\/download\/pasted_image_at_2015_08_25_04_23_pm.png",
            "thumb_64": "https:\/\/slack-files.com\/files-tmb\/T07GDKW3U-F09J5PF0R-de4fb19d2b\/pasted_image_at_2015_08_25_04_23_pm_64.png",
            "thumb_80": "https:\/\/slack-files.com\/files-tmb\/T07GDKW3U-F09J5PF0R-de4fb19d2b\/pasted_image_at_2015_08_25_04_23_pm_80.png",
            "thumb_360": "https:\/\/slack-files.com\/files-tmb\/T07GDKW3U-F09J5PF0R-de4fb19d2b\/pasted_image_at_2015_08_25_04_23_pm_360.png",
            "thumb_360_w": 360,
            "thumb_360_h": 177,
            "thumb_480": "https:\/\/slack-files.com\/files-tmb\/T07GDKW3U-F09J5PF0R-de4fb19d2b\/pasted_image_at_2015_08_25_04_23_pm_480.png",
            "thumb_480_w": 480,
            "thumb_480_h": 236,
            "thumb_160": "https:\/\/slack-files.com\/files-tmb\/T07GDKW3U-F09J5PF0R-de4fb19d2b\/pasted_image_at_2015_08_25_04_23_pm_160.png",
            "thumb_720": "https:\/\/slack-files.com\/files-tmb\/T07GDKW3U-F09J5PF0R-de4fb19d2b\/pasted_image_at_2015_08_25_04_23_pm_720.png",
            "thumb_720_w": 720,
            "thumb_720_h": 354,
            "image_exif_rotation": 1,
            "original_w": 834,
            "original_h": 410,
            "permalink": "https:\/\/dattnetwork.slack.com\/files\/drwasho\/F09J5PF0R\/pasted_image_at_2015_08_25_04_23_pm.png",
            "permalink_public": "https:\/\/slack-files.com\/T07GDKW3U-F09J5PF0R-1ebf4964ed",
            "channels": [
                "C07GE13K7"
            ],
            "groups": [

            ],
            "ims": [

            ],
            "comments_count": 0
        },
        "user": "U08FJ080J",
        "upload": true,
        "display_as_bot": false,
        "username": "<@U08FJ080J|drwasho>",
        "bot_id": null,
        "ts": "1440483858.000012"
    },
    {
        "type": "message",
        "user": "U08FJ080J",
        "text": "As explained on \/r\/bitcoinxt: <https:\/\/www.reddit.com\/r\/bitcoinxt\/comments\/3iao3i\/how_to_run_3000_completely_legit_full_nodes_aka\/>",
        "ts": "1440483906.000013",
        "reactions": [
            {
                "name": "+1",
                "users": [
                    "U08EZP01H",
                    "U08F438SK",
                    "U07GDL0H5"
                ],
                "count": 3
            }
        ]
    },
    {
        "type": "message",
        "user": "U08FJ080J",
        "text": "```\nI'm testing another method for manipulating the node numbers this time without using PseduoNode.\nI have 5 cloud instances again, this time each one is running 1 legit full Bitcoin XT node each.\nEach one accepts requests from anywhere in the port range 4000-5000. The port number is translated back and forth to 8333. This makes it so 1 node can appear like 1,000 separate nodes.\nThis method doesn't affect the normal Bitcoin network since the nodes just make outgoing connections on port 8333 as normal. I just seeded the \"fake\" routed port numbers into <http:\/\/Bitnodes.io|Bitnodes.io>. It appears the other stats websites just take their data from <http:\/\/Bitnodes.io|Bitnodes.io>\n```",
        "ts": "1440483934.000014"
    },
    {
        "type": "message",
        "user": "U08FJ080J",
        "text": "from `tytyty_`",
        "ts": "1440483941.000015"
    },
    {
        "type": "message",
        "user": "U08FJ080J",
        "text": "His point here is to emphasize not to trust the # of nodes as a metric for acceptance of XT",
        "ts": "1440483971.000016"
    }
]