[
    {
        "user": "U0BRYST8Q",
        "type": "message",
        "subtype": "channel_join",
        "text": "<@U0BRYST8Q|mwilcox> has joined the channel",
        "ts": "1444032820.000002"
    },
    {
        "type": "message",
        "user": "U07GDL0H5",
        "text": "this is fascinating ... sao paulo banned billboard advertising in 2006 <http:\/\/news.bbc.co.uk\/2\/hi\/business\/5355692.stm>\nimages: <https:\/\/www.flickr.com\/photos\/tonydemarco\/sets\/72157600075508212>",
        "attachments": [
            {
                "text": "In the chaotic urban sprawl of Sao Paulo, the impact of advertising is impossible to ignore - but the mayor is seeking to change all that.",
                "fallback": "In the chaotic urban sprawl of Sao Paulo, the impact of advertising is impossible to ignore - but the mayor is seeking to change all that.",
                "from_url": "http:\/\/news.bbc.co.uk\/2\/hi\/business\/5355692.stm",
                "id": 1
            }
        ],
        "ts": "1444064797.000003"
    }
]