[
    {
        "type": "message",
        "user": "U08EZP01H",
        "text": "The comments are a good time too :simple_smile:",
        "ts": "1445439822.000031"
    },
    {
        "type": "message",
        "user": "U0CL5F53R",
        "text": "so it occurs to me that the correct intersection of business model and technology for DATT is to offer \"reputation \/ spam filtering as a service\"",
        "ts": "1445441649.000032"
    },
    {
        "type": "message",
        "user": "U0CL5F53R",
        "text": "i don't like the idea of everyone having to sign up for an account on DATT, they should be able to use social login (even using their voat or reddit logins somehow, to bootstrap a user base)",
        "ts": "1445441702.000033"
    },
    {
        "type": "message",
        "user": "U0CL5F53R",
        "text": "but what DATT can do is apply the secret sauce spam filtering techniques that reddit and other places use",
        "ts": "1445441731.000034"
    },
    {
        "type": "message",
        "user": "U0CL5F53R",
        "text": "and this would be a voluntary service that large DATT communities can pay for (potentially using some assurance contract mechanism, using bitcoins)",
        "ts": "1445441850.000035"
    },
    {
        "type": "message",
        "user": "U07GDL0H5",
        "text": "yeah that sounds like a fine idea - that falls under the category of \"value added services\" that Datt can provide to users. however, i still think simply taking a portion of payments is the simplest thing that will work.",
        "ts": "1445445663.000036"
    },
    {
        "type": "message",
        "user": "U0CL5F53R",
        "text": "so the payments aren't peer to peer?",
        "ts": "1445445693.000037"
    },
    {
        "type": "message",
        "user": "U0CL5F53R",
        "text": "i guess you could say \"while you're hosted on our infrastructure, you need to pay us a portion of the payments (which we'll manage for you), but when you inevitably declare independence (because this is distributed and there should be competition for hosting) then we can offer you the value added service of spam filtering\"",
        "ts": "1445445796.000038"
    },
    {
        "type": "message",
        "user": "U07GDL0H5",
        "text": "the payments are peer-to-peer. we build in a 20% fee in every transaction that goes to Datt, Inc. this is technically optional - the users can change the config and turn off or decrease the payment.",
        "ts": "1445445882.000039"
    },
    {
        "type": "message",
        "user": "U0CL5F53R",
        "text": "oh, nice",
        "ts": "1445445895.000040"
    },
    {
        "type": "message",
        "user": "U07GDL0H5",
        "text": "i'm pretty sure if we pick a reasonable value for the percentage, people won't bother to change it",
        "ts": "1445445948.000041"
    },
    {
        "type": "message",
        "user": "U0CL5F53R",
        "text": "right, and if you keep things transparent about what people are paying for, and always give people the opportunity to leave\/compete, i think that will keep people viewing the system favourably",
        "ts": "1445446022.000042"
    },
    {
        "type": "message",
        "user": "U07GDL0H5",
        "text": "yep :simple_smile:",
        "ts": "1445446048.000043"
    }
]