[
    {
        "type": "message",
        "user": "U07GDL0H5",
        "text": "this tweet about openbazaar is highly relevant for us: <https:\/\/twitter.com\/BlockstackOrg\/status\/649395850687283200>",
        "attachments": [
            {
                "fallback": "<https:\/\/twitter.com\/BlockstackOrg|@BlockstackOrg>: What is <https:\/\/twitter.com\/openbazaar|@openbazaar>? Find out in this beginner's guide: <https:\/\/blog.openbazaar.org\/what-is-openbazaar\/> #bitcoin #blockchain #ecommerce #p2p <https:\/\/pbs.twimg.com\/media\/CQLdIpEUsAAasto.png>",
                "ts": 1443663010,
                "author_name": "Blockstack",
                "author_link": "https:\/\/twitter.com\/BlockstackOrg\/status\/649395850687283200",
                "author_icon": "https:\/\/pbs.twimg.com\/profile_images\/633300517934907392\/q6v4qBY2_normal.png",
                "author_subname": "@BlockstackOrg",
                "text": "What is <https:\/\/twitter.com\/openbazaar|@openbazaar>? Find out in this beginner's guide: <https:\/\/blog.openbazaar.org\/what-is-openbazaar\/> #bitcoin #blockchain #ecommerce #p2p <https:\/\/pbs.twimg.com\/media\/CQLdIpEUsAAasto.png>",
                "service_name": "twitter",
                "service_url": "https:\/\/twitter.com\/",
                "image_url": "https:\/\/pbs.twimg.com\/media\/CQLdIpEUsAAasto.png",
                "image_width": 600,
                "image_height": 424,
                "image_bytes": 66004,
                "from_url": "https:\/\/twitter.com\/BlockstackOrg\/status\/649395850687283200",
                "id": 1
            }
        ],
        "ts": "1443721858.000017"
    },
    {
        "type": "message",
        "user": "U07GDL0H5",
        "text": "\"In 1931, radio broadcasters feared a \u201crevolt\u201d by listeners fed up with advertising. \" <https:\/\/twitter.com\/NYTArchives\/status\/649706127672930304>",
        "attachments": [
            {
                "fallback": "<https:\/\/twitter.com\/NYTArchives|@NYTArchives>: In 1931, radio broadcasters feared a \u201crevolt\u201d by listeners fed up with advertising. <http:\/\/nyti.ms\/1Lmlrpw> <https:\/\/pbs.twimg.com\/media\/CQQ4R7qUAAAZJmc.png>",
                "ts": 1443736986,
                "author_name": "NYT Archives",
                "author_link": "https:\/\/twitter.com\/NYTArchives\/status\/649706127672930304",
                "author_icon": "https:\/\/pbs.twimg.com\/profile_images\/489045325038882818\/GG_kOyJv_normal.png",
                "author_subname": "@NYTArchives",
                "text": "In 1931, radio broadcasters feared a \u201crevolt\u201d by listeners fed up with advertising. <http:\/\/nyti.ms\/1Lmlrpw> <https:\/\/pbs.twimg.com\/media\/CQQ4R7qUAAAZJmc.png>",
                "service_name": "twitter",
                "service_url": "https:\/\/twitter.com\/",
                "image_url": "https:\/\/pbs.twimg.com\/media\/CQQ4R7qUAAAZJmc.png",
                "image_width": 600,
                "image_height": 300,
                "image_bytes": 121929,
                "from_url": "https:\/\/twitter.com\/NYTArchives\/status\/649706127672930304",
                "id": 1
            }
        ],
        "ts": "1443742929.000019"
    }
]