[
    {
        "type": "message",
        "user": "U08EZP01H",
        "text": "<https:\/\/www.youtube.com\/watch?v=t7tA3NNKF0Q>\n\nIt's worth watching the latest Kurzgesagt through the lens of how DATT can solve these sorts of problems. Perhaps, when the time is right, DATT could find an ally in someone like Hank Green or Destin Sandlin (Smarter Every Day).",
        "attachments": [
            {
                "service_name": "YouTube",
                "service_url": "https:\/\/www.youtube.com\/",
                "title": "How Facebook is Stealing Billions of Views",
                "title_link": "https:\/\/www.youtube.com\/watch?v=t7tA3NNKF0Q",
                "author_name": "In a Nutshell \u2013 Kurzgesagt",
                "author_link": "https:\/\/www.youtube.com\/user\/Kurzgesagt",
                "thumb_url": "https:\/\/i.ytimg.com\/vi\/t7tA3NNKF0Q\/hqdefault.jpg",
                "thumb_width": 480,
                "thumb_height": 360,
                "fallback": "YouTube Video: How Facebook is Stealing Billions of Views",
                "video_html": "<iframe width=\"400\" height=\"225\" src=\"https:\/\/www.youtube.com\/embed\/t7tA3NNKF0Q?feature=oembed&autoplay=1\" frameborder=\"0\" allowfullscreen><\/iframe>",
                "video_html_width": 400,
                "video_html_height": 225,
                "from_url": "https:\/\/www.youtube.com\/watch?v=t7tA3NNKF0Q",
                "id": 1
            }
        ],
        "ts": "1447962661.000003",
        "reactions": [
            {
                "name": "+1",
                "users": [
                    "U07GDL0H5",
                    "U08D641AP",
                    "U094X6WUT"
                ],
                "count": 3
            }
        ]
    }
]