[
    {
        "type": "message",
        "user": "U08FELZL7",
        "text": "<http:\/\/www.vumble.com\/>",
        "ts": "1447268851.000002"
    },
    {
        "type": "message",
        "user": "U08FELZL7",
        "text": "\"Guy in \/r\/entrepreneur creates something 10x better than Upvoted with only a fraction of the resources\"",
        "ts": "1447268905.000003"
    },
    {
        "type": "message",
        "user": "U08FELZL7",
        "text": "(For most popular videos on the web)",
        "edited": {
            "user": "U08FELZL7",
            "ts": "1447268936.000000"
        },
        "ts": "1447268927.000004"
    },
    {
        "type": "message",
        "user": "U08FELZL7",
        "text": "Reddit thread: <https:\/\/www.reddit.com\/r\/Entrepreneur\/comments\/3savcn\/we_revamped_reddittv_and_its_just_the_beginning\/>",
        "attachments": [
            {
                "service_name": "reddit",
                "title": "We revamped RedditTV and it\u2019s just the beginning \u2022 \/r\/Entrepreneur",
                "title_link": "https:\/\/www.reddit.com\/r\/Entrepreneur\/comments\/3savcn\/we_revamped_reddittv_and_its_just_the_beginning\/",
                "text": "Reddit is the origin of most viral videos on the Internet, but viewing videos on Reddit is far from optimal. Back in 2009 they created RedditTV as...",
                "fallback": "reddit: We revamped RedditTV and it\u2019s just the beginning \u2022 \/r\/Entrepreneur",
                "thumb_url": "https:\/\/www.redditstatic.com\/icon.png",
                "from_url": "https:\/\/www.reddit.com\/r\/Entrepreneur\/comments\/3savcn\/we_revamped_reddittv_and_its_just_the_beginning\/",
                "thumb_width": 256,
                "thumb_height": 256,
                "id": 1
            }
        ],
        "ts": "1447268975.000006"
    },
    {
        "user": "U0EARQCF6",
        "type": "message",
        "subtype": "channel_join",
        "text": "<@U0EARQCF6|datt.dat> has joined the channel",
        "ts": "1447271446.000008"
    }
]