[
    {
        "type": "message",
        "user": "U07GDL0H5",
        "text": "motherboard: we're replacing comments with something better <http:\/\/motherboard.vice.com\/read\/im-on-twitter-too>",
        "attachments": [
            {
                "service_name": "Motherboard",
                "title": "We're Replacing Comments with Something Better",
                "title_link": "http:\/\/motherboard.vice.com\/read\/im-on-twitter-too",
                "text": "Instead of burying discussion in a comments section, we want to publish the best for all to see.",
                "fallback": "Motherboard: We're Replacing Comments with Something Better",
                "image_url": "http:\/\/motherboard-images.vice.com\/content-images\/article\/26033\/1444063634336445.jpg",
                "from_url": "http:\/\/motherboard.vice.com\/read\/im-on-twitter-too",
                "image_width": 386,
                "image_height": 250,
                "image_bytes": 1301862,
                "id": 1
            }
        ],
        "ts": "1444149483.000004"
    },
    {
        "type": "message",
        "user": "U07GDL0H5",
        "text": "how to write a YC application <https:\/\/twitter.com\/ryaneshea\/status\/651416585643630592?s=03>",
        "attachments": [
            {
                "fallback": "<https:\/\/twitter.com\/ryaneshea|@ryaneshea>: My friend <https:\/\/twitter.com\/ZReitano|@ZReitano> put together an awesome YC sample application. If you plan on applying you should check it out: <https:\/\/twitter.com\/ZReitano\/status\/651414540144496640>",
                "ts": 1444144791,
                "author_name": "Ryan Shea",
                "author_link": "https:\/\/twitter.com\/ryaneshea\/status\/651416585643630592",
                "author_icon": "https:\/\/pbs.twimg.com\/profile_images\/638826549966299136\/D0OXJi7n_normal.jpg",
                "author_subname": "@ryaneshea",
                "text": "My friend <https:\/\/twitter.com\/ZReitano|@ZReitano> put together an awesome YC sample application. If you plan on applying you should check it out: <https:\/\/twitter.com\/ZReitano\/status\/651414540144496640>",
                "service_name": "twitter",
                "service_url": "https:\/\/twitter.com\/",
                "from_url": "https:\/\/twitter.com\/ryaneshea\/status\/651416585643630592?s=03",
                "id": 1
            }
        ],
        "ts": "1444149558.000006"
    },
    {
        "type": "message",
        "user": "U07GDL0H5",
        "text": "HN thread on upvoted, reddit's new news website, reveals that it is built on wordpress. <https:\/\/news.ycombinator.com\/item?id=10339074> <http:\/\/ajean.net\/reddits-news-website-upvoted-com\/>",
        "attachments": [
            {
                "service_name": "Without &gt; Border",
                "title": "Reddit's News Website Upvoted.com - Without &gt; Border",
                "title_link": "http:\/\/ajean.net\/reddits-news-website-upvoted-com\/",
                "text": "Reddit\u2018s <http:\/\/UPVOTED.COM|UPVOTED.COM> is a stand alone no-user interfered, no-comment, no-upvote new news website. Surprisingly it is hosting on a wordpress VIP platform and it is a wordpress website. \u00a0 Reddit could have used WordPress for the ease and no-frills. \u00a0Surely there must be many websites that have stand alone news with absolutely \u201czero\u201d interaction from ... [Read more...]",
                "fallback": "Without &gt; Border: Reddit's News Website Upvoted.com - Without &gt; Border",
                "image_url": "http:\/\/ajean.net\/wp-content\/uploads\/2015\/10\/upvoted.com_.png",
                "ts": 1444152299,
                "from_url": "http:\/\/ajean.net\/reddits-news-website-upvoted-com\/",
                "image_width": 375,
                "image_height": 250,
                "image_bytes": 507591,
                "id": 1
            }
        ],
        "ts": "1444182341.000008"
    }
]