[
    {
        "type": "message",
        "user": "U08EZP01H",
        "text": "Articles like this help explain why the idea behind bitcoin is unstoppable <http:\/\/www.nature.com\/articles\/srep18634>",
        "attachments": [
            {
                "service_name": "Scientific Reports",
                "title": "Hierarchy is Detrimental for Human Cooperation",
                "title_link": "http:\/\/www.nature.com\/articles\/srep18634",
                "text": "Studies of animal behavior consistently demonstrate that the social environment impacts cooperation, yet the effect of social dynamics has been largely excluded from studies of human cooperation.",
                "fallback": "Scientific Reports: Hierarchy is Detrimental for Human Cooperation",
                "image_url": "http:\/\/www.nature.com\/article-assets\/npg\/srep\/2015\/151222\/srep18634\/images\/m685\/srep18634-f1.jpg",
                "from_url": "http:\/\/www.nature.com\/articles\/srep18634",
                "image_width": 120,
                "image_height": 250,
                "image_bytes": 63050,
                "id": 1
            }
        ],
        "ts": "1450903027.000005",
        "reactions": [
            {
                "name": "+1",
                "users": [
                    "U07GDL0H5"
                ],
                "count": 1
            }
        ]
    }
]