[
    {
        "type": "message",
        "user": "U08ERPTQF",
        "text": "Peak Content - the collapse of the attention economy <http:\/\/www.themediabriefing.com\/article\/peak-content-the-collapse-of-the-attention-economy>",
        "attachments": [
            {
                "service_name": "The Media Briefing",
                "title": "Peak content: The collapse of the attention economy",
                "title_link": "http:\/\/www.themediabriefing.com\/article\/peak-content-the-collapse-of-the-attention-economy",
                "text": "For a long time, we\u2019ve been creating too much content, so much so that I think that we\u2019ve already reached Peak Content, the point at which this glut of things to read, watch and listen to becomes completely unsustainable.",
                "fallback": "The Media Briefing: Peak content: The collapse of the attention economy",
                "thumb_url": "http:\/\/www.themediabriefing.com\/media\/image\/eyeball-attention-413.jpg",
                "from_url": "http:\/\/www.themediabriefing.com\/article\/peak-content-the-collapse-of-the-attention-economy",
                "thumb_width": 620,
                "thumb_height": 413,
                "id": 1
            }
        ],
        "ts": "1453100865.000010"
    }
]