[
    {
        "user": "U0J258BPA",
        "type": "message",
        "subtype": "channel_join",
        "text": "<@U0J258BPA|guruprasath> has joined the channel",
        "ts": "1452283250.000007"
    },
    {
        "type": "message",
        "user": "U07GDL0H5",
        "text": "<https:\/\/ryanxcharlestimes.com\/top-10-conceptual-questions-about-bitcoin-81e4335e7f89>",
        "attachments": [
            {
                "service_name": "Medium",
                "title": "Top 10 Conceptual Questions About Bitcoin \u2014 Ryan X. Charles Times",
                "title_link": "https:\/\/ryanxcharlestimes.com\/top-10-conceptual-questions-about-bitcoin-81e4335e7f89",
                "text": "I\u2019ve been involved in bitcoin since early 2011, have worked for two bitcoin companies, have my own implementation of bit\u2026",
                "fallback": "Medium: Top 10 Conceptual Questions About Bitcoin \u2014 Ryan X. Charles Times",
                "image_url": "https:\/\/cdn-images-1.medium.com\/max\/800\/1*Pwf_Hj32gk1KfPsl27bUKg.jpeg",
                "fields": [
                    {
                        "title": "Reading time",
                        "value": "4 mins :clock2:",
                        "short": true
                    },
                    {
                        "title": "Recommends",
                        "value": "2 :green_heart:",
                        "short": true
                    }
                ],
                "ts": 1452312632,
                "from_url": "https:\/\/ryanxcharlestimes.com\/top-10-conceptual-questions-about-bitcoin-81e4335e7f89",
                "image_width": 444,
                "image_height": 250,
                "image_bytes": 107517,
                "id": 1
            }
        ],
        "ts": "1452314001.000008"
    }
]