[
    {
        "type": "message",
        "user": "U08C464NS",
        "text": "<@U08MEV56D>: Just visited <http:\/\/datt.co|datt.co> and the site is all squashed together. I'm using Firefox",
        "ts": "1439303244.000627"
    },
    {
        "type": "message",
        "subtype": "file_share",
        "text": "<@U08C464NS|chris> uploaded a file: <https:\/\/dattnetwork.slack.com\/files\/chris\/F08U47BU5\/screen_shot_2015-08-11_at_15.26.04.png|Squashed datt.co>",
        "file": {
            "id": "F08U47BU5",
            "created": 1439303268,
            "timestamp": 1439303268,
            "name": "Screen Shot 2015-08-11 at 15.26.04.png",
            "title": "Squashed datt.co",
            "mimetype": "image\/png",
            "filetype": "png",
            "pretty_type": "PNG",
            "user": "U08C464NS",
            "editable": false,
            "size": 406616,
            "mode": "hosted",
            "is_external": false,
            "external_type": "",
            "is_public": true,
            "public_url_shared": false,
            "display_as_bot": false,
            "username": "",
            "url": "https:\/\/slack-files.com\/files-pub\/T07GDKW3U-F08U47BU5-7ec308f98e\/screen_shot_2015-08-11_at_15.26.04.png",
            "url_download": "https:\/\/slack-files.com\/files-pub\/T07GDKW3U-F08U47BU5-7ec308f98e\/download\/screen_shot_2015-08-11_at_15.26.04.png",
            "url_private": "https:\/\/files.slack.com\/files-pri\/T07GDKW3U-F08U47BU5\/screen_shot_2015-08-11_at_15.26.04.png",
            "url_private_download": "https:\/\/files.slack.com\/files-pri\/T07GDKW3U-F08U47BU5\/download\/screen_shot_2015-08-11_at_15.26.04.png",
            "thumb_64": "https:\/\/slack-files.com\/files-tmb\/T07GDKW3U-F08U47BU5-953f68d6b0\/screen_shot_2015-08-11_at_15.26.04_64.png",
            "thumb_80": "https:\/\/slack-files.com\/files-tmb\/T07GDKW3U-F08U47BU5-953f68d6b0\/screen_shot_2015-08-11_at_15.26.04_80.png",
            "thumb_360": "https:\/\/slack-files.com\/files-tmb\/T07GDKW3U-F08U47BU5-953f68d6b0\/screen_shot_2015-08-11_at_15.26.04_360.png",
            "thumb_360_w": 360,
            "thumb_360_h": 173,
            "thumb_480": "https:\/\/slack-files.com\/files-tmb\/T07GDKW3U-F08U47BU5-953f68d6b0\/screen_shot_2015-08-11_at_15.26.04_480.png",
            "thumb_480_w": 480,
            "thumb_480_h": 231,
            "thumb_160": "https:\/\/slack-files.com\/files-tmb\/T07GDKW3U-F08U47BU5-953f68d6b0\/screen_shot_2015-08-11_at_15.26.04_160.png",
            "thumb_720": "https:\/\/slack-files.com\/files-tmb\/T07GDKW3U-F08U47BU5-953f68d6b0\/screen_shot_2015-08-11_at_15.26.04_720.png",
            "thumb_720_w": 720,
            "thumb_720_h": 347,
            "thumb_960": "https:\/\/slack-files.com\/files-tmb\/T07GDKW3U-F08U47BU5-953f68d6b0\/screen_shot_2015-08-11_at_15.26.04_960.png",
            "thumb_960_w": 960,
            "thumb_960_h": 463,
            "thumb_1024": "https:\/\/slack-files.com\/files-tmb\/T07GDKW3U-F08U47BU5-953f68d6b0\/screen_shot_2015-08-11_at_15.26.04_1024.png",
            "thumb_1024_w": 1024,
            "thumb_1024_h": 493,
            "image_exif_rotation": 1,
            "permalink": "https:\/\/dattnetwork.slack.com\/files\/chris\/F08U47BU5\/screen_shot_2015-08-11_at_15.26.04.png",
            "permalink_public": "https:\/\/slack-files.com\/T07GDKW3U-F08U47BU5-7ec308f98e",
            "channels": [
                "C08F8UMGB"
            ],
            "groups": [],
            "ims": [],
            "comments_count": 0,
            "reactions": [
                {
                    "name": "heavy_plus_sign",
                    "users": [
                        "U08F438SK"
                    ],
                    "count": 1
                }
            ]
        },
        "user": "U08C464NS",
        "upload": true,
        "display_as_bot": false,
        "username": "<@U08C464NS|chris>",
        "bot_id": null,
        "ts": "1439303275.000628"
    },
    {
        "type": "message",
        "user": "U08F438SK",
        "text": "Yeah I see that too",
        "ts": "1439303518.000630"
    },
    {
        "type": "message",
        "user": "U08F438SK",
        "text": "Also the Contact form has disappeared.",
        "ts": "1439303616.000631"
    },
    {
        "type": "message",
        "subtype": "file_share",
        "text": "<@U08F438SK|willy> uploaded a file: <https:\/\/dattnetwork.slack.com\/files\/willy\/F08U4H5TM\/dattcosquashedonff.png|DattCo landing squashed, contact missing> and commented: <http:\/\/Datt.co|Datt.co> looks squashed and contact info form is missing on Firefox 37.0.2 on Ubuntu 14.04",
        "file": {
            "id": "F08U4H5TM",
            "created": 1439303710,
            "timestamp": 1439303710,
            "name": "DattCoSquashedOnFF.png",
            "title": "DattCo landing squashed, contact missing",
            "mimetype": "image\/png",
            "filetype": "png",
            "pretty_type": "PNG",
            "user": "U08F438SK",
            "editable": false,
            "size": 593213,
            "mode": "hosted",
            "is_external": false,
            "external_type": "",
            "is_public": true,
            "public_url_shared": false,
            "display_as_bot": false,
            "username": "",
            "url": "https:\/\/slack-files.com\/files-pub\/T07GDKW3U-F08U4H5TM-60bac06c1c\/dattcosquashedonff.png",
            "url_download": "https:\/\/slack-files.com\/files-pub\/T07GDKW3U-F08U4H5TM-60bac06c1c\/download\/dattcosquashedonff.png",
            "url_private": "https:\/\/files.slack.com\/files-pri\/T07GDKW3U-F08U4H5TM\/dattcosquashedonff.png",
            "url_private_download": "https:\/\/files.slack.com\/files-pri\/T07GDKW3U-F08U4H5TM\/download\/dattcosquashedonff.png",
            "thumb_64": "https:\/\/slack-files.com\/files-tmb\/T07GDKW3U-F08U4H5TM-bd19acb801\/dattcosquashedonff_64.png",
            "thumb_80": "https:\/\/slack-files.com\/files-tmb\/T07GDKW3U-F08U4H5TM-bd19acb801\/dattcosquashedonff_80.png",
            "thumb_360": "https:\/\/slack-files.com\/files-tmb\/T07GDKW3U-F08U4H5TM-bd19acb801\/dattcosquashedonff_360.png",
            "thumb_360_w": 360,
            "thumb_360_h": 186,
            "thumb_480": "https:\/\/slack-files.com\/files-tmb\/T07GDKW3U-F08U4H5TM-bd19acb801\/dattcosquashedonff_480.png",
            "thumb_480_w": 480,
            "thumb_480_h": 248,
            "thumb_160": "https:\/\/slack-files.com\/files-tmb\/T07GDKW3U-F08U4H5TM-bd19acb801\/dattcosquashedonff_160.png",
            "thumb_720": "https:\/\/slack-files.com\/files-tmb\/T07GDKW3U-F08U4H5TM-bd19acb801\/dattcosquashedonff_720.png",
            "thumb_720_w": 720,
            "thumb_720_h": 372,
            "thumb_960": "https:\/\/slack-files.com\/files-tmb\/T07GDKW3U-F08U4H5TM-bd19acb801\/dattcosquashedonff_960.png",
            "thumb_960_w": 960,
            "thumb_960_h": 495,
            "thumb_1024": "https:\/\/slack-files.com\/files-tmb\/T07GDKW3U-F08U4H5TM-bd19acb801\/dattcosquashedonff_1024.png",
            "thumb_1024_w": 1024,
            "thumb_1024_h": 528,
            "image_exif_rotation": 1,
            "permalink": "https:\/\/dattnetwork.slack.com\/files\/willy\/F08U4H5TM\/dattcosquashedonff.png",
            "permalink_public": "https:\/\/slack-files.com\/T07GDKW3U-F08U4H5TM-60bac06c1c",
            "channels": [
                "C08F8UMGB"
            ],
            "groups": [],
            "ims": [],
            "comments_count": 1,
            "initial_comment": {
                "id": "Fc08U4NC0M",
                "created": 1439303710,
                "timestamp": 1439303710,
                "user": "U08F438SK",
                "comment": "<http:\/\/Datt.co|Datt.co> looks squashed and contact info form is missing on Firefox 37.0.2 on Ubuntu 14.04"
            }
        },
        "user": "U08F438SK",
        "upload": true,
        "display_as_bot": false,
        "username": "<@U08F438SK|willy>",
        "bot_id": null,
        "ts": "1439303718.000632"
    },
    {
        "type": "message",
        "user": "U08F438SK",
        "text": "But looks fine on my mobile (Chrome 43.0.2357.93 on Android 5.0.0; Nexus 6 Build\/LRX21O)",
        "ts": "1439303856.000633"
    },
    {
        "type": "message",
        "user": "U08C464NS",
        "text": "Just to update everyone. I'm still working through the UI mockup\/workflows and should start updating the repo gradually over the rest of the week. It should cover pretty much all of the design patterns for how everything could look and feel",
        "ts": "1439304972.000634",
        "reactions": [
            {
                "name": "+1",
                "users": [
                    "U08ERPTQF",
                    "U08DD8LNP"
                ],
                "count": 2
            }
        ]
    },
    {
        "type": "message",
        "user": "U07GDL0H5",
        "text": "<@U08C464NS>: <@U08MEV56D> i noticed the squished stuff but didn't realize that was unintentional. i assumed someone thought it should be squished.",
        "ts": "1439310049.000635"
    },
    {
        "type": "message",
        "user": "U07GDL0H5",
        "text": "<@U08C464NS>: awesome! looking forward to seeing what you come up with",
        "ts": "1439310075.000636"
    },
    {
        "type": "message",
        "user": "U08EZP01H",
        "text": "I think it should be condensed some. I'm considering adding some contrast between sections, perhaps a thin parallax background bar. like above the footer here: <http:\/\/strengthsbase.darrenrm.com>",
        "attachments": [
            {
                "title": "StrengthsBase - Talent Management Meets Strengths Based Development",
                "title_link": "http:\/\/strengthsbase.darrenrm.com",
                "text": "Learn how to identify and capitalize on your employee's top Clifton StrengthsFinder\u00ae strengths with StrengthsBase talent management software.",
                "fallback": "StrengthsBase - Talent Management Meets Strengths Based Development",
                "from_url": "http:\/\/strengthsbase.darrenrm.com",
                "id": 1
            }
        ],
        "ts": "1439311640.000637"
    },
    {
        "type": "message",
        "user": "U08ERPTQF",
        "text": "<@U07GDL0H5>: should we revert to the last good version of <http:\/\/Datt.co|Datt.co> while <@U08MEV56D> works out the squashing?",
        "ts": "1439320781.000639"
    },
    {
        "type": "message",
        "user": "U07GDL0H5",
        "text": "sure",
        "ts": "1439322576.000640"
    },
    {
        "type": "message",
        "user": "U07GDL0H5",
        "text": "i reset to commit 637f2c4c9181d04c5896606ab8aacb6bcbaa081d which seems to be the last one that isn't squish",
        "ts": "1439322881.000641",
        "reactions": [
            {
                "name": "+1",
                "users": [
                    "U08ERPTQF"
                ],
                "count": 1
            }
        ]
    },
    {
        "type": "message",
        "user": "U07GDL0H5",
        "text": "squished",
        "ts": "1439322883.000642"
    },
    {
        "type": "message",
        "user": "U08ERPTQF",
        "text": "That's also restored the contact form",
        "ts": "1439323154.000643"
    },
    {
        "type": "message",
        "user": "U08ERPTQF",
        "text": "I'll do more browserstack testing on the <http:\/\/Datt.co|Datt.co> repo before pushing new versions live...",
        "ts": "1439323209.000644"
    },
    {
        "type": "message",
        "user": "U08C464NS",
        "text": "we should give names to each release. This is Datt 0.01 \"Minimum Squish\"",
        "ts": "1439323920.000645"
    },
    {
        "type": "message",
        "user": "U07GDL0H5",
        "text": "great point <@U08C464NS> . i tagged that commit v0.0.1",
        "ts": "1439329508.000646"
    }
]