[
    {
        "type": "message",
        "user": "U08C464NS",
        "text": "Just reading through <@U07GDL0H5>' latest update and he mentioned a landing page. I think the main site (<http:\/\/datt.co|datt.co>) should just be the app itself, much like Reddit or Digg don't have front pages, people just use the site. You could put some critical details on the frontpage's sidebar and allow the users to click \"learn more\" to go understand why the site's different and all that. What do you think?",
        "ts": "1439028205.000468"
    },
    {
        "type": "message",
        "user": "U08C464NS",
        "text": "and hey <@U08MEV56D> thanks for helping on the HTML\/CSS stuff :simple_smile:. I was fumbling around with that, but glad we've got an expert",
        "ts": "1439028307.000469"
    },
    {
        "type": "message",
        "user": "U08C464NS",
        "text": "the information page could be available to those who want to learn more, but I think most users will only care about the value proposition that you can earn money with solid content + having more control. We should strive for simplicity in all areas and this is an important one.",
        "ts": "1439028839.000470"
    },
    {
        "type": "message",
        "user": "U08C464NS",
        "text": "Think of how Youtube doesn't have a landing page either. People can casually go there and get stuck in straight away. It's one less barrier for them",
        "ts": "1439028879.000471"
    },
    {
        "type": "message",
        "user": "U08ERPTQF",
        "text": "<@U08C464NS>: for now the landing page is a placeholder. Once we launch there is likely to still be a page for Datt Inc or Datt Foundation...\nI agree <http:\/\/datt.co|datt.co> or datt.network should be the app itself",
        "ts": "1439033502.000472"
    },
    {
        "type": "message",
        "user": "U08C464NS",
        "text": "ok man. :simple_smile: I didn't know whether ryan was referring to the app site or foundation in his update",
        "ts": "1439033592.000473"
    },
    {
        "type": "message",
        "user": "U08ERPTQF",
        "text": "I keep reading articles about R3D and DECENT with links to their landing pages, so don't want to miss out on any awareness because the media won't link to a github page",
        "ts": "1439033616.000474"
    },
    {
        "type": "message",
        "user": "U08ERPTQF",
        "text": "While you're about, I'd been keen to get your critique: <http:\/\/dattnetwork.github.io\/datt.co\/>",
        "ts": "1439033646.000475"
    },
    {
        "type": "message",
        "user": "U08ERPTQF",
        "text": "It's very bare bones, but I prefer that we start with less and build it up",
        "ts": "1439033694.000476"
    },
    {
        "type": "message",
        "user": "U08C464NS",
        "text": "where will this be used",
        "ts": "1439033705.000477"
    },
    {
        "type": "message",
        "user": "U08ERPTQF",
        "text": "Also not sure whether the primary-dark color #404040 was the right one from your design palette",
        "ts": "1439033737.000478"
    },
    {
        "type": "message",
        "user": "U08C464NS",
        "text": "is it a placeholder before we get the first draft of the app finished?",
        "ts": "1439033775.000479"
    },
    {
        "type": "message",
        "user": "U08ERPTQF",
        "text": "pretty much",
        "ts": "1439033783.000480"
    },
    {
        "type": "message",
        "user": "U08C464NS",
        "text": "yeah it's cool :simple_smile: I like the simplicity. I'd maybe even simplify a bit more",
        "ts": "1439033831.000481"
    },
    {
        "type": "message",
        "user": "U08C464NS",
        "text": "there's not much content we can put on it right now, so there's not a tonne to add is there",
        "ts": "1439033921.000482"
    },
    {
        "type": "message",
        "user": "U08ERPTQF",
        "text": "tomorrow I'll work on the Slackin button, and I'm sure <@U08MEV56D> will give it a once over too :wink:",
        "ts": "1439033932.000483"
    },
    {
        "type": "message",
        "user": "U08ERPTQF",
        "text": "yea aside from more FAQ questions, there's not much to say or show",
        "ts": "1439033949.000484"
    },
    {
        "type": "message",
        "user": "U08C464NS",
        "text": "I would definitely include a form to collect email addresses",
        "ts": "1439033975.000485"
    },
    {
        "type": "message",
        "user": "U08C464NS",
        "text": "then you'd have a burst of potential users who can try and share it once it's up",
        "ts": "1439033996.000486"
    },
    {
        "type": "message",
        "user": "U08ERPTQF",
        "text": "ok, I'll workout the best way to add a pre-launch signup form on github pages",
        "ts": "1439034058.000487"
    },
    {
        "type": "message",
        "user": "U08ERPTQF",
        "text": "any design elements you'd like simplified or removed?",
        "ts": "1439034104.000488"
    },
    {
        "type": "message",
        "user": "U08C464NS",
        "text": "I'd add the datt logo to the top left so it's next to the text",
        "ts": "1439034186.000489"
    },
    {
        "type": "message",
        "user": "U08C464NS",
        "text": "and maybe get rid of the big \"Datt\" in the middle. Just have the logo",
        "ts": "1439034209.000490"
    },
    {
        "type": "message",
        "user": "U08C464NS",
        "text": "no point having it twice on the page",
        "ts": "1439034219.000491"
    },
    {
        "type": "message",
        "user": "U08C464NS",
        "text": "for the rest, I'd just make the spacing equal between the \"About Datt\" \"Our Goal\" \"FAQ\" \"Get Connected\" section",
        "ts": "1439034262.000492"
    },
    {
        "type": "message",
        "user": "U08C464NS",
        "text": "maybe make the FAQ area darker, like the rest of the site",
        "ts": "1439034291.000493"
    },
    {
        "type": "message",
        "user": "U08C464NS",
        "text": "*no point having Datt twice on the page is what I meant",
        "ts": "1439034332.000494"
    },
    {
        "type": "message",
        "user": "U08C464NS",
        "text": "It's up to you man. That's what I'd change, mostly to tidy up and make the spacing consistent. Add the email form call to action instead of telling them to email us, then you're good",
        "ts": "1439034427.000495"
    },
    {
        "type": "message",
        "user": "U08ERPTQF",
        "text": "All good points, I'll get on with the design fixes in the morning, and it looks like formspree is the easiest signup form to host on github pages :simple_smile:",
        "edited": {
            "user": "U08ERPTQF",
            "ts": "1439034610.000000"
        },
        "ts": "1439034602.000496"
    },
    {
        "type": "message",
        "user": "U08C464NS",
        "text": "who are you going to be marketing this page to specifically? The text copy seems a little abstract if it's aimed at potential users",
        "ts": "1439034629.000498"
    },
    {
        "type": "message",
        "user": "U08ERPTQF",
        "text": "yea the text copy is from our existing docs, not really user orientated nor a strong call to action",
        "ts": "1439034680.000499"
    },
    {
        "type": "message",
        "user": "U08C464NS",
        "text": "ok",
        "ts": "1439034706.000500"
    },
    {
        "type": "message",
        "user": "U08ERPTQF",
        "text": "heading off now to get some sleep before the hackathon kicks off again :wink:",
        "ts": "1439034775.000501"
    },
    {
        "type": "message",
        "user": "U08ERPTQF",
        "text": "good chatting <@U08C464NS>",
        "ts": "1439034783.000502"
    },
    {
        "type": "message",
        "user": "U08C464NS",
        "text": "night mate",
        "ts": "1439034790.000503"
    },
    {
        "type": "message",
        "user": "U08EZP01H",
        "text": "<@U08C464NS>:  <@U08ERPTQF> this is great. i'll have to make some larger assets from the logo elements too. There's a few things I'd like to play with to see how it looks, maybe a background image and some font changes; tiny design tweaks. Overall, I think this fit us well! Nice work!",
        "ts": "1439050315.000504",
        "reactions": [
            {
                "name": "beers",
                "users": [
                    "U08ERPTQF"
                ],
                "count": 1
            }
        ]
    },
    {
        "type": "message",
        "user": "U08DH3ESU",
        "text": "Looks very nice; 1 suggestion: The site can look slightly brighter. Or some more contrast would help.",
        "ts": "1439050476.000505"
    },
    {
        "type": "message",
        "user": "U08C464NS",
        "text": "<@U08EZP01H>:  What do you think about splitting design duties in a clear way? I could be responsible for the Datt app site\/UI, and you could take the marketing site \/ foundation site. That way we'd each have a clear role and could work more efficiently?",
        "ts": "1439050997.000506"
    },
    {
        "type": "message",
        "user": "U08EZP01H",
        "text": "<@U08C464NS> I think if we generally follow that on a task by task basis we'll be okay. It might be a little early to divide everything up in its entirety, but as we grow I'd be glad to step more into marketing\/communications\/branding.",
        "ts": "1439051667.000507"
    },
    {
        "type": "message",
        "user": "U08EZP01H",
        "text": "Perhaps for these early projects we establish design lead? You already have lead on the Datt app\/UI and it looks awesome. I can work with <@U08ERPTQF> in the coming days to get the landing page done. And I'll continue to crank out UX methods\/research and take lead on more branding\/community\/marketing as the role evolves.",
        "ts": "1439051905.000508",
        "reactions": [
            {
                "name": "+1",
                "users": [
                    "U08ERPTQF"
                ],
                "count": 1
            }
        ]
    },
    {
        "type": "message",
        "user": "U08EZP01H",
        "text": "Maybe I'm suggesting the same exact thing lol :simple_smile:",
        "ts": "1439051927.000509"
    },
    {
        "type": "message",
        "user": "U08C464NS",
        "text": "yeah lol",
        "ts": "1439051934.000510"
    },
    {
        "type": "message",
        "user": "U08C464NS",
        "text": "the only reason I say is that it's rare to have 2 designers working on a software project like this. it's easy to accidentally step on each others toes",
        "ts": "1439051977.000511"
    },
    {
        "type": "message",
        "user": "U08C464NS",
        "text": "like you said, if there isn't a clear lead\/split",
        "ts": "1439051996.000512"
    },
    {
        "type": "message",
        "user": "U08EZP01H",
        "text": "especially early, it's prototype wars",
        "ts": "1439052002.000513"
    },
    {
        "type": "message",
        "user": "U08C464NS",
        "text": "I can keep cranking out Datt app\/UI mockups for the various screens",
        "ts": "1439052069.000514"
    },
    {
        "type": "message",
        "user": "U08EZP01H",
        "text": "Sounds good. We may get an update from <@U08MEV56D> on templates as well soon.",
        "ts": "1439052187.000515"
    },
    {
        "type": "message",
        "user": "U08C464NS",
        "text": "cool man. I must say I'm relieved someone who knows what they're doing is taking on the templating",
        "ts": "1439052218.000516"
    },
    {
        "type": "message",
        "user": "U08C464NS",
        "text": "(as opposed to me lol)",
        "ts": "1439052241.000517"
    },
    {
        "type": "message",
        "user": "U08EZP01H",
        "text": "soon as I heard 'full stack, prefers front end' I shouted UNICORN",
        "ts": "1439052256.000518"
    },
    {
        "type": "message",
        "user": "U08EZP01H",
        "text": "Not really. But still.",
        "ts": "1439052265.000519"
    },
    {
        "type": "message",
        "user": "U08C464NS",
        "text": "ah the mythical unicorn",
        "ts": "1439052410.000520"
    },
    {
        "type": "message",
        "user": "U08C464NS",
        "text": "can do design, front end and back end all while juggling and solving a rubiks cube",
        "ts": "1439052441.000521"
    },
    {
        "type": "message",
        "user": "U08EZP01H",
        "text": "The idea behind that is why I left engineering and went full design. Turns out I'm lacking in engineering now. Heh",
        "ts": "1439052478.000522"
    },
    {
        "type": "message",
        "user": "U08C464NS",
        "text": "yeah me too",
        "ts": "1439052525.000523"
    },
    {
        "type": "message",
        "user": "U08C464NS",
        "text": "I find coding way more stressful than design",
        "ts": "1439052545.000524"
    },
    {
        "type": "message",
        "user": "U08C464NS",
        "text": "right i'll be back in a few hours",
        "ts": "1439053198.000525"
    },
    {
        "type": "message",
        "user": "U07GDL0H5",
        "text": "<@U08ERPTQF>: awesome  work on the landing page ... looks great!",
        "ts": "1439057323.000526"
    },
    {
        "type": "message",
        "user": "U07GDL0H5",
        "text": "<@U08C464NS>: <http:\/\/datt.co|datt.co> should ultimately host the actual app, but until the app is ready for launch, i think that's the best place for the landing page. the landing page can migrate to datt.network after we have an actual app on <http:\/\/datt.co|datt.co>.",
        "ts": "1439057366.000527"
    },
    {
        "type": "message",
        "user": "U08C464NS",
        "text": "right, got it :simple_smile:",
        "ts": "1439062134.000528"
    },
    {
        "type": "message",
        "user": "U08ERPTQF",
        "text": "I've made a few more tweaks this morning - will add some more FAQs, then contact form, then slackin button",
        "ts": "1439068219.000529"
    },
    {
        "type": "message",
        "user": "U08EZP01H",
        "text": "<@U08C464NS> while putting together a ux ecosystem map i'm thinking about the importance of how we want the user\/creator\/mod\/node to be seen. idea: we consider our own custom icons for the concept user\/creator\/mod\/node.",
        "ts": "1439072307.000530",
        "reactions": [
            {
                "name": "+1",
                "users": [
                    "U08ERPTQF"
                ],
                "count": 1
            }
        ]
    },
    {
        "type": "message",
        "user": "U08EZP01H",
        "text": "should give us additional design control over how we want each group to be seen (ie trustworthy etc)",
        "ts": "1439072356.000531"
    },
    {
        "type": "message",
        "user": "U08EZP01H",
        "text": "i'll have something to show later to explain more. time for a coffee time-lapse.",
        "ts": "1439072433.000532"
    },
    {
        "type": "message",
        "subtype": "file_share",
        "text": "<@U08MEV56D|mashaal> uploaded a file: <https:\/\/dattnetwork.slack.com\/files\/mashaal\/F08R1AK7U\/datt.gif|datt.gif> and commented: hey guys, thanks for all the kind words while I was away- I started integrating the design with the UI. It is working, though I haven\u2019t refined anything yet",
        "file": {
            "id": "F08R1AK7U",
            "created": 1439072427,
            "timestamp": 1439072427,
            "name": "datt.gif",
            "title": "datt.gif",
            "mimetype": "image\/gif",
            "filetype": "gif",
            "pretty_type": "GIF",
            "user": "U08MEV56D",
            "editable": false,
            "size": 219293,
            "mode": "hosted",
            "is_external": false,
            "external_type": "",
            "is_public": true,
            "public_url_shared": false,
            "display_as_bot": false,
            "username": "",
            "url": "https:\/\/slack-files.com\/files-pub\/T07GDKW3U-F08R1AK7U-9806427c67\/datt.gif",
            "url_download": "https:\/\/slack-files.com\/files-pub\/T07GDKW3U-F08R1AK7U-9806427c67\/download\/datt.gif",
            "url_private": "https:\/\/files.slack.com\/files-pri\/T07GDKW3U-F08R1AK7U\/datt.gif",
            "url_private_download": "https:\/\/files.slack.com\/files-pri\/T07GDKW3U-F08R1AK7U\/download\/datt.gif",
            "thumb_64": "https:\/\/slack-files.com\/files-tmb\/T07GDKW3U-F08R1AK7U-f6d90b7e25\/datt_64.png",
            "thumb_80": "https:\/\/slack-files.com\/files-tmb\/T07GDKW3U-F08R1AK7U-f6d90b7e25\/datt_80.png",
            "thumb_360": "https:\/\/slack-files.com\/files-tmb\/T07GDKW3U-F08R1AK7U-f6d90b7e25\/datt_360.png",
            "thumb_360_w": 360,
            "thumb_360_h": 193,
            "thumb_480": "https:\/\/slack-files.com\/files-tmb\/T07GDKW3U-F08R1AK7U-f6d90b7e25\/datt_480.png",
            "thumb_480_w": 480,
            "thumb_480_h": 257,
            "thumb_160": "https:\/\/slack-files.com\/files-tmb\/T07GDKW3U-F08R1AK7U-f6d90b7e25\/datt_160.png",
            "thumb_720": "https:\/\/slack-files.com\/files-tmb\/T07GDKW3U-F08R1AK7U-f6d90b7e25\/datt_720.png",
            "thumb_720_w": 720,
            "thumb_720_h": 385,
            "thumb_960": "https:\/\/slack-files.com\/files-tmb\/T07GDKW3U-F08R1AK7U-f6d90b7e25\/datt_960.png",
            "thumb_960_w": 960,
            "thumb_960_h": 513,
            "thumb_1024": "https:\/\/slack-files.com\/files-tmb\/T07GDKW3U-F08R1AK7U-f6d90b7e25\/datt_1024.png",
            "thumb_1024_w": 1024,
            "thumb_1024_h": 548,
            "thumb_360_gif": "https:\/\/slack-files.com\/files-tmb\/T07GDKW3U-F08R1AK7U-f6d90b7e25\/datt_360.gif",
            "thumb_480_gif": "https:\/\/slack-files.com\/files-tmb\/T07GDKW3U-F08R1AK7U-f6d90b7e25\/datt_480.gif",
            "image_exif_rotation": 1,
            "permalink": "https:\/\/dattnetwork.slack.com\/files\/mashaal\/F08R1AK7U\/datt.gif",
            "permalink_public": "https:\/\/slack-files.com\/T07GDKW3U-F08R1AK7U-9806427c67",
            "channels": [
                "C08F8UMGB"
            ],
            "groups": [],
            "ims": [],
            "comments_count": 1,
            "initial_comment": {
                "id": "Fc08R1GJ94",
                "created": 1439072427,
                "timestamp": 1439072427,
                "user": "U08MEV56D",
                "comment": "hey guys, thanks for all the kind words while I was away- I started integrating the design with the UI. It is working, though I haven\u2019t refined anything yet"
            },
            "reactions": [
                {
                    "name": "+1",
                    "users": [
                        "U08ERPTQF"
                    ],
                    "count": 1
                }
            ]
        },
        "user": "U08MEV56D",
        "upload": true,
        "display_as_bot": false,
        "username": "<@U08MEV56D|mashaal>",
        "bot_id": null,
        "ts": "1439072436.000533"
    },
    {
        "type": "message",
        "user": "U08EZP01H",
        "text": "<@U08MEV56D>: Woah. Even a GIF! That's epic.",
        "ts": "1439072488.000534"
    },
    {
        "type": "message",
        "user": "U08MEV56D",
        "text": "i use licecap almost daily :nail_care:",
        "ts": "1439072516.000535"
    },
    {
        "type": "message",
        "user": "U08MEV56D",
        "text": "<https:\/\/github.com\/lepht\/licecap> if you guys haven\u2019t used it before, its amazing",
        "edited": {
            "user": "U08MEV56D",
            "ts": "1439073197.000000"
        },
        "ts": "1439072545.000536"
    },
    {
        "type": "message",
        "user": "U08EZP01H",
        "text": "I'll have to check that out.",
        "ts": "1439072559.000538"
    },
    {
        "type": "message",
        "user": "U08EZP01H",
        "text": "That'd be great for social media as well.",
        "ts": "1439072570.000539"
    },
    {
        "type": "message",
        "user": "U08MEV56D",
        "text": "were there any up\/down buttons in the designs?",
        "ts": "1439072650.000540"
    },
    {
        "type": "message",
        "user": "U08EZP01H",
        "text": "Initially, no. Just the dot I think.",
        "ts": "1439072680.000541"
    },
    {
        "type": "message",
        "user": "U08MEV56D",
        "text": "ok cool, the UI had buttons, I just commented them out for now",
        "ts": "1439072737.000542"
    },
    {
        "type": "message",
        "user": "U08MEV56D",
        "text": "i also kept the same menu links that were working in the UI- guess we can figure all of that out later",
        "edited": {
            "user": "U08MEV56D",
            "ts": "1439072952.000000"
        },
        "ts": "1439072928.000543"
    },
    {
        "type": "message",
        "user": "U08EZP01H",
        "text": "A bunch of folk are in SF at the second hackathon today, I'm sure they'll be stopping by soon. Then we can get a sense of what the next steps are.",
        "ts": "1439072970.000545"
    },
    {
        "type": "message",
        "user": "U08MEV56D",
        "text": "no worries- those hackathons sound like fun",
        "ts": "1439073110.000546"
    },
    {
        "user": "U08MAKT70",
        "type": "message",
        "subtype": "channel_join",
        "text": "<@U08MAKT70|johan> has joined the channel",
        "ts": "1439073180.000547"
    },
    {
        "user": "U08R1E07Q",
        "type": "message",
        "subtype": "channel_join",
        "text": "<@U08R1E07Q|chrismarie> has joined the channel",
        "ts": "1439073651.000549"
    },
    {
        "type": "message",
        "user": "U08EZP01H",
        "text": "when you link square cash with your bank account they give you $2. I wonder what the real cost of giving everyone 25 cents to start would be.",
        "edited": {
            "user": "U08EZP01H",
            "ts": "1439076118.000000"
        },
        "ts": "1439076103.000551"
    },
    {
        "type": "message",
        "user": "U08EZP01H",
        "text": "i also wonder if pre-loading wallets without compromising them is a thing.",
        "ts": "1439076169.000553"
    },
    {
        "type": "message",
        "user": "U08ERPTQF",
        "text": "<@U08EZP01H>: having a bot that 'tipped' every new user, could give them a good feeling about the ethos of Datt",
        "ts": "1439077515.000554"
    },
    {
        "type": "message",
        "user": "U08ERPTQF",
        "text": "The trouble is we are allowing a user to have many addresses and even many identities, so we'd always be giving away that 25c, even to existing users",
        "ts": "1439077645.000555"
    },
    {
        "type": "message",
        "user": "U08EZP01H",
        "text": "^",
        "ts": "1439077934.000556"
    },
    {
        "type": "message",
        "user": "U08EZP01H",
        "text": "Maybe it works for social media. If you sign up for a list maybe we'll have a bot send you the first 10c or something.",
        "ts": "1439078040.000557"
    },
    {
        "type": "message",
        "user": "U08R1E07Q",
        "text": "can we put up a favicon? I can make a 16 x 16 pixel svg of logo if you don't already have one.",
        "ts": "1439078503.000558"
    },
    {
        "type": "message",
        "user": "U08ERPTQF",
        "text": "<@U08R1E07Q>: go for it, the best svg is in the dattmedia repo",
        "ts": "1439078899.000559"
    },
    {
        "type": "message",
        "user": "U08EZP01H",
        "text": "i've also got the .ai file there if you want the vector <@U08R1E07Q>",
        "ts": "1439078997.000560"
    },
    {
        "type": "message",
        "user": "U08R1E07Q",
        "text": "cool, will do, also.... recommended change to landing page copy currently at <https:\/\/github.com\/chris-marie\/dattdocs\/blob\/chris-marie-patch-1\/community\/copy\/site.md>  Where is the proper place to make these changes?",
        "attachments": [
            {
                "service_name": "GitHub",
                "title": "chris-marie\/dattdocs",
                "title_link": "https:\/\/github.com\/chris-marie\/dattdocs\/blob\/chris-marie-patch-1\/community\/copy\/site.md",
                "text": "dattdocs - Document all the things.",
                "fallback": "GitHub: chris-marie\/dattdocs",
                "thumb_url": "https:\/\/avatars0.githubusercontent.com\/u\/5698262?v=3&s=400",
                "from_url": "https:\/\/github.com\/chris-marie\/dattdocs\/blob\/chris-marie-patch-1\/community\/copy\/site.md",
                "thumb_width": 400,
                "thumb_height": 400,
                "id": 1
            }
        ],
        "ts": "1439080695.000561"
    },
    {
        "type": "message",
        "user": "U08R1E07Q",
        "text": "awe... nv, found site repo: <https:\/\/github.com\/dattnetwork\/datt.co\/tree\/gh-pages>",
        "attachments": [
            {
                "service_name": "GitHub",
                "title": "dattnetwork\/datt.co",
                "title_link": "https:\/\/github.com\/dattnetwork\/datt.co\/tree\/gh-pages",
                "text": "<http:\/\/datt.co|datt.co> website",
                "fallback": "GitHub: dattnetwork\/datt.co",
                "thumb_url": "https:\/\/avatars0.githubusercontent.com\/u\/13266895?v=3&s=400",
                "from_url": "https:\/\/github.com\/dattnetwork\/datt.co\/tree\/gh-pages",
                "thumb_width": 214,
                "thumb_height": 214,
                "id": 1
            }
        ],
        "ts": "1439082195.000563"
    },
    {
        "type": "message",
        "user": "U08ERPTQF",
        "text": "<@U08R1E07Q>: you got it. make your content changes to the HTML files in _includes and push them on the gh-pages branch",
        "ts": "1439082252.000565"
    },
    {
        "type": "message",
        "subtype": "file_share",
        "text": "<@U08EZP01H|darrenm> uploaded a file: <https:\/\/dattnetwork.slack.com\/files\/darrenm\/F08R3NL1G\/ecosystem_map_mvp-01.png|Datt Ecosystem Map>",
        "file": {
            "id": "F08R3NL1G",
            "created": 1439085261,
            "timestamp": 1439085261,
            "name": "ecosystem_map_mvp-01.png",
            "title": "Datt Ecosystem Map",
            "mimetype": "image\/png",
            "filetype": "png",
            "pretty_type": "PNG",
            "user": "U08EZP01H",
            "editable": false,
            "size": 45397,
            "mode": "hosted",
            "is_external": false,
            "external_type": "",
            "is_public": true,
            "public_url_shared": false,
            "display_as_bot": false,
            "username": "",
            "url": "https:\/\/slack-files.com\/files-pub\/T07GDKW3U-F08R3NL1G-48d1988aaa\/ecosystem_map_mvp-01.png",
            "url_download": "https:\/\/slack-files.com\/files-pub\/T07GDKW3U-F08R3NL1G-48d1988aaa\/download\/ecosystem_map_mvp-01.png",
            "url_private": "https:\/\/files.slack.com\/files-pri\/T07GDKW3U-F08R3NL1G\/ecosystem_map_mvp-01.png",
            "url_private_download": "https:\/\/files.slack.com\/files-pri\/T07GDKW3U-F08R3NL1G\/download\/ecosystem_map_mvp-01.png",
            "thumb_64": "https:\/\/slack-files.com\/files-tmb\/T07GDKW3U-F08R3NL1G-1af0db459c\/ecosystem_map_mvp-01_64.png",
            "thumb_80": "https:\/\/slack-files.com\/files-tmb\/T07GDKW3U-F08R3NL1G-1af0db459c\/ecosystem_map_mvp-01_80.png",
            "thumb_360": "https:\/\/slack-files.com\/files-tmb\/T07GDKW3U-F08R3NL1G-1af0db459c\/ecosystem_map_mvp-01_360.png",
            "thumb_360_w": 251,
            "thumb_360_h": 360,
            "thumb_480": "https:\/\/slack-files.com\/files-tmb\/T07GDKW3U-F08R3NL1G-1af0db459c\/ecosystem_map_mvp-01_480.png",
            "thumb_480_w": 334,
            "thumb_480_h": 480,
            "thumb_160": "https:\/\/slack-files.com\/files-tmb\/T07GDKW3U-F08R3NL1G-1af0db459c\/ecosystem_map_mvp-01_160.png",
            "thumb_720": "https:\/\/slack-files.com\/files-tmb\/T07GDKW3U-F08R3NL1G-1af0db459c\/ecosystem_map_mvp-01_720.png",
            "thumb_720_w": 501,
            "thumb_720_h": 720,
            "thumb_960": "https:\/\/slack-files.com\/files-tmb\/T07GDKW3U-F08R3NL1G-1af0db459c\/ecosystem_map_mvp-01_960.png",
            "thumb_960_w": 668,
            "thumb_960_h": 960,
            "thumb_1024": "https:\/\/slack-files.com\/files-tmb\/T07GDKW3U-F08R3NL1G-1af0db459c\/ecosystem_map_mvp-01_1024.png",
            "thumb_1024_w": 713,
            "thumb_1024_h": 1024,
            "image_exif_rotation": 1,
            "permalink": "https:\/\/dattnetwork.slack.com\/files\/darrenm\/F08R3NL1G\/ecosystem_map_mvp-01.png",
            "permalink_public": "https:\/\/slack-files.com\/T07GDKW3U-F08R3NL1G-48d1988aaa",
            "channels": [
                "C08F8UMGB"
            ],
            "groups": [],
            "ims": [],
            "comments_count": 0
        },
        "user": "U08EZP01H",
        "upload": true,
        "display_as_bot": false,
        "username": "<@U08EZP01H|darrenm>",
        "bot_id": null,
        "ts": "1439085266.000566"
    },
    {
        "type": "message",
        "user": "U08EZP01H",
        "text": "alright here's my first run at an ecosystem map. it's centered around <@U07GDL0H5> MVP. feel free to advise so I can iterate.",
        "ts": "1439085285.000567"
    },
    {
        "type": "message",
        "user": "U08EZP01H",
        "text": "as we nail down the network &amp; incentives this document will evolve",
        "ts": "1439085393.000568"
    },
    {
        "type": "message",
        "user": "U08DH3ESU",
        "text": "this works looks seriously good. Awesome <@U08R1E07Q> <@U08ERPTQF> <@U08EZP01H> <@U08MEV56D> ",
        "edited": {
            "user": "U08DH3ESU",
            "ts": "1439085577.000000"
        },
        "ts": "1439085528.000569",
        "reactions": [
            {
                "name": "tada",
                "users": [
                    "U08EZP01H",
                    "U08ERPTQF"
                ],
                "count": 2
            }
        ]
    },
    {
        "type": "message",
        "subtype": "file_share",
        "text": "<@U08EZP01H|darrenm> uploaded a file: <https:\/\/dattnetwork.slack.com\/files\/darrenm\/F08R40607\/datt_ecosystem_map_mvp.pdf|Datt_ecosystem_map_MVP.pdf>",
        "file": {
            "id": "F08R40607",
            "created": 1439086327,
            "timestamp": 1439086327,
            "name": "Datt_ecosystem_map_MVP.pdf",
            "title": "Datt_ecosystem_map_MVP.pdf",
            "mimetype": "application\/pdf",
            "filetype": "pdf",
            "pretty_type": "PDF",
            "user": "U08EZP01H",
            "editable": false,
            "size": 97121,
            "mode": "hosted",
            "is_external": false,
            "external_type": "",
            "is_public": true,
            "public_url_shared": false,
            "display_as_bot": false,
            "username": "",
            "url": "https:\/\/slack-files.com\/files-pub\/T07GDKW3U-F08R40607-ec2925767a\/datt_ecosystem_map_mvp.pdf",
            "url_download": "https:\/\/slack-files.com\/files-pub\/T07GDKW3U-F08R40607-ec2925767a\/download\/datt_ecosystem_map_mvp.pdf",
            "url_private": "https:\/\/files.slack.com\/files-pri\/T07GDKW3U-F08R40607\/datt_ecosystem_map_mvp.pdf",
            "url_private_download": "https:\/\/files.slack.com\/files-pri\/T07GDKW3U-F08R40607\/download\/datt_ecosystem_map_mvp.pdf",
            "permalink": "https:\/\/dattnetwork.slack.com\/files\/darrenm\/F08R40607\/datt_ecosystem_map_mvp.pdf",
            "permalink_public": "https:\/\/slack-files.com\/T07GDKW3U-F08R40607-ec2925767a",
            "channels": [
                "C08F8UMGB"
            ],
            "groups": [],
            "ims": [],
            "comments_count": 0,
            "num_stars": 1
        },
        "user": "U08EZP01H",
        "upload": true,
        "display_as_bot": false,
        "username": "<@U08EZP01H|darrenm>",
        "bot_id": null,
        "ts": "1439086328.000571"
    },
    {
        "type": "message",
        "user": "U08EZP01H",
        "text": "Alright I made a few tweaks. And output a PDF.",
        "ts": "1439086329.000572"
    },
    {
        "type": "message",
        "user": "U08ERPTQF",
        "text": "Nice work <@U08EZP01H> ",
        "ts": "1439087459.000573"
    },
    {
        "type": "message",
        "user": "U08ERPTQF",
        "text": "I hope in MVP there will be some way for Mods to profit from their relationship with nodes, or tips from users",
        "ts": "1439087523.000574"
    },
    {
        "type": "message",
        "user": "U08ERPTQF",
        "text": "Creators could also be labeled as Contributors since they'll often be linking to content, and less often creating content. To me it sounds right to say \"I'm a Datt Contributor\"",
        "edited": {
            "user": "U08ERPTQF",
            "ts": "1439088423.000000"
        },
        "ts": "1439087691.000575"
    },
    {
        "type": "message",
        "user": "U08EZP01H",
        "text": "Yea I agree <@U08ERPTQF>! If we can get mods &amp; nodes incentivized that'd be great.",
        "ts": "1439088090.000576"
    },
    {
        "type": "message",
        "user": "U08DH3ESU",
        "text": "I would also like to have a 'Add to datt' button. This can be used in other websites like tweet this button. ",
        "ts": "1439088361.000577"
    },
    {
        "type": "message",
        "user": "U08EZP01H",
        "text": "^ we could call it Tap Datt Add",
        "ts": "1439088389.000578"
    },
    {
        "type": "message",
        "user": "U08EZP01H",
        "text": "really though. that's a good idea",
        "ts": "1439088421.000579"
    },
    {
        "type": "message",
        "user": "U08MEV56D",
        "text": "on the splash page, if you give me a day or two, I\u2019d like to clean it up a bit? those tabs display a bit funny for me (flashing white) - i really do like the simplicity it currently has",
        "ts": "1439089343.000581",
        "reactions": [
            {
                "name": "+1",
                "users": [
                    "U08ERPTQF"
                ],
                "count": 1
            }
        ]
    },
    {
        "type": "message",
        "user": "U08EZP01H",
        "text": "<@U08MEV56D>: i wouldn't be surprised if we're waaaay ahead here on the design side",
        "ts": "1439089746.000582"
    },
    {
        "type": "message",
        "user": "U08EZP01H",
        "text": "so take your time :simple_smile:",
        "ts": "1439089753.000583"
    },
    {
        "type": "message",
        "subtype": "file_share",
        "text": "<@U08EZP01H|darrenm> uploaded a file: <https:\/\/dattnetwork.slack.com\/files\/darrenm\/F08R4QU22\/ecosystem_map_mvp-01.png|MVP Ecosystem Map> and commented: updated.",
        "file": {
            "id": "F08R4QU22",
            "created": 1439089831,
            "timestamp": 1439089831,
            "name": "ecosystem_map_mvp-01.png",
            "title": "MVP Ecosystem Map",
            "mimetype": "image\/png",
            "filetype": "png",
            "pretty_type": "PNG",
            "user": "U08EZP01H",
            "editable": false,
            "size": 47050,
            "mode": "hosted",
            "is_external": false,
            "external_type": "",
            "is_public": true,
            "public_url_shared": false,
            "display_as_bot": false,
            "username": "",
            "url": "https:\/\/slack-files.com\/files-pub\/T07GDKW3U-F08R4QU22-3ffaeb4e97\/ecosystem_map_mvp-01.png",
            "url_download": "https:\/\/slack-files.com\/files-pub\/T07GDKW3U-F08R4QU22-3ffaeb4e97\/download\/ecosystem_map_mvp-01.png",
            "url_private": "https:\/\/files.slack.com\/files-pri\/T07GDKW3U-F08R4QU22\/ecosystem_map_mvp-01.png",
            "url_private_download": "https:\/\/files.slack.com\/files-pri\/T07GDKW3U-F08R4QU22\/download\/ecosystem_map_mvp-01.png",
            "thumb_64": "https:\/\/slack-files.com\/files-tmb\/T07GDKW3U-F08R4QU22-3c60d0146c\/ecosystem_map_mvp-01_64.png",
            "thumb_80": "https:\/\/slack-files.com\/files-tmb\/T07GDKW3U-F08R4QU22-3c60d0146c\/ecosystem_map_mvp-01_80.png",
            "thumb_360": "https:\/\/slack-files.com\/files-tmb\/T07GDKW3U-F08R4QU22-3c60d0146c\/ecosystem_map_mvp-01_360.png",
            "thumb_360_w": 251,
            "thumb_360_h": 360,
            "thumb_480": "https:\/\/slack-files.com\/files-tmb\/T07GDKW3U-F08R4QU22-3c60d0146c\/ecosystem_map_mvp-01_480.png",
            "thumb_480_w": 334,
            "thumb_480_h": 480,
            "thumb_160": "https:\/\/slack-files.com\/files-tmb\/T07GDKW3U-F08R4QU22-3c60d0146c\/ecosystem_map_mvp-01_160.png",
            "thumb_720": "https:\/\/slack-files.com\/files-tmb\/T07GDKW3U-F08R4QU22-3c60d0146c\/ecosystem_map_mvp-01_720.png",
            "thumb_720_w": 501,
            "thumb_720_h": 720,
            "thumb_960": "https:\/\/slack-files.com\/files-tmb\/T07GDKW3U-F08R4QU22-3c60d0146c\/ecosystem_map_mvp-01_960.png",
            "thumb_960_w": 668,
            "thumb_960_h": 960,
            "thumb_1024": "https:\/\/slack-files.com\/files-tmb\/T07GDKW3U-F08R4QU22-3c60d0146c\/ecosystem_map_mvp-01_1024.png",
            "thumb_1024_w": 713,
            "thumb_1024_h": 1024,
            "image_exif_rotation": 1,
            "permalink": "https:\/\/dattnetwork.slack.com\/files\/darrenm\/F08R4QU22\/ecosystem_map_mvp-01.png",
            "permalink_public": "https:\/\/slack-files.com\/T07GDKW3U-F08R4QU22-3ffaeb4e97",
            "channels": [
                "C08F8UMGB"
            ],
            "groups": [],
            "ims": [],
            "comments_count": 1,
            "initial_comment": {
                "id": "Fc08R4JYF6",
                "created": 1439089831,
                "timestamp": 1439089831,
                "user": "U08EZP01H",
                "comment": "updated."
            },
            "reactions": [
                {
                    "name": "+1",
                    "users": [
                        "U07GDL0H5",
                        "U08C464NS",
                        "U08DD8LNP",
                        "U08ERPTQF"
                    ],
                    "count": 4
                }
            ]
        },
        "user": "U08EZP01H",
        "upload": true,
        "display_as_bot": false,
        "username": "<@U08EZP01H|darrenm>",
        "bot_id": null,
        "ts": "1439089836.000584"
    },
    {
        "type": "message",
        "user": "U08EZP01H",
        "text": "Latest update.",
        "ts": "1439089839.000585"
    }
]