[
    {
        "user": "U08CCGGG1",
        "type": "message",
        "subtype": "channel_join",
        "text": "<@U08CCGGG1|ryan_onename> has joined the channel",
        "ts": "1439228991.000368"
    },
    {
        "type": "message",
        "user": "U08D641AP",
        "text": "anyone deeply familiar with WebRTC at the protocol level?  I'm having an ICE peer negotiation issue, and would appreciate another set of eyes.",
        "ts": "1439234211.000369"
    },
    {
        "type": "message",
        "user": "U07GDL0H5",
        "text": "i pulled in <@U08F438SK> 's awesome work that puts a lot of basics into datt-node: <https:\/\/github.com\/dattnetwork\/datt-node\/pull\/1>",
        "attachments": [
            {
                "service_name": "GitHub",
                "title": "skeleton w\/ rendezvous using peer.js &amp; user &quot;login&quot; (announcing deterministic address from username\/password) by willy-b \u00b7 Pull Request #1 \u00b7 dattnetwork\/datt-node \u00b7 GitHub",
                "title_link": "https:\/\/github.com\/dattnetwork\/datt-node\/pull\/1",
                "text": "First pass skeleton with primitives in lib folder, browserified for browser, exported in index.js for nodejs. Peering via peer.js, with static page for demonstrating this and basic user login \/ an...",
                "fallback": "GitHub: skeleton w\/ rendezvous using peer.js &amp; user \"login\" (announcing deterministic address from username\/password) by willy-b \u00b7 Pull Request #1 \u00b7 dattnetwork\/datt-node",
                "thumb_url": "https:\/\/avatars3.githubusercontent.com\/u\/6969859?v=3&s=400",
                "from_url": "https:\/\/github.com\/dattnetwork\/datt-node\/pull\/1",
                "thumb_width": 150,
                "thumb_height": 150,
                "id": 1
            }
        ],
        "ts": "1439268450.000370",
        "reactions": [
            {
                "name": "+1",
                "users": [
                    "U08ERPTQF"
                ],
                "count": 1
            }
        ]
    },
    {
        "type": "message",
        "user": "U07GDL0H5",
        "text": "i have my own PR that basically adds some tests to his work: <https:\/\/github.com\/dattnetwork\/datt-node\/pull\/2>",
        "attachments": [
            {
                "service_name": "GitHub",
                "title": "Nits and tests by ryanxcharles \u00b7 Pull Request #2 \u00b7 dattnetwork\/datt-node \u00b7 GitHub",
                "title_link": "https:\/\/github.com\/dattnetwork\/datt-node\/pull\/2",
                "text": "This builds on @willy-b 's work. Basically I just added a test framework so that we can begin writing tests around this stuff. Use two spaces for indentation. Mocha runs in node with \"npm test\". ...",
                "fallback": "GitHub: Nits and tests by ryanxcharles \u00b7 Pull Request #2 \u00b7 dattnetwork\/datt-node",
                "thumb_url": "https:\/\/avatars3.githubusercontent.com\/u\/63740?v=3&s=400",
                "from_url": "https:\/\/github.com\/dattnetwork\/datt-node\/pull\/2",
                "thumb_width": 266,
                "thumb_height": 266,
                "id": 1
            }
        ],
        "ts": "1439268467.000372"
    },
    {
        "type": "message",
        "user": "U08F438SK",
        "text": "Nice, checking that out now &amp; have more changes on way",
        "ts": "1439268579.000374"
    },
    {
        "type": "message",
        "user": "U08F438SK",
        "text": "Thanks for the feedback :-)",
        "ts": "1439268604.000375"
    },
    {
        "type": "message",
        "user": "U07GDL0H5",
        "text": "ok, you may have to do your own find\/replace to switch everything to two spaces to not have huge merge conflicts :simple_smile:",
        "ts": "1439268606.000376"
    },
    {
        "type": "message",
        "user": "U08F438SK",
        "text": "NP, changed my editor -- will be consistent next push",
        "ts": "1439268650.000377"
    },
    {
        "type": "message",
        "user": "U07GDL0H5",
        "text": "ok",
        "ts": "1439268655.000378"
    },
    {
        "type": "message",
        "user": "U08F438SK",
        "text": "I don't have permission to merge your PR, but everything looks good to me. Loving this mocha\/karma combo, reusing the exact same tests :stuck_out_tongue:",
        "ts": "1439270481.000379"
    }
]