[
    {
        "type": "message",
        "user": "U08F438SK",
        "text": "another competitor: <https:\/\/medium.com\/@Igor_Chepkasov\/freedom-of-speech-decentralizing-the-world-of-media-89947aeb007b>",
        "attachments": [
            {
                "service_name": "Medium",
                "title": "FREEDOM OF SPEECH. Decentralizing the world of media",
                "title_link": "https:\/\/medium.com\/@Igor_Chepkasov\/freedom-of-speech-decentralizing-the-world-of-media-89947aeb007b",
                "text": "DECENT is an independent decentralized web 3.0 platform for creative people, authors, bloggers, publicists and their fan\u2026",
                "fallback": "Medium: FREEDOM OF SPEECH. Decentralizing the world of media",
                "image_url": "https:\/\/cdn-images-1.medium.com\/max\/800\/1*4oLPKO7mKPsBFZTORZ7tew.jpeg",
                "ts": 1438333739,
                "from_url": "https:\/\/medium.com\/@Igor_Chepkasov\/freedom-of-speech-decentralizing-the-world-of-media-89947aeb007b",
                "image_width": 784,
                "image_height": 250,
                "image_bytes": 26177,
                "id": 1
            }
        ],
        "ts": "1440909823.000014"
    },
    {
        "type": "message",
        "user": "U08F438SK",
        "text": "<http:\/\/decent.ch\/>",
        "attachments": [
            {
                "service_name": "DECENT",
                "title": "DECENT: Independent Web 3.0 Publishing Platform",
                "title_link": "http:\/\/decent.ch\/",
                "text": "DECENT is an Independent Decentralized Web 3.0 Platform for Creative People, Authors, Bloggers, Publicists, allowing Borderless Publishing of any Content.",
                "fallback": "DECENT: DECENT: Independent Web 3.0 Publishing Platform",
                "from_url": "http:\/\/decent.ch\/",
                "thumb_url": "http:\/\/decent.ch\/wp-content\/uploads\/2015\/06\/divider.png",
                "thumb_width": 52,
                "thumb_height": 6,
                "id": 1
            }
        ],
        "ts": "1440909853.000016"
    },
    {
        "type": "message",
        "user": "U08F438SK",
        "text": "They have hilarious banner ads, btw. They literally say \"WE HATE THE BLOCKCHAIN. WE HATE BITCOIN.\" then fade out to \"... or not?!\"",
        "ts": "1440909895.000018"
    },
    {
        "type": "message",
        "subtype": "file_share",
        "text": "<@U08F438SK|willy> uploaded a file: <https:\/\/dattnetwork.slack.com\/files\/willy\/F09S5D14M\/authorsrights.png|AuthorsRights.png> and commented: DECENT is also focused on ability of Content Creators to receive micropayments",
        "file": {
            "id": "F09S5D14M",
            "created": 1440910060,
            "timestamp": 1440910060,
            "name": "AuthorsRights.png",
            "title": "AuthorsRights.png",
            "mimetype": "image\/png",
            "filetype": "png",
            "pretty_type": "PNG",
            "user": "U08F438SK",
            "editable": false,
            "size": 23913,
            "mode": "hosted",
            "is_external": false,
            "external_type": "",
            "is_public": true,
            "public_url_shared": false,
            "display_as_bot": false,
            "username": "",
            "url": "https:\/\/slack-files.com\/files-pub\/T07GDKW3U-F09S5D14M-43fecbb959\/authorsrights.png",
            "url_download": "https:\/\/slack-files.com\/files-pub\/T07GDKW3U-F09S5D14M-43fecbb959\/download\/authorsrights.png",
            "url_private": "https:\/\/files.slack.com\/files-pri\/T07GDKW3U-F09S5D14M\/authorsrights.png",
            "url_private_download": "https:\/\/files.slack.com\/files-pri\/T07GDKW3U-F09S5D14M\/download\/authorsrights.png",
            "thumb_64": "https:\/\/slack-files.com\/files-tmb\/T07GDKW3U-F09S5D14M-8decf75fc0\/authorsrights_64.png",
            "thumb_80": "https:\/\/slack-files.com\/files-tmb\/T07GDKW3U-F09S5D14M-8decf75fc0\/authorsrights_80.png",
            "thumb_360": "https:\/\/slack-files.com\/files-tmb\/T07GDKW3U-F09S5D14M-8decf75fc0\/authorsrights_360.png",
            "thumb_360_w": 360,
            "thumb_360_h": 115,
            "thumb_480": "https:\/\/slack-files.com\/files-tmb\/T07GDKW3U-F09S5D14M-8decf75fc0\/authorsrights_480.png",
            "thumb_480_w": 480,
            "thumb_480_h": 153,
            "thumb_160": "https:\/\/slack-files.com\/files-tmb\/T07GDKW3U-F09S5D14M-8decf75fc0\/authorsrights_160.png",
            "image_exif_rotation": 1,
            "original_w": 604,
            "original_h": 193,
            "permalink": "https:\/\/dattnetwork.slack.com\/files\/willy\/F09S5D14M\/authorsrights.png",
            "permalink_public": "https:\/\/slack-files.com\/T07GDKW3U-F09S5D14M-43fecbb959",
            "channels": [
                "C08F62HEY"
            ],
            "groups": [

            ],
            "ims": [

            ],
            "comments_count": 1,
            "initial_comment": {
                "id": "Fc09S5CM7C",
                "created": 1440910060,
                "timestamp": 1440910060,
                "user": "U08F438SK",
                "comment": "DECENT is also focused on ability of Content Creators to receive micropayments"
            }
        },
        "user": "U08F438SK",
        "upload": true,
        "display_as_bot": false,
        "username": "<@U08F438SK|willy>",
        "bot_id": null,
        "ts": "1440910062.000019"
    },
    {
        "type": "message",
        "user": "U08ERPTQF",
        "text": "Yea DECENT have been on a similar trajectory to us in the past 8 weeks.",
        "ts": "1440910156.000020"
    },
    {
        "type": "message",
        "user": "U08MAKT70",
        "text": "Hm, they claim to be open source, but I cannot find the code anywhere",
        "ts": "1440914889.000021"
    },
    {
        "type": "message",
        "user": "U07GDL0H5",
        "text": "interesting. sounds like they're trying to solve the problem of \"how do we make sure someone has paid BEFORE accessing the content\", which is not really one of our primary problems",
        "ts": "1440915399.000022"
    },
    {
        "type": "message",
        "user": "U08MAKT70",
        "text": "If we are to to something similar (which I think we should do), we could make the content requester include a signed transaction to the author in its request when getting content",
        "ts": "1440915640.000023"
    },
    {
        "type": "message",
        "user": "U08MAKT70",
        "text": "We probably won\u2019t need this from the beginning though",
        "ts": "1440915713.000024"
    },
    {
        "type": "message",
        "user": "U08ERPTQF",
        "text": "Yea they also haven't proposed anything in the way of curation",
        "ts": "1440915719.000025"
    },
    {
        "type": "message",
        "user": "U08MAKT70",
        "text": "As most content will be free to start with",
        "ts": "1440915740.000026"
    },
    {
        "type": "message",
        "user": "U08ERPTQF",
        "text": " I'm also fairly optimistic we'll ship first and innovate faster :simple_smile: ",
        "ts": "1440915780.000027"
    },
    {
        "type": "message",
        "user": "U08F438SK",
        "text": ":+1: <@U08ERPTQF> , if you can't you don't deserve the time of your users, frankly",
        "ts": "1440916764.000028"
    }
]