[
    {
        "type": "message",
        "user": "U08DH3ESU",
        "text": "I put down some thoughts on what can be done differently by 'datt' as far as content publishing is concerned. Have added it to the readme. The file is @ <https:\/\/docs.google.com\/document\/d\/1vhLrVlBu7_l_xgXkUs9HCWd4nOuh9G4TagO2zjU9Gys\/edit?usp=sharing>",
        "ts": "1439890437.000448",
        "reactions": [
            {
                "name": "+1",
                "users": [
                    "U08F438SK",
                    "U095A29EK",
                    "U08DD8LNP",
                    "U08ERPTQF",
                    "U08F2RTCN",
                    "U08MAKT70"
                ],
                "count": 6
            }
        ]
    },
    {
        "type": "message",
        "subtype": "file_share",
        "text": "<@U08DH3ESU|aramkris> shared a file: <https:\/\/dattnetwork.slack.com\/files\/aramkris\/F0983HV7H\/businessthoughts-misc|Business Thoughts - Misc>",
        "file": {
            "id": "F0983HV7H",
            "created": 1439890460,
            "timestamp": 1439890460,
            "name": "BusinessThoughts-Misc",
            "title": "Business Thoughts - Misc",
            "mimetype": "application\/vnd.google-apps.document",
            "filetype": "gdoc",
            "pretty_type": "GDocs Document",
            "user": "U08DH3ESU",
            "editable": false,
            "size": 14533,
            "mode": "external",
            "is_external": true,
            "external_type": "gdrive",
            "is_public": true,
            "public_url_shared": false,
            "display_as_bot": false,
            "username": "",
            "url": "https:\/\/docs.google.com\/document\/d\/1vhLrVlBu7_l_xgXkUs9HCWd4nOuh9G4TagO2zjU9Gys\/edit?usp=drivesdk",
            "url_private": "https:\/\/docs.google.com\/document\/d\/1vhLrVlBu7_l_xgXkUs9HCWd4nOuh9G4TagO2zjU9Gys\/edit?usp=drivesdk",
            "thumb_64": "https:\/\/slack.global.ssl.fastly.net\/66f9\/img\/files\/gdraw_64.png",
            "thumb_360": "https:\/\/slack.global.ssl.fastly.net\/272a\/img\/files\/gdoc_360.png",
            "thumb_360_w": 360,
            "thumb_360_h": 167,
            "permalink": "https:\/\/dattnetwork.slack.com\/files\/aramkris\/F0983HV7H\/businessthoughts-misc",
            "channels": [
                "C08F62HEY"
            ],
            "groups": [

            ],
            "ims": [

            ],
            "comments_count": 0
        },
        "user": "U08DH3ESU",
        "upload": false,
        "display_as_bot": false,
        "username": "<@U08DH3ESU|aramkris>",
        "bot_id": null,
        "ts": "1439890460.000449"
    },
    {
        "type": "message",
        "user": "U08ERPTQF",
        "text": "Some great thoughts <@U08DH3ESU> :thumbsup:",
        "ts": "1439930912.000450"
    },
    {
        "type": "message",
        "user": "U08F2RTCN",
        "text": "Awesome <@U08DH3ESU> , finally have some time to go through the thread, reading through the doc",
        "ts": "1439948940.000451"
    },
    {
        "type": "message",
        "user": "U08DD8LNP",
        "text": "<@U08DH3ESU>: in your view do users pay for all content they view?",
        "ts": "1439952585.000452"
    },
    {
        "type": "message",
        "user": "U08DD8LNP",
        "text": "oh nm see details on that reading further, you\u2019re saying it can be required for some content or optional for others",
        "ts": "1439952639.000453"
    },
    {
        "type": "message",
        "user": "U08DH3ESU",
        "text": "At this moment, No is the answer; in future maybe",
        "ts": "1439952669.000454"
    },
    {
        "type": "message",
        "user": "U08DD8LNP",
        "text": "I think built-in paywal support would be a good thing, so long as it was optional",
        "ts": "1439952677.000455"
    },
    {
        "type": "message",
        "user": "U08DD8LNP",
        "text": "problem is, what happens when someone decides to repost it outside your paywal on the same network?",
        "ts": "1439952712.000456"
    },
    {
        "type": "message",
        "user": "U08DH3ESU",
        "text": "My thought process is that users would not pay for content that is found elsewhere (as simple as that); So, links and content cross-posted will not be useful",
        "ts": "1439952721.000457"
    },
    {
        "type": "message",
        "user": "U08DD8LNP",
        "text": "you\u2019re thinking that long form content stored by the network being paid to access then, that makes some sense",
        "ts": "1439952748.000458"
    },
    {
        "type": "message",
        "user": "U08DD8LNP",
        "text": "so would paying for the content count as a vote for indexing purposes, or would that still be a separate process?",
        "ts": "1439952779.000459"
    },
    {
        "type": "message",
        "user": "U08F2RTCN",
        "text": "<@U08DH3ESU>: I have added some comments, and will go through it one more time, Looks great",
        "ts": "1439952867.000460"
    },
    {
        "type": "message",
        "user": "U08DH3ESU",
        "text": "Though not synonymous, paying for content is close to voting (upvoting) for content",
        "ts": "1439952887.000461"
    },
    {
        "type": "message",
        "user": "U08DD8LNP",
        "text": "I don\u2019t have a lot of detail on this thought yet, and others have suggested similar, but I think we may want to build in a return for voters.  probably based on how soon they buy in\/vote on some sort of sliding scale",
        "ts": "1439952898.000462",
        "reactions": [
            {
                "name": "+1",
                "users": [
                    "U08ERPTQF",
                    "U094X6WUT"
                ],
                "count": 2
            }
        ]
    },
    {
        "type": "message",
        "user": "U08DH3ESU",
        "text": "whether we count it or not is a design call",
        "ts": "1439952920.000463"
    },
    {
        "type": "message",
        "user": "U08DD8LNP",
        "text": "the problem with paying to vote, and also paying to read is that if you are primarily a \u201clurker\u201d you are just constantly tossing money at the network, and that might be a hard sell",
        "ts": "1439952946.000464"
    },
    {
        "type": "message",
        "user": "U08DH3ESU",
        "text": "If you have paid for content, I assumed that voting rights would come with it",
        "ts": "1439952984.000465"
    },
    {
        "type": "message",
        "user": "U08DD8LNP",
        "text": "but lurkers who vote (or buy paywalled content) provide the service of curation, the difficulty is figuring out a way to value it and reward them for it",
        "ts": "1439952987.000466"
    },
    {
        "type": "message",
        "user": "U08DH3ESU",
        "text": "my earlier point was specific to how do we count them.",
        "ts": "1439953020.000467"
    },
    {
        "type": "message",
        "user": "U08DH3ESU",
        "text": "I put some brief thoughts on microearn for users when they use this network; Maybe we can build on that to ensure that people who vote\/buy content will get some reward back",
        "ts": "1439953071.000468"
    },
    {
        "type": "message",
        "user": "U08DD8LNP",
        "text": "yeah, sorry i\u2019m going on a bit of a tangent here.  and design wise it\u2019s a tough thing to automate, im just curious on your thoughts for that approach from the business angle",
        "ts": "1439953072.000469"
    },
    {
        "type": "message",
        "user": "U08DH3ESU",
        "text": "<@U08F2RTCN>: Thanks. Will look and try to update the document, if required.",
        "ts": "1439953121.000470"
    },
    {
        "type": "message",
        "user": "U08F2RTCN",
        "text": "The thought bubble i have right now is what will be the number 1 item  which will make me Profitable as a Node Operator?  I would assume its the Content Quality",
        "ts": "1439953373.000471"
    },
    {
        "type": "message",
        "user": "U08DH3ESU",
        "text": "<@U08DD8LNP>: Let me update it and drill down a little bit more.",
        "ts": "1439953411.000472"
    },
    {
        "type": "message",
        "user": "U08DH3ESU",
        "text": "<@U08F2RTCN>: To a great extent it would be content quality; My other point is that we need to identify areas where traditional print or digital (news aggregators) would not like to play like 'Local community journalism'",
        "edited": {
            "user": "U08DH3ESU",
            "ts": "1439953528.000000"
        },
        "ts": "1439953515.000473"
    },
    {
        "type": "message",
        "user": "U08F2RTCN",
        "text": "<@U08DH3ESU>: I agree with the point of community journalism , but hard to steer the content creators that way as they are completely free to share the content they like. I guess pretty much everything goes.. , now coming to the point of the Nodes Profitability  the investment should be more towards enticing the Moderators?",
        "ts": "1439953866.000475"
    },
    {
        "type": "message",
        "user": "U08DH3ESU",
        "text": "true; or I had earlier mentioned about 'Content curation as a service'; Nodes can provide this; Just to be clear I am not talking about censorship but doing a smartscreen filter which the user does not want to do and is ready to pay for",
        "ts": "1439953985.000476"
    },
    {
        "type": "message",
        "user": "U08DD8LNP",
        "text": "yeah moving the filtering\/analysis to the node for speed and ease of access would be a use case for that",
        "ts": "1439954029.000477"
    },
    {
        "type": "message",
        "user": "U08DD8LNP",
        "text": "restricted\/legally approved access to the network in stricter nations might be another",
        "ts": "1439954059.000478"
    },
    {
        "type": "message",
        "user": "U08DH3ESU",
        "text": "this would be like a news aggregation service but curated for different tastes; the legally approved content part of it has to be handled by the nodes",
        "ts": "1439954098.000479"
    },
    {
        "type": "message",
        "user": "U08DH3ESU",
        "text": "we can think about this as we not a 'complete' and 'pure' p2p system; even though the network can function as a p2p system the nodes provide that little bit of backup which ensures availability of content all the time",
        "ts": "1439954165.000480"
    },
    {
        "type": "message",
        "user": "U08DD8LNP",
        "text": "hmm actually that is an interesting technical approach even",
        "ts": "1439954224.000481"
    },
    {
        "type": "message",
        "user": "U08DD8LNP",
        "text": "if the listings\/indexes were managed more centrally as a matter of practice",
        "ts": "1439954253.000482"
    },
    {
        "type": "message",
        "user": "U08DD8LNP",
        "text": "could get around some performance issues, and it wouldn\u2019t really weaken any of our core principles.  Probably make it a lot easier to monetize\/incentivize curation as well",
        "ts": "1439954286.000483"
    },
    {
        "type": "message",
        "user": "U08DH3ESU",
        "text": "yes; this in a certain way would also keep payments simpler as the end nodes might not talk to each other a lot",
        "ts": "1439954323.000484"
    },
    {
        "type": "message",
        "user": "U08DD8LNP",
        "text": "well I think they still could, for instance it might even be faster to pull content from a local node",
        "ts": "1439954366.000485"
    },
    {
        "type": "message",
        "user": "U08DH3ESU",
        "text": "definitely possible to pull content from a local node, but I am talking about it relatively the number of payments between the local nodes can be lesser",
        "ts": "1439954426.000486"
    },
    {
        "type": "message",
        "user": "U08DD8LNP",
        "text": "and the end nodes would be capable of providing this service as well, just some nodes would focus on it as a core service and doing it well\/fast",
        "ts": "1439954437.000487"
    },
    {
        "type": "message",
        "user": "U08DH3ESU",
        "text": "absolutely yes",
        "ts": "1439954633.000488"
    }
]