[
    {
        "type": "message",
        "user": "U08DH3ESU",
        "text": "Maybe this is the start of the end of ads subsidizing content consumption. <http:\/\/www.marco.org\/2015\/08\/11\/ad-blocking-ethics;> <http:\/\/www.mondaynote.com\/2015\/08\/31\/life-after-content-blocking\/>",
        "attachments": [
            {
                "service_name": "Monday Note",
                "title": "Life After Content Blocking | Monday Note",
                "title_link": "http:\/\/www.mondaynote.com\/2015\/08\/31\/life-after-content-blocking\/",
                "text": "\u00a0 By Jean-Louis Gass\u00e9e Ad blocking started as an initiative by independent developers who wanted to improve our browsing experience. Now that at least one company, Apple, has made Content Blocking \u201cofficial\u201d, ad-supported publishing business models are in trouble. Back in the days when we bought a newspaper or magazine at the newsstand, we thought we were paying for the newspaper. We were only faintly aware that advertising contributed a large share of the paper\u2019s revenue. In some cases, like old computer magazines, ads were welcomed and even avidly sought by the reader; they provided a needed source of information in a rapidly evolving field. No strings attached, we buy, we read, and we\u2019re done. Then, the Web happened and newspapers and magazines became available on line. The unlimited number of sources of information and entertainment has lead to a new kind of Tragedy of the Commons: When finite advertising budgets are divided by an almost infinite number of Internet billboards, the revenue per ad tends to zero. As revenue from print ads continues to decline, Web ads aren\u2019t picking up",
                "fallback": "Monday Note: Life After Content Blocking | Monday Note",
                "thumb_url": "http:\/\/www.mondaynote.com\/wp-content\/plugins\/all-in-one-seo-pack\/images\/default-user-image.png",
                "from_url": "http:\/\/www.mondaynote.com\/2015\/08\/31\/life-after-content-blocking\/",
                "thumb_width": 512,
                "thumb_height": 512,
                "id": 1
            }
        ],
        "ts": "1442924155.000142",
        "reactions": [
            {
                "name": "+1",
                "users": [
                    "U07GDL0H5",
                    "U08ERPTQF",
                    "U08DH3ESU",
                    "U08F438SK"
                ],
                "count": 4
            }
        ]
    },
    {
        "type": "message",
        "user": "U08DH3ESU",
        "text": "\"Ad Blocking is now moving from third party initiatives to a broad assault based on platform technology\" (Second link above). The pay for content model might possibly become more mainstream than it is today.",
        "edited": {
            "user": "U08DH3ESU",
            "ts": "1442972616.000000"
        },
        "ts": "1442924204.000144"
    },
    {
        "type": "message",
        "user": "U07GDL0H5",
        "text": "feross: web apps of the future <https:\/\/speakerdeck.com\/feross\/web-apps-of-the-future>",
        "attachments": [
            {
                "service_name": "Speaker Deck",
                "title": "Web Apps of the Future",
                "title_link": "https:\/\/speakerdeck.com\/feross\/web-apps-of-the-future",
                "text": "Web Apps of the Future The ideal app is peer-to-peer, offline, and decentralized. Apps should protect users from censorship, the addition of user-hostile features, and data loss due to business failure. Good news! The future is here early; it's possible to build a service like this today, using WebRTC, Service Workers, Web Crypto, and replicating databases. Welcome to the future!",
                "fallback": "Speaker Deck: Web Apps of the Future",
                "image_url": "https:\/\/speakerd.s3.amazonaws.com\/presentations\/50b2e9597c27410784f93569a02e68e4\/slide_0.jpg",
                "from_url": "https:\/\/speakerdeck.com\/feross\/web-apps-of-the-future",
                "image_width": 444,
                "image_height": 250,
                "image_bytes": 27886,
                "id": 1
            }
        ],
        "ts": "1442941343.000145"
    },
    {
        "user": "U0B4N7P7G",
        "type": "message",
        "subtype": "channel_join",
        "text": "<@U0B4N7P7G|q00p> has joined the channel",
        "ts": "1442941734.000147"
    },
    {
        "type": "message",
        "user": "U0ALSQB43",
        "text": "First <http:\/\/21.co|21.co> order on Purse: <https:\/\/twitter.com\/PurseIO\/status\/646442295160500224>",
        "attachments": [
            {
                "fallback": "<https:\/\/twitter.com\/PurseIO|@PurseIO>: Just had our first sale of the <https:\/\/twitter.com\/21dotco|@21dotco> #bitcoin computer on <https:\/\/twitter.com\/PurseIO|@PurseIO> -- 5% off Amazon -- only $379!  --- $20 off! <https:\/\/pbs.twimg.com\/media\/CPif1zgUsAADMnK.png>",
                "ts": 1442958828,
                "author_name": "Purse",
                "author_link": "https:\/\/twitter.com\/PurseIO\/status\/646442295160500224",
                "author_icon": "https:\/\/pbs.twimg.com\/profile_images\/464929839380566016\/Zot3g7lX_normal.png",
                "author_subname": "@PurseIO",
                "text": "Just had our first sale of the <https:\/\/twitter.com\/21dotco|@21dotco> #bitcoin computer on <https:\/\/twitter.com\/PurseIO|@PurseIO> -- 5% off Amazon -- only $379!  --- $20 off! <https:\/\/pbs.twimg.com\/media\/CPif1zgUsAADMnK.png>",
                "service_name": "twitter",
                "service_url": "https:\/\/twitter.com\/",
                "image_url": "https:\/\/pbs.twimg.com\/media\/CPif1zgUsAADMnK.png",
                "image_width": 473,
                "image_height": 457,
                "image_bytes": 41016,
                "from_url": "https:\/\/twitter.com\/PurseIO\/status\/646442295160500224",
                "id": 1
            }
        ],
        "ts": "1442958971.000148",
        "reactions": [
            {
                "name": "clap",
                "users": [
                    "U07GDL0H5",
                    "U08ERPTQF",
                    "U08F438SK"
                ],
                "count": 3
            }
        ]
    }
]