[
    {
        "type": "message",
        "user": "U08EZP01H",
        "text": "<@U08DH3ESU>: Some days the value of decentralized trust seems so revolutionary I don't know how we won't see a massive migration to internet '3.0'. Then other days I hear about another SOPA, PIPA, DOOFUS law.",
        "ts": "1439574489.004088",
        "reactions": [
            {
                "name": "heavy_plus_sign",
                "users": [
                    "U08F438SK"
                ],
                "count": 1
            }
        ]
    },
    {
        "type": "message",
        "user": "U08EZP01H",
        "text": "Such an awesome space to be working in.",
        "ts": "1439574581.004089"
    },
    {
        "type": "message",
        "user": "U08FFU90F",
        "text": "Come ask Ryan X. Charles, Ethereum, Augur, and OpenBazaar anything you want. They are doing a live Q&amp;A on ZapChain right now: <https:\/\/www.zapchain.com\/a\/W7M8nphtCU>",
        "attachments": [
            {
                "service_name": "ZapChain",
                "title": "Decentralization",
                "title_link": "https:\/\/www.zapchain.com\/a\/W7M8nphtCU",
                "text": "ZapChain is the best place to discuss emerging technology.",
                "fallback": "ZapChain: Decentralization",
                "image_url": "https:\/\/s3.amazonaws.com\/files.parsetfss.com\/f4ce45fa-ab12-4c24-a33c-a100a8133f3f\/tfss-537086a2-10ea-4d32-8773-8d9fa27980c7-zapchain_logo_square.png",
                "from_url": "https:\/\/www.zapchain.com\/a\/W7M8nphtCU",
                "image_width": 238,
                "image_height": 238,
                "image_bytes": 9835,
                "id": 1
            }
        ],
        "ts": "1439576033.004090"
    },
    {
        "type": "message",
        "user": "U08G10908",
        "text": "\"Tent is a way to store all your data in one place that you control. Instead of your digital life being spread across many services, Tent lets you keep it all in one place. Users can choose any hosting provider (or host their own Tent server) and any apps they want to use. Tent handles storing their data and sending it to their friends. Tent is designed to be the hub of your digital life and remove any centralized authorities that could screw it up. Tent uses HTTPS and JSON to transport posts between servers and apps.\" <https:\/\/tent.io\/docs>",
        "ts": "1439589142.004092"
    },
    {
        "type": "message",
        "user": "U08DD8LNP",
        "text": "<http:\/\/www.bittess.com\/>",
        "ts": "1439590252.004093"
    },
    {
        "type": "message",
        "user": "U08DD8LNP",
        "text": "That\u2019s bittorrent based <https:\/\/github.com\/BitTess\/BitTess>",
        "attachments": [
            {
                "service_name": "GitHub",
                "title": "BitTess\/BitTess",
                "title_link": "https:\/\/github.com\/BitTess\/BitTess",
                "text": "BitTess - Peer to Peer Website",
                "fallback": "GitHub: BitTess\/BitTess",
                "thumb_url": "https:\/\/avatars2.githubusercontent.com\/u\/13393160?v=3&s=400",
                "from_url": "https:\/\/github.com\/BitTess\/BitTess",
                "thumb_width": 420,
                "thumb_height": 420,
                "id": 1
            }
        ],
        "ts": "1439590263.004094"
    },
    {
        "type": "message",
        "user": "U08DD8LNP",
        "text": "<http:\/\/mediagoblin.org\/>",
        "ts": "1439591034.004096"
    },
    {
        "user": "U094X6WUT",
        "type": "message",
        "subtype": "channel_join",
        "text": "<@U094X6WUT|epsen> has joined the channel",
        "ts": "1439608755.004097"
    }
]