[
    {
        "type": "message",
        "user": "U08EZP01H",
        "text": "Another bit of validation: <https:\/\/twitter.com\/alexm247\/status\/649091066159890432>",
        "attachments": [
            {
                "fallback": "<https:\/\/twitter.com\/alexm247|@alexm247>: Is ChangeTip a real thing? Did someone seriously give me bitcoins for something I wrote? Can anyone verify? Because if so, I'LL WRITE MORE",
                "ts": 1443590344,
                "author_name": "alex mccown",
                "author_link": "https:\/\/twitter.com\/alexm247\/status\/649091066159890432",
                "author_icon": "https:\/\/pbs.twimg.com\/profile_images\/520102826622468097\/KXY2PZmR_normal.jpeg",
                "author_subname": "@alexm247",
                "text": "Is ChangeTip a real thing? Did someone seriously give me bitcoins for something I wrote? Can anyone verify? Because if so, I'LL WRITE MORE",
                "service_name": "twitter",
                "service_url": "https:\/\/twitter.com\/",
                "from_url": "https:\/\/twitter.com\/alexm247\/status\/649091066159890432",
                "id": 1
            }
        ],
        "ts": "1443896054.000002",
        "reactions": [
            {
                "name": "+1",
                "users": [
                    "U07GDL0H5"
                ],
                "count": 1
            }
        ]
    }
]