[
    {
        "type": "message",
        "user": "U08ELNFTP",
        "text": "thank you <@U08F438SK> would love more specific details on why you liked it if possible\u2026.also retweets and shares are always super appreciated :simple_smile:",
        "ts": "1440015436.004244"
    },
    {
        "type": "message",
        "user": "U08DDG1SB",
        "text": "I'm telling you the censorship on Reddit is getting ridiculous. You guys need to fucking blow this shit up ASAP.",
        "ts": "1440034528.004245",
        "reactions": [
            {
                "name": "simple_smile",
                "users": [
                    "U08ERPTQF",
                    "U08D641AP",
                    "U07GDL0H5"
                ],
                "count": 3
            }
        ]
    },
    {
        "type": "message",
        "user": "U08CG8V89",
        "text": "respectfully, it's been bad for years",
        "ts": "1440034588.004246"
    },
    {
        "type": "message",
        "user": "U08F438SK",
        "text": "But now is definitely the time",
        "ts": "1440049431.004247"
    }
]