[
    {
        "type": "message",
        "user": "U0ALSQB43",
        "text": "<@U07GDL0H5>: what was the JS &gt; Native mobile thing you referenced last night?",
        "ts": "1442525370.000099"
    },
    {
        "type": "message",
        "user": "U07GDL0H5",
        "text": "react native",
        "ts": "1442533053.000100"
    },
    {
        "type": "message",
        "user": "U0ALSQB43",
        "text": "Ah, so u gotta use react",
        "ts": "1442533542.000101"
    },
    {
        "type": "message",
        "user": "U08F438SK",
        "text": "looking forward to this weekend's meeting. Sat or Sunday?",
        "ts": "1442558382.000102"
    }
]