[
    {
        "type": "message",
        "user": "U08F438SK",
        "text": "Thanks for arch doc. Out of 3 simplifications offered I vote for 1st: only implement web node.",
        "ts": "1438844956.003740"
    },
    {
        "type": "message",
        "user": "U08F438SK",
        "text": "(For 1st pass)",
        "ts": "1438844971.003741"
    },
    {
        "type": "message",
        "user": "U07GDL0H5",
        "text": "<@U08D641AP> has a huge PR to pull in converse into the main \"datt\" repo ... i'm reviewing now but would appreciate other developers' input (ping <@U08DD8LNP> <@U08ERPTQF> )",
        "ts": "1438847689.003742",
        "reactions": [
            {
                "name": "+1",
                "users": [
                    "U08ERPTQF"
                ],
                "count": 1
            }
        ]
    },
    {
        "type": "message",
        "user": "U08D641AP",
        "text": "it's WIP, or perhaps more accurately RFC, so please be brutal with your review :simple_smile:",
        "ts": "1438847740.003743",
        "reactions": [
            {
                "name": "+1",
                "users": [
                    "U08ERPTQF"
                ],
                "count": 1
            }
        ]
    },
    {
        "type": "message",
        "user": "U08DD8LNP",
        "text": "I\u2019ll take a look tomorrow",
        "ts": "1438848216.003744"
    },
    {
        "type": "message",
        "user": "U08ERPTQF",
        "text": "I'm reading <@U07GDL0H5>'s architecture &amp; reviewing <@U08D641AP>'s PR",
        "ts": "1438850748.003745"
    },
    {
        "type": "message",
        "user": "U08DD8LNP",
        "text": "just saw that link thanks <@U08ERPTQF> looks like a really good overview to me",
        "ts": "1438852237.003746"
    },
    {
        "type": "message",
        "user": "U08DD8LNP",
        "text": "I\u2019d also mention maidsafe in addition to ipfs, my worry with both of those is that it might put more weight\/power on the full nodes",
        "ts": "1438852286.003747"
    },
    {
        "type": "message",
        "user": "U08DD8LNP",
        "text": "but perhaps some sort of hybrid system where IPFS\/maidsafe is more persistant storage and light nodes replicate more recent content for more distributed access less reliant on full nodes could be an interesting approach",
        "ts": "1438852325.003748"
    },
    {
        "type": "message",
        "user": "U08DD8LNP",
        "text": "actually as a general approach that might be a really interesting separation of concerns.   there is likely a higher cost to storing data in ipfs\/maidsafe than ephemeral browser p2p storage.   Maybe we only long-term persist content that gets well received.",
        "ts": "1438852446.003749",
        "reactions": [
            {
                "name": "+1",
                "users": [
                    "U08ERPTQF",
                    "U08D641AP"
                ],
                "count": 2
            }
        ]
    },
    {
        "type": "message",
        "user": "U08DD8LNP",
        "text": "we could build out the browser nodes as short term ephemeral content distribution, and put the responsibility of longer term storage on the full nodes.  In such a way that the full nodes are not necessary for the operation of the light nodes except as a rendevous",
        "ts": "1438852536.003750"
    },
    {
        "type": "message",
        "user": "U08DD8LNP",
        "text": "then we could develop the light nodes first and treat the full node as a second phase as I expect that part might get more involved.",
        "ts": "1438852588.003751"
    },
    {
        "type": "message",
        "user": "U08DD8LNP",
        "text": "this might also help with anonymity if the light nodes are passing\/bouncing around content before it reaches a full node for longer term storage.",
        "ts": "1438852632.003752"
    },
    {
        "type": "message",
        "user": "U07GDL0H5",
        "text": "heading to bed, g'night everyone",
        "ts": "1438852636.003753"
    },
    {
        "type": "message",
        "user": "U08DD8LNP",
        "text": "gnight",
        "ts": "1438852640.003754"
    },
    {
        "type": "message",
        "user": "U08DH3ESU",
        "text": "goodnight",
        "ts": "1438853001.003755"
    },
    {
        "type": "message",
        "user": "U08DD8LNP",
        "text": "<https:\/\/github.com\/HelloZeroNet\/ZeroNet>",
        "attachments": [
            {
                "service_name": "GitHub",
                "title": "HelloZeroNet\/ZeroNet",
                "title_link": "https:\/\/github.com\/HelloZeroNet\/ZeroNet",
                "text": "ZeroNet - Decentralized websites using Bitcoin crypto and BitTorrent network",
                "fallback": "GitHub: HelloZeroNet\/ZeroNet",
                "thumb_url": "https:\/\/avatars3.githubusercontent.com\/u\/10350359?v=3&s=400",
                "from_url": "https:\/\/github.com\/HelloZeroNet\/ZeroNet",
                "thumb_width": 230,
                "thumb_height": 230,
                "id": 1
            }
        ],
        "ts": "1438853950.003756"
    },
    {
        "type": "message",
        "user": "U08ERPTQF",
        "text": "<@U08DD8LNP>: I agree that light nodes will mostly deal with the least interesting content, full nodes are likely to prioritise content that is likely to be interesting and derive some value",
        "ts": "1438854089.003758"
    },
    {
        "type": "message",
        "user": "U08DD8LNP",
        "text": "I wouldn\u2019t call that the least interesting content, just the most recent\/active content",
        "ts": "1438854114.003759"
    },
    {
        "type": "message",
        "user": "U08DD8LNP",
        "text": "basically the light nodes are our RAM and the full nodes are our hard drive",
        "ts": "1438854145.003760"
    },
    {
        "type": "message",
        "user": "U08DD8LNP",
        "text": "(in this model that I just came up with at 2am)",
        "ts": "1438854199.003761"
    },
    {
        "type": "message",
        "user": "U08ERPTQF",
        "text": "I mean it hasn't get become interesting to the nodes - however the nodes decide what is interesting\ne.g. content that has been listed by one or more collectives becomes more interesting, as does content that has met a threshold of votes in a given duration, and certainly if there is a bounty the content is interesting to the full node",
        "edited": {
            "user": "U08ERPTQF",
            "ts": "1438854271.000000"
        },
        "ts": "1438854264.003762"
    },
    {
        "type": "message",
        "user": "U08DD8LNP",
        "text": "maybe nodes decide to pull in content from the light nodes once they hit a btc threshold",
        "ts": "1438854274.003764"
    },
    {
        "type": "message",
        "user": "U08ERPTQF",
        "text": "but not all content can be interesting straight away, and depending on the network dynamics we could end up with a majority of content being ephemeral between the light nodes",
        "ts": "1438854321.003765"
    },
    {
        "type": "message",
        "user": "U08DD8LNP",
        "text": "which isn\u2019t necessarily a bad thing.  You kind of end up with a chan\/reddit hybrid at that point",
        "ts": "1438854356.003766"
    },
    {
        "type": "message",
        "user": "U08DD8LNP",
        "text": "if we could structure rewards such that your upvote went partially to the host as well as the author then the whole system could likely be self correcting",
        "ts": "1438854403.003767"
    },
    {
        "type": "message",
        "user": "U08DD8LNP",
        "text": "leave it up to full nodes to decide their own metrics of what to keep available for hosting to maximize their own gains",
        "ts": "1438854431.003768"
    },
    {
        "type": "message",
        "user": "U08ERPTQF",
        "text": "precisely, I keep talking about bounties for exactly that reason, but it's still too abstract for my liking",
        "ts": "1438854480.003769"
    },
    {
        "type": "message",
        "user": "U08DD8LNP",
        "text": "like if they are bearing the cost of storing something in a distributed system then they would have the ability to see returns",
        "ts": "1438854495.003770"
    },
    {
        "type": "message",
        "user": "U08DD8LNP",
        "text": "call them fares :wink:",
        "ts": "1438854499.003771"
    },
    {
        "type": "message",
        "user": "U08ERPTQF",
        "text": "how do we connect: the user making the vote -&gt; the author who posted -&gt; the node",
        "ts": "1438854554.003772"
    },
    {
        "type": "message",
        "user": "U08DD8LNP",
        "text": "seems like a job for smart contracts but I don\u2019t know how you would structure it offhand",
        "ts": "1438854577.003773"
    },
    {
        "type": "message",
        "user": "U08ERPTQF",
        "text": "I was thinking payment channels, but <@U07GDL0H5> has challenged my thinking in that regard",
        "ts": "1438854591.003774"
    },
    {
        "type": "message",
        "user": "U08ERPTQF",
        "text": "A lot of small smart contracts",
        "ts": "1438854607.003775"
    },
    {
        "type": "message",
        "user": "U08DD8LNP",
        "text": "breaking it down you need the author to be able to prove they posted a thing and connecte it to an address.  and you need the host to be able to prove they bore the burden of hosting",
        "ts": "1438854612.003776"
    },
    {
        "type": "message",
        "user": "U08DD8LNP",
        "text": "and ideally a way for other transmitting nodes along the path to also stake a claim",
        "ts": "1438854633.003777"
    },
    {
        "type": "message",
        "user": "U08ERPTQF",
        "text": "I see it that the upstream nodes should have staked a claim already, and there is less left for the downstream nodes",
        "ts": "1438854676.003778"
    },
    {
        "type": "message",
        "user": "U08DD8LNP",
        "text": "idk if such a thing is really possible with standard bitcoin script though",
        "ts": "1438854677.003779"
    },
    {
        "type": "message",
        "user": "U08DH3ESU",
        "text": "You can even let the full node and author agree on the split on upvotes; More popular the author lesser the percentage and vice-versa;",
        "ts": "1438854723.003780"
    },
    {
        "type": "message",
        "user": "U08DD8LNP",
        "text": "but on the other hand, if we have enough full bitcoin nodes we can say fuck the standard transactions and possibly do more interesting contracts",
        "ts": "1438854728.003781"
    },
    {
        "type": "message",
        "user": "U08ERPTQF",
        "text": "hehe, or at that point Lightning is mature enough to implement on the full nodes",
        "ts": "1438854765.003782"
    },
    {
        "type": "message",
        "user": "U08DH3ESU",
        "text": "from a personal point, lightning might be too heavy for this, but might offer the best bet to handle things cleanly",
        "ts": "1438854897.003783"
    },
    {
        "type": "message",
        "user": "U08ERPTQF",
        "text": "the other thing I'm trying to work through: given a sufficiently large user base, the odds that any two users will have a vote transaction between them is increasingly small. So if a single vote is only a few bits then there will be a lot of &lt; dust sized transactions that never get committed.",
        "ts": "1438854917.003784"
    },
    {
        "type": "message",
        "user": "U08DD8LNP",
        "text": "<@U08ERPTQF>: yeah this is one of my main worries with going bitcoin for this",
        "ts": "1438854973.003785"
    },
    {
        "type": "message",
        "user": "U08DH3ESU",
        "text": "or the other way could be to do it with a exchange type of system",
        "ts": "1438854992.003786"
    },
    {
        "type": "message",
        "user": "U08DD8LNP",
        "text": "I think dust limits and fees are going to be quite prohibitive to participation at the level we really want",
        "ts": "1438854997.003787"
    },
    {
        "type": "message",
        "user": "U08ERPTQF",
        "text": "there almost needs to be a participant on the network that aggregates the commitments in an escrow manner (again smart contracts)",
        "ts": "1438855000.003788"
    },
    {
        "type": "message",
        "user": "U08DH3ESU",
        "text": "making that aggregation secure in this system would be challenging",
        "ts": "1438855078.003789"
    },
    {
        "type": "message",
        "user": "U08DD8LNP",
        "text": "<https:\/\/www.reddcoin.com\/papers\/PoSV.pdf> is a pretty interesting whitepaper btw",
        "ts": "1438855134.003790"
    },
    {
        "type": "message",
        "user": "U08ERPTQF",
        "text": "cool I'll read that",
        "ts": "1438855176.003791"
    },
    {
        "type": "message",
        "user": "U08ERPTQF",
        "text": "got to head out for a bit... Ciao",
        "ts": "1438855201.003792"
    },
    {
        "type": "message",
        "user": "U08ERPTQF",
        "text": "<@U08DD8LNP>: PoSV does indeed have interesting economic properties that encourage its use (hence velocity) - I'm not yet sure whether this would benefit the Datt model",
        "ts": "1438858568.003793"
    },
    {
        "user": "U08MT2FTL",
        "type": "message",
        "subtype": "channel_join",
        "text": "<@U08MT2FTL|jeff> has joined the channel",
        "ts": "1438861874.003794"
    },
    {
        "type": "message",
        "user": "U08EZP01H",
        "text": "Morning all. Saw a commit removing 'browser based' for the initial MVP. Wording change or scrap the browser part for now?",
        "ts": "1438876537.003795"
    },
    {
        "type": "message",
        "user": "U08EZP01H",
        "text": "Assuming it's just a semantics change.",
        "ts": "1438876797.003796"
    },
    {
        "type": "message",
        "user": "U08DH3ESU",
        "text": "It is a semantics change at this moment. The goal is to build a system which will move beyond the browser. So, I removed the word browser",
        "ts": "1438877929.003797"
    },
    {
        "type": "message",
        "user": "U08DH3ESU",
        "text": "the first step will most probably be the browser setup but we need to get the mobile platforms either natively or thru' react native or something to that effect",
        "edited": {
            "user": "U08DH3ESU",
            "ts": "1438877995.000000"
        },
        "ts": "1438877965.003798"
    },
    {
        "type": "message",
        "user": "U08EZP01H",
        "text": "<@U08DH3ESU>: Sounds great. ty",
        "ts": "1438878384.003800"
    },
    {
        "type": "message",
        "user": "U08ERPTQF",
        "text": "<@U08DH3ESU>:  I think the words browser based are still important for people coming to understand our project. Otherwise people (@jeff included) might think we are building native apps to start with",
        "ts": "1438892847.003801"
    },
    {
        "type": "message",
        "user": "U07GDL0H5",
        "text": "i think adding \"browser based\" is good for tech savvy people. if the statement is intended to appeal to them, then \"browser based\" is explanatory. to people who aren't tech savvy, i'm not sure they need to care it's \"browser based\". i'm fine with either being in the docs.",
        "ts": "1438892962.003802"
    },
    {
        "type": "message",
        "user": "U08CZDYB1",
        "text": "i think \u201cbrowser based\u201d thinking is holding you guys back. stick an HTTP API in front of anything and it\u2019ll work in a browser. restricting yourselves to the tools that are available in a browser that was mostly built for centralized apps might not be the best",
        "ts": "1438893149.003803"
    },
    {
        "type": "message",
        "user": "U08DDG1SB",
        "text": "Building a great browser-based app is going to be a slog. We ended up just going with Electron wrapping our Python code.",
        "ts": "1438893918.003804"
    },
    {
        "type": "message",
        "user": "U08DDG1SB",
        "text": "This allows us to build web based code but have a standalone app",
        "ts": "1438893933.003805"
    },
    {
        "type": "message",
        "user": "U08DDG1SB",
        "text": "It sounded like you guys were against a download app though",
        "ts": "1438893944.003806"
    },
    {
        "type": "message",
        "user": "U08ERPTQF",
        "text": "Goal is to not require downloads, that's why so much work is focused on the full nodes",
        "ts": "1438894423.003807",
        "reactions": [
            {
                "name": "+1",
                "users": [
                    "U08CZDYB1"
                ],
                "count": 1
            }
        ]
    },
    {
        "type": "message",
        "user": "U08ERPTQF",
        "text": "Of course other clients will be built with even more difficult features, so some users will opt to install a client",
        "edited": {
            "user": "U08ERPTQF",
            "ts": "1438894839.000000"
        },
        "ts": "1438894799.003808"
    },
    {
        "type": "message",
        "user": "U08DD8LNP",
        "text": "<@U08CZDYB1>: the browser based focus is IMO one of our core differentiators from something like aether.  If we want a wide userbase we want as little friction as possible, and additionally that wide userbase should all be contributing to the health of the network if possible",
        "ts": "1438894897.003810"
    },
    {
        "type": "message",
        "user": "U08DD8LNP",
        "text": "we have web sockets and webrtc and those should be enough in theory to do what we want.  I have many years experience in building very complex browser apps.  If the p2p networking can be done within the restrictions of browsers then we can totally do this.",
        "ts": "1438894999.003811"
    },
    {
        "type": "message",
        "user": "U08DD8LNP",
        "text": "JS has become a pretty decent platform out of necessity, and frameworks like ember exist to bring more native-app style development models to long running browser apps",
        "ts": "1438895089.003812"
    },
    {
        "type": "message",
        "user": "U08CZDYB1",
        "text": "browser-based is a differentiator, but my hunch is that it will be a negative one. browser-accessible is a good requirement. browser-based might not be, but who knows",
        "ts": "1438895380.003813"
    },
    {
        "type": "message",
        "user": "U08DD8LNP",
        "text": "it\u2019s not our intention to limit clients to the browser, just at a minimum we want a browser to be as full a network participant as possible",
        "ts": "1438895602.003814"
    },
    {
        "type": "message",
        "user": "U08DD8LNP",
        "text": "so maybe browser based is bad wording.  browser accessible p2p networking maybe?",
        "ts": "1438895621.003815"
    },
    {
        "type": "message",
        "user": "U08CZDYB1",
        "text": "why is having browsers be full network participants a useful requirement?",
        "ts": "1438895966.003816"
    },
    {
        "type": "message",
        "user": "U08E5P0BZ",
        "text": "low barrier to entry.",
        "ts": "1438896115.003817"
    },
    {
        "type": "message",
        "user": "U08C464NS",
        "text": "casual users can get involved",
        "ts": "1438896209.003818"
    },
    {
        "type": "message",
        "user": "U08CZDYB1",
        "text": "browser-accessible meets those criteria",
        "ts": "1438896274.003819"
    },
    {
        "type": "message",
        "user": "U08CZDYB1",
        "text": "this may all be a huge distraction, but it seems like an overly strict restriction to me that\u2019s going to require you guys to write tons of new code",
        "ts": "1438896313.003820"
    },
    {
        "type": "message",
        "user": "U08CZDYB1",
        "text": "which could succeed! but writing new code is hard",
        "ts": "1438896323.003821"
    },
    {
        "type": "message",
        "user": "U07GDL0H5",
        "text": "if it's in javascript, 90% of the code is the same between browser and server :simple_smile:",
        "ts": "1438896926.003822"
    },
    {
        "type": "message",
        "user": "U08CZDYB1",
        "text": "my point is that there\u2019s lots of infrastructure for building decentralized apps out there (ethereum, IPFS, whisper, maidsafe, etc), and all those things are browser-accessible but not browser-based, so they\u2019re being ignored",
        "ts": "1438897580.003823"
    },
    {
        "type": "message",
        "user": "U08CZDYB1",
        "text": "time will be spent reimplementing what they do, and the reimplementations probably won\u2019t be as good",
        "ts": "1438897605.003824"
    },
    {
        "type": "message",
        "user": "U08CZDYB1",
        "text": "that, to me, is a shame",
        "ts": "1438897610.003825"
    },
    {
        "type": "message",
        "user": "U08D641AP",
        "text": "I've got Maki's messaging framework compiling with browserify :simple_smile:",
        "ts": "1438898495.003826",
        "reactions": [
            {
                "name": "+1",
                "users": [
                    "U08ERPTQF",
                    "U08F438SK"
                ],
                "count": 2
            }
        ]
    },
    {
        "type": "message",
        "user": "U08D641AP",
        "text": "the browser now receives all modifications to share state with the server via WebRTC",
        "ts": "1438898524.003827"
    },
    {
        "type": "message",
        "user": "U08D641AP",
        "text": "s\/share\/shared",
        "ts": "1438898531.003828"
    },
    {
        "type": "message",
        "user": "U07GDL0H5",
        "text": "hey <@U08DD8LNP> , reading through the ember source code, is this based on ES 2015? i see \"imports\" and what not, and \"ember-babel\" ... that would make me happy if so :simple_smile:",
        "ts": "1438907617.003829"
    },
    {
        "type": "message",
        "user": "U08DD8LNP",
        "text": "yes it supports developing in es2015 syntax and will transpile",
        "ts": "1438907662.003830"
    },
    {
        "type": "message",
        "user": "U07GDL0H5",
        "text": "e.g., this code in app.js:\nimport Ember from 'ember';\n  2 import Resolver from 'ember\/resolver';\n  3 import loadInitializers from 'ember\/load-initializers';\n  4 import config from '.\/config\/environment';",
        "ts": "1438907665.003831"
    },
    {
        "type": "message",
        "user": "U07GDL0H5",
        "text": "nice!",
        "ts": "1438907667.003832"
    },
    {
        "type": "message",
        "user": "U08DD8LNP",
        "text": "yeah in general the ember community tries to support where things are going not just where they are",
        "ts": "1438907714.003833"
    },
    {
        "type": "message",
        "user": "U07GDL0H5",
        "text": "awesome",
        "ts": "1438907719.003834"
    },
    {
        "type": "message",
        "user": "U08DD8LNP",
        "text": "promises have been integral to ember for like 2 years now since before they were adopted as standard",
        "ts": "1438907740.003835",
        "reactions": [
            {
                "name": "simple_smile",
                "users": [
                    "U07GDL0H5"
                ],
                "count": 1
            },
            {
                "name": "+1",
                "users": [
                    "U08ERPTQF"
                ],
                "count": 1
            }
        ]
    },
    {
        "type": "message",
        "user": "U08DD8LNP",
        "text": "I expect they will be doing more of that sort of thing in 2.0 as ember-cli is moving from an optional thing to a core aspect of the framework",
        "ts": "1438907838.003836"
    },
    {
        "type": "message",
        "user": "U08DD8LNP",
        "text": "you can easily get SASS\/LESS compilation going as well",
        "ts": "1438907848.003837"
    },
    {
        "type": "message",
        "user": "U07GDL0H5",
        "text": "i have a WIP PR to pull in the UI into the server: <https:\/\/github.com\/dattnetwork\/datt\/pull\/13>",
        "attachments": [
            {
                "service_name": "GitHub",
                "title": "WIP: Merge UI into server while maintaining commit history by ryanxcharles \u00b7 Pull Request #13 \u00b7 dattnetwork\/datt \u00b7 GitHub",
                "title_link": "https:\/\/github.com\/dattnetwork\/datt\/pull\/13",
                "text": "I've merged the datt.ui repo into the main datt repo. Some notes: Most files were distinct and the only files that needed manual merging were .gitignore, README.md, and package.json. I've made al...",
                "fallback": "GitHub: WIP: Merge UI into server while maintaining commit history by ryanxcharles \u00b7 Pull Request #13 \u00b7 dattnetwork\/datt",
                "thumb_url": "https:\/\/avatars3.githubusercontent.com\/u\/63740?v=3&s=400",
                "from_url": "https:\/\/github.com\/dattnetwork\/datt\/pull\/13",
                "thumb_width": 266,
                "thumb_height": 266,
                "id": 1
            }
        ],
        "ts": "1438920416.003838"
    },
    {
        "type": "message",
        "user": "U07GDL0H5",
        "text": "it took a while to make this work and only works in io.js 1.xx (since that's what ember supports)",
        "ts": "1438920431.003840"
    },
    {
        "type": "message",
        "user": "U07GDL0H5",
        "text": "the intent being that there is a main \"app\" that runs both in the server and in the client that connects to the datt p2p network and handles the database ... that is the \"app\" that i had started working on ... and that can be built directly into the client",
        "ts": "1438920498.003841"
    },
    {
        "type": "message",
        "user": "U07GDL0H5",
        "text": "would appreciate input on this. there are other approaches as well, such as keeping client\/server separate. i'm (obviously) in favor of unifying them because i think it will make development easier.",
        "ts": "1438920539.003842"
    },
    {
        "type": "message",
        "user": "U08DD8LNP",
        "text": "I am very much in favor of keeping the repos separate",
        "ts": "1438922443.003843"
    },
    {
        "type": "message",
        "user": "U08DD8LNP",
        "text": "and pulling in the server as a dependency if you want to make things easier",
        "ts": "1438922454.003844"
    },
    {
        "type": "message",
        "user": "U08DD8LNP",
        "text": "generally most in the ember community have solidified on the idea that the UI app should be a separate repo from whatever API is powering it",
        "ts": "1438922669.003845"
    },
    {
        "type": "message",
        "user": "U08DD8LNP",
        "text": "you can set up some server integrations with ember-cli though but I\u2019m having trouble finding good docs for that.  The other easy approach is you can start with ember server \u2014proxy <http:\/\/yourserver>",
        "ts": "1438922709.003846"
    },
    {
        "type": "message",
        "user": "U08DD8LNP",
        "text": "and it will proxy any ajax requests through to that",
        "ts": "1438922719.003847"
    },
    {
        "type": "message",
        "user": "U08DD8LNP",
        "text": "IMO that main \u201capp\u201d that runs both places and connects to the network and handles the database should be a totally separated library",
        "ts": "1438922802.003848"
    },
    {
        "type": "message",
        "user": "U08DD8LNP",
        "text": "pulled in via NPM for the server and via bower for the client.",
        "ts": "1438922832.003849"
    },
    {
        "type": "message",
        "user": "U08DD8LNP",
        "text": "The intent is that if you download this repo on npm, you have the \n\"full\" app, which you can run a full datt node, as well as the UI. You \ncan also run just the client right now with \"ember server\u201d. \u2014 we should be able to achieve that with these things split up as modules",
        "ts": "1438922897.003850"
    },
    {
        "type": "message",
        "user": "U07GDL0H5",
        "text": "ok, i'm fine with that ... we can keep them separate",
        "ts": "1438923971.003851"
    },
    {
        "type": "message",
        "user": "U08DD8LNP",
        "text": "<https:\/\/www.youtube.com\/watch?v=QJ9r4gM20ME>",
        "attachments": [
            {
                "service_name": "YouTube",
                "service_url": "https:\/\/www.youtube.com\/",
                "title": "The Offspring - Come out and Play (official music video)",
                "title_link": "https:\/\/www.youtube.com\/watch?v=QJ9r4gM20ME",
                "author_name": "sannimrod",
                "author_link": "https:\/\/www.youtube.com\/user\/sannimrod",
                "thumb_url": "https:\/\/i.ytimg.com\/vi\/QJ9r4gM20ME\/hqdefault.jpg",
                "thumb_width": 480,
                "thumb_height": 360,
                "fallback": "YouTube Video: The Offspring - Come out and Play (official music video)",
                "video_html": "<iframe width=\"400\" height=\"300\" src=\"https:\/\/www.youtube.com\/embed\/QJ9r4gM20ME?feature=oembed\" frameborder=\"0\" allowfullscreen><\/iframe>",
                "video_html_width": 400,
                "video_html_height": 300,
                "from_url": "https:\/\/www.youtube.com\/watch?v=QJ9r4gM20ME",
                "id": 1
            }
        ],
        "ts": "1438924363.003852"
    },
    {
        "type": "message",
        "user": "U08DD8LNP",
        "text": "<http:\/\/discuss.emberjs.com\/t\/new-app-w-rails-same-repo-or-separate\/5744> It will make even more sense if someone starts trying to do a more performant version of the backend in go or something",
        "attachments": [
            {
                "service_name": "Ember.JS",
                "title": "New app w\/ Rails. Same repo or separate?",
                "title_link": "http:\/\/discuss.emberjs.com\/t\/new-app-w-rails-same-repo-or-separate\/5744",
                "text": "First, hello. Am new here. Second, I tried to look around before I asked a potentially stupid question, but I haven' found anything clear. I'm looking to build an Ember.JS app with a Rails API back-end. Should I treat these as two separate apps or combine them into one codebase\/repo? I've found at least one gem that helps with this but seem to run into less than definitive references here and there that it may not be the thing to do. I'm hoping the community can help me out. Thanks, N8 ...",
                "fallback": "Ember.JS: New app w\/ Rails. Same repo or separate?",
                "from_url": "http:\/\/discuss.emberjs.com\/t\/new-app-w-rails-same-repo-or-separate\/5744",
                "id": 1
            }
        ],
        "ts": "1438924382.003854"
    },
    {
        "type": "message",
        "user": "U08DD8LNP",
        "text": "also ember and ember-cli are pretty opinionated, they are gonna dictate the project structure of the UI for the most part and trying to fight it is a losing battle.  There are conventions for integrating some server stuff for dev, but I can\u2019t find good docs for it, I can code up a simple example though that will let you define express handlers in the same instance that serves the UI in development",
        "ts": "1438924479.003856"
    },
    {
        "type": "message",
        "user": "U08DD8LNP",
        "text": "I haven\u2019t looked into their build process but whatever snoocore is doing works out really well in my experience: <https:\/\/github.com\/trevorsenior\/snoocore>  I\u2019ve used that app from both node via NPM and ember via bower works great",
        "attachments": [
            {
                "service_name": "GitHub",
                "title": "trevorsenior\/snoocore",
                "title_link": "https:\/\/github.com\/trevorsenior\/snoocore",
                "text": "snoocore - A minimal and complete JavaScript driver for the reddit API.",
                "fallback": "GitHub: trevorsenior\/snoocore",
                "thumb_url": "https:\/\/avatars3.githubusercontent.com\/u\/1592403?v=3&s=400",
                "from_url": "https:\/\/github.com\/trevorsenior\/snoocore",
                "thumb_width": 400,
                "thumb_height": 400,
                "id": 1
            }
        ],
        "ts": "1438924669.003857"
    },
    {
        "type": "message",
        "user": "U08DD8LNP",
        "text": "The other advantage of this approach is it makes it easier for people to explore alternative UIs in angular or react etc...",
        "ts": "1438924724.003859",
        "reactions": [
            {
                "name": "+1",
                "users": [
                    "U08ERPTQF",
                    "U08D641AP",
                    "U07GDL0H5"
                ],
                "count": 3
            }
        ]
    }
]