[
    {
        "type": "message",
        "user": "U08F31MGX",
        "text": "Damn! The cool shit always happens in the Bay Area <https:\/\/dattnetwork.slack.com\/archives\/general\/p1442449675000097>",
        "attachments": [
            {
                "color": "4D394B",
                "from_url": "https:\/\/dattnetwork.slack.com\/archives\/general\/p1442449675000097",
                "fallback": "[September 16th, 2015 5:27 PM] ryanxcharles: heading to the \"open source governance\" event tonight for anybody in the bay area: <http:\/\/www.meetup.com\/Decentralized-Autonomous-Society-Meetup-Palo-Alto\/events\/225232812\/>",
                "author_subname": "ryanxcharles",
                "ts": 1442449675,
                "text": "heading to the \"open source governance\" event tonight for anybody in the bay area: <http:\/\/www.meetup.com\/Decentralized-Autonomous-Society-Meetup-Palo-Alto\/events\/225232812\/>",
                "author_link": "https:\/\/dattnetwork.slack.com\/team\/ryanxcharles",
                "author_icon": "https:\/\/secure.gravatar.com\/avatar\/17e6619ba42a009b25f1883641e64e1c.jpg?s=48&d=https%3A%2F%2Fslack.global.ssl.fastly.net%2F3654%2Fimg%2Favatars%2Fava_0021-48.png",
                "mrkdwn_in": [
                    "text"
                ],
                "id": 1
            }
        ],
        "ts": "1443033939.000151"
    },
    {
        "type": "message",
        "user": "U08D641AP",
        "text": "that's why you need to be here, <@U08F31MGX> :wink:",
        "ts": "1443034047.000153"
    },
    {
        "type": "message",
        "user": "U08F31MGX",
        "text": "Maybe in the future I can get Apple to relo me out there",
        "ts": "1443034063.000154"
    },
    {
        "type": "message",
        "user": "U08F31MGX",
        "text": "Biggest issue was getting the wife on board",
        "ts": "1443034078.000155"
    },
    {
        "type": "message",
        "user": "U08F31MGX",
        "text": "I had some crazy amazing offers, but the land prices out there are so astronomical they actually weren't.",
        "ts": "1443034115.000156"
    },
    {
        "user": "U0B7U9TNH",
        "type": "message",
        "subtype": "channel_join",
        "text": "<@U0B7U9TNH|ivanling> has joined the channel",
        "ts": "1443069608.000157"
    }
]