[
    {
        "type": "message",
        "user": "U08ERPTQF",
        "text": "Given that most (all) of Datt's revenue is going to be public on the blockchain, we may consider a bare metrics dashboard for Datt Inc &amp; the whole Datt marketplace.\nExample: <http:\/\/blog.ghost.org\/april-2015-update\/>",
        "attachments": [
            {
                "service_name": "Ghost",
                "title": "Ghost Public Revenue Dashboard",
                "title_link": "http:\/\/blog.ghost.org\/april-2015-update\/",
                "text": "It's April 2015, our annual run rate is $411,000 - and today we're announcing the Ghost public revenue dashboard, proudly powered by Baremetrics.",
                "fallback": "Ghost: Ghost Public Revenue Dashboard",
                "image_url": "http:\/\/blog.ghost.org\/content\/images\/2015\/04\/ghost-april-update.jpg",
                "ts": 1428405039,
                "from_url": "http:\/\/blog.ghost.org\/april-2015-update\/",
                "image_width": 444,
                "image_height": 250,
                "image_bytes": 100945,
                "id": 1
            }
        ],
        "edited": {
            "user": "U08ERPTQF",
            "ts": "1440657824.000000"
        },
        "ts": "1440657780.000002"
    }
]