[
    {
        "type": "message",
        "user": "U08F08BD1",
        "text": "i saw the offspring on that tour. met the guys outside afterwards, was pretty badass.",
        "ts": "1438950986.003860"
    },
    {
        "user": "U08PP2QQJ",
        "type": "message",
        "subtype": "channel_join",
        "text": "<@U08PP2QQJ|aweissman> has joined the channel",
        "ts": "1438955696.003861"
    },
    {
        "type": "message",
        "user": "U08F31MGX",
        "text": "It sure is hard to keep up with the backscroll in here <https:\/\/dattnetwork.slack.com\/archives\/general\/p1438558423003270>",
        "attachments": [
            {
                "color": "4D394B",
                "from_url": "https:\/\/dattnetwork.slack.com\/archives\/general\/p1438558423003270",
                "fallback": "[August 2nd, 2015 4:33 PM] ryanxcharles: just exported and counted the total # of slack messages. 3816.",
                "author_subname": "ryanxcharles",
                "ts": 1438558423,
                "text": "just exported and counted the total # of slack messages. 3816.",
                "author_link": "https:\/\/dattnetwork.slack.com\/team\/ryanxcharles",
                "author_icon": "https:\/\/secure.gravatar.com\/avatar\/17e6619ba42a009b25f1883641e64e1c.jpg?s=48&d=https%3A%2F%2Fslack.global.ssl.fastly.net%2F3654%2Fimg%2Favatars%2Fava_0021-48.png",
                "mrkdwn_in": [
                    "text"
                ],
                "id": 1
            }
        ],
        "edited": {
            "user": "U08F31MGX",
            "ts": "1438957588.000000"
        },
        "ts": "1438957576.003862"
    }
]