[
    {
        "type": "message",
        "user": "U08EZP01H",
        "text": "<@U08DD8LNP>: I think I should make a graphic showing exactly that: our moderation model. It's quite a hot topic and I can reuse those assets for presentations &amp; marketing.",
        "ts": "1440096637.000401",
        "reactions": [
            {
                "name": "+1",
                "users": [
                    "U08DD8LNP",
                    "U08DH3ESU"
                ],
                "count": 2
            }
        ]
    },
    {
        "type": "message",
        "user": "U08ERPTQF",
        "text": "great thinking <@U08EZP01H> - try to capture the essence of 'any user can curate content' and 'communities around a topic can fork or self heal by excluding a bad mod'",
        "ts": "1440099616.000402",
        "reactions": [
            {
                "name": "+1",
                "users": [
                    "U08EZP01H"
                ],
                "count": 1
            }
        ]
    },
    {
        "type": "message",
        "user": "U08EZP01H",
        "text": "good thoughts. ill keep that in mind",
        "ts": "1440099929.000403"
    },
    {
        "type": "message",
        "user": "U08DD8LNP",
        "text": "<@U08EZP01H>: yeah a diagram would probably be helpful, I tried to demonstrate the concept in the UX mockup playground",
        "ts": "1440119564.000404"
    },
    {
        "type": "message",
        "user": "U08DD8LNP",
        "text": "<http:\/\/dattnetwork.github.io\/> I show the listings that make up a collective in the sidebar",
        "ts": "1440119584.000405"
    }
]