[
    {
        "user": "U08PP2QQJ",
        "type": "message",
        "subtype": "channel_join",
        "text": "<@U08PP2QQJ|aweissman> has joined the channel",
        "ts": "1438955696.000174"
    },
    {
        "type": "message",
        "user": "U08F2RTCN",
        "text": "I\u2019m attending a Meetup with Entropi <http:\/\/meetu.ps\/2LdRQq>",
        "attachments": [
            {
                "service_name": "Meetup",
                "title": "Entropi",
                "title_link": "http:\/\/meetu.ps\/2LdRQq",
                "text": "Co-working and project update for Ryan X Charles' decentralized Reddit project (<http:\/\/github.com\/dattnetwork|github.com\/dattnetwork>) following the DATT hackathon in SF.",
                "fallback": "Meetup: Entropi",
                "thumb_url": "http:\/\/img1.meetupstatic.com\/img\/004881038276245959070\/new_logo_big.png",
                "from_url": "http:\/\/meetu.ps\/2LdRQq",
                "thumb_width": 567,
                "thumb_height": 392,
                "id": 1
            }
        ],
        "ts": "1438971854.000175"
    },
    {
        "type": "message",
        "user": "U08F2RTCN",
        "text": "<@U08BY8MGV> here is the meetup link",
        "ts": "1438971918.000177"
    },
    {
        "type": "message",
        "user": "U08F31MGX",
        "text": "So true: <http:\/\/thenextweb.com\/insider\/2015\/03\/24\/slack-is-quietly-unintentionally-killing-irc\/>",
        "attachments": [
            {
                "service_name": "The Next Web",
                "title": "Slack Is Quietly, Unintentionally Killing IRC",
                "title_link": "http:\/\/thenextweb.com\/insider\/2015\/03\/24\/slack-is-quietly-unintentionally-killing-irc\/",
                "text": "Slack, the messaging tool for business that's changing the way people talk at work, is gaining traction\u00a0in areas that even the company itself didn't antici",
                "fallback": "The Next Web: Slack Is Quietly, Unintentionally Killing IRC",
                "image_url": "http:\/\/cdn1.tnwcdn.com\/wp-content\/blogs.dir\/1\/files\/2015\/03\/1-ryU77MsLt5tnp3ow8kqELA.png",
                "ts": 1427226836,
                "from_url": "http:\/\/thenextweb.com\/insider\/2015\/03\/24\/slack-is-quietly-unintentionally-killing-irc\/",
                "image_width": 700,
                "image_height": 250,
                "image_bytes": 129934,
                "id": 1
            }
        ],
        "ts": "1438974107.000178"
    },
    {
        "type": "message",
        "user": "U08ERPTQF",
        "text": "Some interesting comment threads in this HN post about the internet &amp; online communities: <https:\/\/news.ycombinator.com\/item?id=10023727>",
        "ts": "1438977956.000180"
    },
    {
        "type": "message",
        "user": "U08F438SK",
        "text": "<@U08F2RTCN>  :+1: looking forward to Saturday :-P",
        "ts": "1438980878.000181"
    },
    {
        "type": "message",
        "user": "U08FFU90F",
        "text": "<https:\/\/www.youtube.com\/watch?v=TtUJxlFA_Hs>",
        "attachments": [
            {
                "service_name": "YouTube",
                "service_url": "https:\/\/www.youtube.com\/",
                "title": "Insecure Guy Almost Invents Bitcoin",
                "title_link": "https:\/\/www.youtube.com\/watch?v=TtUJxlFA_Hs",
                "author_name": "ZapChain",
                "author_link": "https:\/\/www.youtube.com\/user\/zapchain",
                "thumb_url": "https:\/\/i.ytimg.com\/vi\/TtUJxlFA_Hs\/hqdefault.jpg",
                "thumb_width": 480,
                "thumb_height": 360,
                "fallback": "YouTube Video: Insecure Guy Almost Invents Bitcoin",
                "video_html": "<iframe width=\"400\" height=\"225\" src=\"https:\/\/www.youtube.com\/embed\/TtUJxlFA_Hs?feature=oembed\" frameborder=\"0\" allowfullscreen><\/iframe>",
                "video_html_width": 400,
                "video_html_height": 225,
                "from_url": "https:\/\/www.youtube.com\/watch?v=TtUJxlFA_Hs",
                "id": 1
            }
        ],
        "ts": "1438981292.000182"
    }
]