[
    {
        "user": "U0DA8DQDQ",
        "type": "message",
        "subtype": "channel_join",
        "text": "<@U0DA8DQDQ|bierlingm> has joined the channel",
        "ts": "1445978235.000047"
    },
    {
        "user": "U0DAN7U0Y",
        "type": "message",
        "subtype": "channel_join",
        "text": "<@U0DAN7U0Y|chejazi> has joined the channel",
        "ts": "1445993833.000048"
    },
    {
        "user": "U0DAUNVU1",
        "type": "message",
        "subtype": "channel_join",
        "text": "<@U0DAUNVU1|johnclema> has joined the channel",
        "ts": "1445999542.000049"
    },
    {
        "user": "U0DAUKFHN",
        "type": "message",
        "subtype": "channel_join",
        "text": "<@U0DAUKFHN|andrea> has joined the channel",
        "ts": "1446001894.000050"
    }
]