[
    {
        "id": "C08DL4EKV",
        "name": "august-hackathons-sf-",
        "created": "1438314758",
        "creator": "U08BU3AA2",
        "is_archived": false,
        "is_general": false,
        "members": [
            "U07GDL0H5",
            "U08BU3AA2",
            "U08CBD41G",
            "U08CG8V89",
            "U08D641AP",
            "U08DH3ESU",
            "U08E18GD6",
            "U08F1FZE2",
            "U08F30KA8",
            "U08FSH97D",
            "U08FWU9ST",
            "U08G10908",
            "U08K9N7PU",
            "U08MAKT70",
            "U08R1E07Q",
            "U08T3P50D",
            "U095A29EK",
            "U0971JB4N"
        ],
        "topic": {
            "value": "",
            "creator": "",
            "last_set": "0"
        },
        "purpose": {
            "value": "",
            "creator": "",
            "last_set": "0"
        }
    },
    {
        "id": "C08F62HEY",
        "name": "business",
        "created": "1438412083",
        "creator": "U07GDL0H5",
        "is_archived": false,
        "is_general": false,
        "members": [
            "U07GDL0H5",
            "U08BY8MGV",
            "U08C22VNW",
            "U08C464NS",
            "U08C9ML1Y",
            "U08CBD41G",
            "U08CCGGG1",
            "U08CFV27P",
            "U08CG8V89",
            "U08D641AP",
            "U08DD8LNP",
            "U08DDGSNQ",
            "U08DGB0F2",
            "U08DH3ESU",
            "U08ERPTQF",
            "U08EZP01H",
            "U08F2RTCN",
            "U08F384H3",
            "U08F438SK",
            "U08FELGRX",
            "U08FSH97D",
            "U08FVLJR4",
            "U08FW063C",
            "U08FWU9ST",
            "U08G10908",
            "U08G8DW66",
            "U08K9N7PU",
            "U08MAKT70",
            "U08R1E07Q",
            "U08R6QWP3",
            "U08SX8YP5",
            "U08T3P50D",
            "U08THCD7S",
            "U094X6WUT",
            "U095A29EK",
            "U0971JB4N",
            "U09HNULS1",
            "U09V2FAR4"
        ],
        "pins": [
            {
                "id": "1438468954.000051",
                "type": "C",
                "user": "U07GDL0H5",
                "owner": "U08ERPTQF",
                "created": "1438468986"
            },
            {
                "id": "1438470061.000057",
                "type": "C",
                "user": "U07GDL0H5",
                "owner": "U08BY8MGV",
                "created": "1438472573"
            },
            {
                "id": "1438473696.000065",
                "type": "C",
                "user": "U08FELGRX",
                "owner": "U07GDL0H5",
                "created": "1438473721"
            },
            {
                "id": "1438732311.000179",
                "type": "C",
                "user": "U08F2RTCN",
                "owner": "U08BY8MGV",
                "created": "1438732647"
            },
            {
                "id": "1438732331.000180",
                "type": "C",
                "user": "U08F2RTCN",
                "owner": "U08BY8MGV",
                "created": "1438732635"
            },
            {
                "id": "F08FX5DKQ",
                "type": "F",
                "user": "U08F2RTCN",
                "owner": "U08ERPTQF",
                "created": "1438544956"
            }
        ],
        "topic": {
            "value": "",
            "creator": "",
            "last_set": "0"
        },
        "purpose": {
            "value": "Discuss possible business plans.",
            "creator": "U07GDL0H5",
            "last_set": "1438412084"
        }
    },
    {
        "id": "C08HRSD6U",
        "name": "community",
        "created": "1438655651",
        "creator": "U07GDL0H5",
        "is_archived": false,
        "is_general": false,
        "members": [
            "U07GDL0H5",
            "U08BY8MGV",
            "U08C22VNW",
            "U08C464NS",
            "U08CBD41G",
            "U08CCGGG1",
            "U08CFV27P",
            "U08CG8V89",
            "U08D7E99Q",
            "U08DD8LNP",
            "U08DH3ESU",
            "U08E2KZM4",
            "U08ELNFTP",
            "U08ERPTQF",
            "U08EZP01H",
            "U08F31MGX",
            "U08F438SK",
            "U08FELZL7",
            "U08G10908",
            "U08K9N7PU",
            "U08MAKT70",
            "U08MEV56D",
            "U08R1E07Q",
            "U08R6QWP3",
            "U08T3P50D",
            "U094X6WUT",
            "U095A29EK",
            "U0971JB4N",
            "U09HNULS1",
            "U09V2FAR4"
        ],
        "pins": [
            {
                "id": "1439357358.000199",
                "type": "C",
                "user": "U08DH3ESU",
                "owner": "U08ERPTQF",
                "created": "1439361694"
            }
        ],
        "topic": {
            "value": "",
            "creator": "",
            "last_set": "0"
        },
        "purpose": {
            "value": "",
            "creator": "",
            "last_set": "0"
        }
    },
    {
        "id": "C08F8UMGB",
        "name": "design",
        "created": "1438429883",
        "creator": "U08ERPTQF",
        "is_archived": false,
        "is_general": false,
        "members": [
            "U07GDL0H5",
            "U08BY8MGV",
            "U08C464NS",
            "U08CBD41G",
            "U08CCGGG1",
            "U08CG8V89",
            "U08D641AP",
            "U08DD8LNP",
            "U08DDGSNQ",
            "U08DH3ESU",
            "U08ERPTQF",
            "U08EZP01H",
            "U08F2RTCN",
            "U08F384H3",
            "U08F438SK",
            "U08FELGRX",
            "U08FJ080J",
            "U08FSH97D",
            "U08FWU9ST",
            "U08G10908",
            "U08K9N7PU",
            "U08MAKT70",
            "U08MEV56D",
            "U08R1E07Q",
            "U08T3P50D",
            "U094X6WUT",
            "U095A29EK",
            "U0971JB4N",
            "U09HNULS1",
            "U0A0JPGMV",
            "U0B4N7P7G"
        ],
        "pins": [
            {
                "id": "1438455195.000027",
                "type": "C",
                "user": "U08C464NS",
                "owner": "U08C464NS",
                "created": "1438455200"
            },
            {
                "id": "1439335167.000655",
                "type": "C",
                "user": "U08C464NS",
                "owner": "U08C464NS",
                "created": "1439335205"
            }
        ],
        "topic": {
            "value": "",
            "creator": "",
            "last_set": "0"
        },
        "purpose": {
            "value": "",
            "creator": "",
            "last_set": "0"
        }
    },
    {
        "id": "C07GDL0Q7",
        "name": "general",
        "created": "1436724170",
        "creator": "U07GDL0H5",
        "is_archived": false,
        "is_general": true,
        "members": [
            "U07GDL0H5",
            "U08BU3AA2",
            "U08BY8MGV",
            "U08BZE91C",
            "U08C09LDT",
            "U08C22VNW",
            "U08C464NS",
            "U08C9E7J5",
            "U08C9ML1Y",
            "U08CBD41G",
            "U08CBRZNX",
            "U08CCGGG1",
            "U08CEUXL6",
            "U08CFV27P",
            "U08CG8V89",
            "U08CHA4AD",
            "U08CJ2S3E",
            "U08CMDZ47",
            "U08CUQSK1",
            "U08CZDYB1",
            "U08CZEJ6A",
            "U08D585U6",
            "U08D641AP",
            "U08D7E99Q",
            "U08DD8LNP",
            "U08DDG1SB",
            "U08DDGSNQ",
            "U08DDK6MC",
            "U08DE11UZ",
            "U08DF82DQ",
            "U08DFAGBW",
            "U08DGB0F2",
            "U08DGPV7D",
            "U08DH3ESU",
            "U08DHD0P2",
            "U08DJ2V40",
            "U08DK3LHG",
            "U08DKC7HV",
            "U08DLFMDH",
            "U08DN0E5S",
            "U08DNS2QJ",
            "U08DRE2UB",
            "U08E18GD6",
            "U08E2KZM4",
            "U08E4A6TW",
            "U08E4BX5W",
            "U08E5P0BZ",
            "U08E6E6AX",
            "U08E6MSBH",
            "U08E7DY5D",
            "U08EB47EV",
            "U08ECJULT",
            "U08EH4YG1",
            "U08EKTS7P",
            "U08ELNFTP",
            "U08ENMAK1",
            "U08ERPTQF",
            "U08EZM3KL",
            "U08EZP01H",
            "U08F08BD1",
            "U08F1FZE2",
            "U08F1RZ7H",
            "U08F2RTCN",
            "U08F306NQ",
            "U08F30KA8",
            "U08F31MGX",
            "U08F35H0V",
            "U08F384H3",
            "U08F3T0VA",
            "U08F438SK",
            "U08F4KJ3U",
            "U08F6SV1S",
            "U08FELGRX",
            "U08FELZL7",
            "U08FFACCU",
            "U08FFU90F",
            "U08FJ080J",
            "U08FLB3C0",
            "U08FMHVJ4",
            "U08FN53TR",
            "U08FSH97D",
            "U08FTT15M",
            "U08FVLJR4",
            "U08FW063C",
            "U08FWU9ST",
            "U08G10908",
            "U08G8DW66",
            "U08GXNESG",
            "U08H2MDMJ",
            "U08H3RPAN",
            "U08HHL5FE",
            "U08HMMCT0",
            "U08HVK9PD",
            "U08JFURT3",
            "U08K9N7PU",
            "U08KP51FU",
            "U08MAKT70",
            "U08MEV56D",
            "U08MT2FTL",
            "U08PP2QQJ",
            "U08R1E07Q",
            "U08R6QWP3",
            "U08R9090A",
            "U08REPG4T",
            "U08RJJ1B8",
            "U08RK4T6Y",
            "U08SX8YP5",
            "U08SZAL6A",
            "U08T3P50D",
            "U08TAS6MN",
            "U08THCD7S",
            "U094X6WUT",
            "U0959MCDB",
            "U095A29EK",
            "U095AAW3X",
            "U095C81RR",
            "U095LH6PL",
            "U0971JB4N",
            "U09G3QHCL",
            "U09HNULS1",
            "U09MNLGAX",
            "U09RYHDME",
            "U09SE617Z",
            "U09UQTE6Q",
            "U09V2FAR4",
            "U09V864NR",
            "U09VD8E7L",
            "U09VDLJ4A",
            "U09VDPQAU",
            "U0A05M5E3",
            "U0A0DMZHB",
            "U0A0G2N2Y",
            "U0A0JPGMV",
            "U0A2DMSSF",
            "U0A2ZC6VB",
            "U0A4S79H6",
            "U0A4S9SRJ",
            "U0A5YC15X",
            "U0A7514R1",
            "U0AAQKE12",
            "U0AAVL6DD",
            "U0AB640UA",
            "U0AC0SMNK",
            "U0AD2HMLZ",
            "U0ALSQB43",
            "U0AQK0D9A",
            "U0AV4U333",
            "U0B31CAF5",
            "U0B4N7P7G",
            "U0B7U9TNH",
            "U0BAAG4H2",
            "U0BKFML4T",
            "U0BKHMSJ0",
            "U0BRYST8Q"
        ],
        "pins": [
            {
                "id": "1438300669.000221",
                "type": "C",
                "user": "U07GDL0H5",
                "owner": "U08DD8LNP",
                "created": "1438300678"
            },
            {
                "id": "1438300912.000243",
                "type": "C",
                "user": "U07GDL0H5",
                "owner": "U08DD8LNP",
                "created": "1438300943"
            },
            {
                "id": "1438302087.000356",
                "type": "C",
                "user": "U07GDL0H5",
                "owner": "U08D641AP",
                "created": "1438311467"
            },
            {
                "id": "1438302576.000388",
                "type": "C",
                "user": "U08C9ML1Y",
                "owner": "U08DD8LNP",
                "created": "1438302631"
            },
            {
                "id": "1438302598.000391",
                "type": "C",
                "user": "U08C9ML1Y",
                "owner": "U08CG8V89",
                "created": "1438302618"
            },
            {
                "id": "1438302918.000407",
                "type": "C",
                "user": "U07GDL0H5",
                "owner": "U08DD8LNP",
                "created": "1438311512"
            },
            {
                "id": "1438304768.000491",
                "type": "C",
                "user": "U07GDL0H5",
                "owner": "U08DD8LNP",
                "created": "1438311617"
            },
            {
                "id": "1438325706.000732",
                "type": "C",
                "user": "U08DD8LNP",
                "owner": "U08DD8LNP",
                "created": "1438328062"
            },
            {
                "id": "1438374655.001106",
                "type": "C",
                "user": "U08DD8LNP",
                "owner": "U08ERPTQF",
                "created": "1438375083"
            },
            {
                "id": "1438381884.001272",
                "type": "C",
                "user": "U07GDL0H5",
                "owner": "U08C22VNW",
                "created": "1438382071"
            },
            {
                "id": "1438386851.001330",
                "type": "C",
                "user": "U07GDL0H5",
                "owner": "U08DD8LNP",
                "created": "1438387009"
            },
            {
                "id": "1438468098.002532",
                "type": "C",
                "user": "U07GDL0H5",
                "owner": "U08D641AP",
                "created": "1438476520"
            },
            {
                "id": "1438642902.003372",
                "type": "C",
                "user": "U07GDL0H5",
                "owner": "U08H2MDMJ",
                "created": "1438649215"
            },
            {
                "id": "1439345520.004047",
                "type": "C",
                "user": "U07GDL0H5",
                "owner": "U08F438SK",
                "created": "1439349974"
            },
            {
                "id": "1443410181.000169",
                "type": "C",
                "user": "U08DH3ESU",
                "owner": "U07GDL0H5",
                "created": "1443412747"
            },
            {
                "id": "F08D7AEVA",
                "type": "F",
                "user": "U07GDL0H5",
                "owner": "U08C9ML1Y",
                "created": "1438295126"
            },
            {
                "id": "F08D9QQGN",
                "type": "F",
                "user": "U07GDL0H5",
                "owner": "U08CG8V89",
                "created": "1438295135"
            },
            {
                "id": "F08FA8CCX",
                "type": "F",
                "user": "U08C9ML1Y",
                "owner": "U08C9ML1Y",
                "created": "1438437365"
            }
        ],
        "topic": {
            "value": "decentralize all the things",
            "creator": "U07GDL0H5",
            "last_set": "1438291219"
        },
        "purpose": {
            "value": "This channel is for team-wide communication and announcements. All team members are in this channel.",
            "creator": "",
            "last_set": "0"
        }
    },
    {
        "id": "C08KQ3WHL",
        "name": "gophers",
        "created": "1438757185",
        "creator": "U08KP51FU",
        "is_archived": false,
        "is_general": false,
        "members": [
            "U08C22VNW",
            "U08CG8V89",
            "U08KP51FU",
            "U08MAKT70",
            "U08T3P50D",
            "U095A29EK",
            "U0971JB4N"
        ],
        "topic": {
            "value": "",
            "creator": "",
            "last_set": "0"
        },
        "purpose": {
            "value": "",
            "creator": "",
            "last_set": "0"
        }
    },
    {
        "id": "C08HVDJ4S",
        "name": "integrations",
        "created": "1438664134",
        "creator": "U08ERPTQF",
        "is_archived": false,
        "is_general": false,
        "members": [
            "U07GDL0H5",
            "U08C22VNW",
            "U08CBD41G",
            "U08CG8V89",
            "U08DDGSNQ",
            "U08DH3ESU",
            "U08E5P0BZ",
            "U08ERPTQF",
            "U08EZP01H",
            "U08F438SK",
            "U08K9N7PU",
            "U08MAKT70",
            "U08R1E07Q",
            "U08REPG4T",
            "U08T3P50D",
            "U094X6WUT",
            "U0959MCDB",
            "U095A29EK",
            "U0971JB4N",
            "U09V2FAR4"
        ],
        "topic": {
            "value": "",
            "creator": "",
            "last_set": "0"
        },
        "purpose": {
            "value": "ideas how to get content in and out of Datt",
            "creator": "U08ERPTQF",
            "last_set": "1438664135"
        }
    },
    {
        "id": "C09HR1JJW",
        "name": "marketing",
        "created": "1440455574",
        "creator": "U08EZP01H",
        "is_archived": false,
        "is_general": false,
        "members": [
            "U07GDL0H5",
            "U08BY8MGV",
            "U08CBD41G",
            "U08CG8V89",
            "U08DH3ESU",
            "U08ERPTQF",
            "U08EZP01H",
            "U08F2RTCN",
            "U08F438SK",
            "U08MAKT70",
            "U08SX8YP5",
            "U094X6WUT"
        ],
        "topic": {
            "value": "",
            "creator": "",
            "last_set": "0"
        },
        "purpose": {
            "value": "to discuss how we will market &amp; advertise datt technology &amp; products",
            "creator": "U08EZP01H",
            "last_set": "1440455574"
        }
    },
    {
        "id": "C08FM0F6G",
        "name": "meta",
        "created": "1438487159",
        "creator": "U08EZP01H",
        "is_archived": false,
        "is_general": false,
        "members": [
            "U07GDL0H5",
            "U08BY8MGV",
            "U08C22VNW",
            "U08CBD41G",
            "U08CCGGG1",
            "U08CG8V89",
            "U08D641AP",
            "U08DD8LNP",
            "U08DE11UZ",
            "U08DH3ESU",
            "U08E5P0BZ",
            "U08ERPTQF",
            "U08EZP01H",
            "U08F2RTCN",
            "U08FSH97D",
            "U08FVLJR4",
            "U08FW063C",
            "U08FWU9ST",
            "U08G10908",
            "U08K9N7PU",
            "U08MAKT70",
            "U08MEV56D",
            "U08R1E07Q",
            "U08R6QWP3",
            "U08T3P50D",
            "U094X6WUT",
            "U095A29EK",
            "U0971JB4N"
        ],
        "topic": {
            "value": "",
            "creator": "",
            "last_set": "0"
        },
        "purpose": {
            "value": "meta discussion, philosophy, theory",
            "creator": "U08EZP01H",
            "last_set": "1438487159"
        }
    },
    {
        "id": "C08EJG7M1",
        "name": "p2p",
        "created": "1438364819",
        "creator": "U08C22VNW",
        "is_archived": false,
        "is_general": false,
        "members": [
            "U07GDL0H5",
            "U08C22VNW",
            "U08C9ML1Y",
            "U08CBD41G",
            "U08CCGGG1",
            "U08CG8V89",
            "U08D641AP",
            "U08DD8LNP",
            "U08DDG1SB",
            "U08DE11UZ",
            "U08DH3ESU",
            "U08E18GD6",
            "U08E2KZM4",
            "U08E5P0BZ",
            "U08ERPTQF",
            "U08EZP01H",
            "U08F1FZE2",
            "U08F2RTCN",
            "U08F384H3",
            "U08F438SK",
            "U08FELGRX",
            "U08FJ080J",
            "U08FSH97D",
            "U08FVLJR4",
            "U08FWU9ST",
            "U08G10908",
            "U08K9N7PU",
            "U08KP51FU",
            "U08MAKT70",
            "U08MEV56D",
            "U08R1E07Q",
            "U08REPG4T",
            "U08T3P50D",
            "U094X6WUT",
            "U0959MCDB",
            "U095A29EK",
            "U0971JB4N",
            "U09HNULS1",
            "U09RYHDME",
            "U09V2FAR4"
        ],
        "topic": {
            "value": "",
            "creator": "",
            "last_set": "0"
        },
        "purpose": {
            "value": "Discuss the p2p aspects of the platform, to take it out of band from the general discussion.",
            "creator": "U08C22VNW",
            "last_set": "1438364819"
        }
    },
    {
        "id": "C07GE13K7",
        "name": "random",
        "created": "1436724170",
        "creator": "U07GDL0H5",
        "is_archived": false,
        "is_general": false,
        "members": [
            "U07GDL0H5",
            "U08BU3AA2",
            "U08BY8MGV",
            "U08BZE91C",
            "U08C09LDT",
            "U08C22VNW",
            "U08C464NS",
            "U08C9E7J5",
            "U08C9ML1Y",
            "U08CBD41G",
            "U08CBRZNX",
            "U08CCGGG1",
            "U08CEUXL6",
            "U08CFV27P",
            "U08CG8V89",
            "U08CHA4AD",
            "U08CJ2S3E",
            "U08CMDZ47",
            "U08CUQSK1",
            "U08CZDYB1",
            "U08CZEJ6A",
            "U08D585U6",
            "U08D641AP",
            "U08D7E99Q",
            "U08DD8LNP",
            "U08DDG1SB",
            "U08DDGSNQ",
            "U08DDK6MC",
            "U08DE11UZ",
            "U08DF82DQ",
            "U08DFAGBW",
            "U08DGB0F2",
            "U08DGPV7D",
            "U08DH3ESU",
            "U08DHD0P2",
            "U08DJ2V40",
            "U08DK3LHG",
            "U08DKC7HV",
            "U08DLFMDH",
            "U08DN0E5S",
            "U08DNS2QJ",
            "U08DRE2UB",
            "U08E18GD6",
            "U08E2KZM4",
            "U08E4A6TW",
            "U08E4BX5W",
            "U08E5P0BZ",
            "U08E6E6AX",
            "U08E6MSBH",
            "U08E7DY5D",
            "U08EB47EV",
            "U08ECJULT",
            "U08EH4YG1",
            "U08EKTS7P",
            "U08ELNFTP",
            "U08ENMAK1",
            "U08ERPTQF",
            "U08EZM3KL",
            "U08EZP01H",
            "U08F08BD1",
            "U08F1FZE2",
            "U08F1RZ7H",
            "U08F2RTCN",
            "U08F306NQ",
            "U08F30KA8",
            "U08F31MGX",
            "U08F35H0V",
            "U08F384H3",
            "U08F3T0VA",
            "U08F438SK",
            "U08F4KJ3U",
            "U08F6SV1S",
            "U08FELGRX",
            "U08FELZL7",
            "U08FFACCU",
            "U08FFU90F",
            "U08FJ080J",
            "U08FLB3C0",
            "U08FMHVJ4",
            "U08FN53TR",
            "U08FSH97D",
            "U08FTT15M",
            "U08FVLJR4",
            "U08FW063C",
            "U08FWU9ST",
            "U08G10908",
            "U08G8DW66",
            "U08GXNESG",
            "U08H2MDMJ",
            "U08H3RPAN",
            "U08HHL5FE",
            "U08HMMCT0",
            "U08HVK9PD",
            "U08JFURT3",
            "U08K9N7PU",
            "U08KP51FU",
            "U08MAKT70",
            "U08MEV56D",
            "U08MT2FTL",
            "U08PP2QQJ",
            "U08R1E07Q",
            "U08R6QWP3",
            "U08R9090A",
            "U08REPG4T",
            "U08RJJ1B8",
            "U08RK4T6Y",
            "U08SX8YP5",
            "U08SZAL6A",
            "U08T3P50D",
            "U08TAS6MN",
            "U08THCD7S",
            "U094X6WUT",
            "U0959MCDB",
            "U095A29EK",
            "U095AAW3X",
            "U095C81RR",
            "U095LH6PL",
            "U0971JB4N",
            "U09G3QHCL",
            "U09HNULS1",
            "U09MNLGAX",
            "U09RYHDME",
            "U09SE617Z",
            "U09UQTE6Q",
            "U09V2FAR4",
            "U09V864NR",
            "U09VD8E7L",
            "U09VDLJ4A",
            "U09VDPQAU",
            "U0A05M5E3",
            "U0A0DMZHB",
            "U0A0G2N2Y",
            "U0A0JPGMV",
            "U0A2DMSSF",
            "U0A2ZC6VB",
            "U0A4S79H6",
            "U0A4S9SRJ",
            "U0A5YC15X",
            "U0A7514R1",
            "U0AAQKE12",
            "U0AAVL6DD",
            "U0AB640UA",
            "U0AC0SMNK",
            "U0AD2HMLZ",
            "U0ALSQB43",
            "U0AQK0D9A",
            "U0AV4U333",
            "U0B31CAF5",
            "U0B4N7P7G",
            "U0B7U9TNH",
            "U0BAAG4H2",
            "U0BKFML4T",
            "U0BKHMSJ0",
            "U0BRYST8Q"
        ],
        "topic": {
            "value": "Non-work banter and water cooler conversation",
            "creator": "",
            "last_set": "0"
        },
        "purpose": {
            "value": "A place for non-work-related flimflam, faffing, hodge-podge or jibber-jabber you'd prefer to keep out of more focused work-related channels.",
            "creator": "",
            "last_set": "0"
        }
    },
    {
        "id": "C08HUNWQ6",
        "name": "security",
        "created": "1438662390",
        "creator": "U07GDL0H5",
        "is_archived": false,
        "is_general": false,
        "members": [
            "U07GDL0H5",
            "U08BY8MGV",
            "U08C22VNW",
            "U08CBD41G",
            "U08CCGGG1",
            "U08CG8V89",
            "U08D641AP",
            "U08DD8LNP",
            "U08DDGSNQ",
            "U08DGB0F2",
            "U08DH3ESU",
            "U08E2KZM4",
            "U08E5P0BZ",
            "U08ERPTQF",
            "U08EZP01H",
            "U08F2RTCN",
            "U08F438SK",
            "U08G10908",
            "U08MAKT70",
            "U08MEV56D",
            "U08R1E07Q",
            "U08R6QWP3",
            "U08T3P50D",
            "U08THCD7S",
            "U094X6WUT",
            "U095A29EK",
            "U0971JB4N"
        ],
        "topic": {
            "value": "",
            "creator": "",
            "last_set": "0"
        },
        "purpose": {
            "value": "",
            "creator": "",
            "last_set": "0"
        }
    },
    {
        "id": "C08FYN4KT",
        "name": "storage",
        "created": "1438550043",
        "creator": "U08DN0E5S",
        "is_archived": false,
        "is_general": false,
        "members": [
            "U07GDL0H5",
            "U08BY8MGV",
            "U08C22VNW",
            "U08CBD41G",
            "U08CCGGG1",
            "U08CG8V89",
            "U08CJ2S3E",
            "U08DDG1SB",
            "U08DH3ESU",
            "U08DN0E5S",
            "U08E2KZM4",
            "U08ERPTQF",
            "U08F2RTCN",
            "U08F31MGX",
            "U08F438SK",
            "U08FJ080J",
            "U08G10908",
            "U08K9N7PU",
            "U08MAKT70",
            "U08MEV56D",
            "U08R1E07Q",
            "U08REPG4T",
            "U08T3P50D",
            "U094X6WUT",
            "U095A29EK",
            "U0971JB4N"
        ],
        "topic": {
            "value": "",
            "creator": "",
            "last_set": "0"
        },
        "purpose": {
            "value": "How do we get people to participate in distributed storage (and be honest)?",
            "creator": "U08DN0E5S",
            "last_set": "1438550044"
        }
    }
]