[
    {
        "user": "U08C464NS",
        "type": "message",
        "subtype": "channel_join",
        "text": "<@U08C464NS|chris> has joined the channel",
        "ts": "1438420415.000004"
    },
    {
        "type": "message",
        "user": "U08C464NS",
        "text": "Hey man, how's it going? So what are your thoughts on the various ways this could make money?",
        "ts": "1438424377.000005"
    },
    {
        "type": "message",
        "user": "U07GDL0H5",
        "text": "sure, first of all by integrating payments into the protocol, i think this will open a lot more avenues for revenue that other social media apps",
        "ts": "1438424421.000006"
    },
    {
        "type": "message",
        "user": "U07GDL0H5",
        "text": "companies will not have to rely on advertising revenue (although that could still play a role)",
        "ts": "1438424437.000007"
    },
    {
        "type": "message",
        "user": "U07GDL0H5",
        "text": "basically, provide value-adds that people believe are worth money. for instance, people might be willing to pay to host their avatar. seems simple and silly, but it's possibly a source of revenue. maybe they have to pay every time they want to update their avatar.",
        "ts": "1438424478.000008"
    },
    {
        "type": "message",
        "user": "U07GDL0H5",
        "text": "of course, they can always have another company host it, possibly for free. but if one company makes it really easy and it shows up everywhere, people might be willing to pay.",
        "ts": "1438424502.000009"
    },
    {
        "type": "message",
        "user": "U07GDL0H5",
        "text": "another option is users might be willing to pay to download archival content",
        "ts": "1438424521.000010"
    },
    {
        "type": "message",
        "user": "U08C464NS",
        "text": "so like a more granular version of storj?",
        "ts": "1438424524.000011"
    },
    {
        "type": "message",
        "user": "U07GDL0H5",
        "text": "yes, i suppose. it's not about general data storage, but about very specific data that gets displayed in a specific way on the app",
        "ts": "1438424558.000012"
    },
    {
        "type": "message",
        "user": "U08C464NS",
        "text": "yeah",
        "ts": "1438424565.000013"
    },
    {
        "type": "message",
        "user": "U07GDL0H5",
        "text": "so people might pay a premium for that. more than just the cost of the data storage\/transmission.",
        "ts": "1438424580.000014"
    },
    {
        "type": "message",
        "user": "U08C464NS",
        "text": "are you still thinking that \"likes\" or appreciation points will actually equate to tiny amounts of BTC?",
        "ts": "1438424642.000015"
    },
    {
        "type": "message",
        "user": "U07GDL0H5",
        "text": "maybe. i think the content will probably displayed for free (recent data in small amounts), but then users can \"tip\" or \"buy\" content",
        "ts": "1438424690.000016"
    },
    {
        "type": "message",
        "user": "U07GDL0H5",
        "text": "another possible source of revenue is that part of the tipped amount goes to the node they get it from",
        "ts": "1438424710.000017"
    },
    {
        "type": "message",
        "user": "U07GDL0H5",
        "text": "perhaps it goes through several relays... each one getting a cut. not really sure.",
        "ts": "1438424720.000018"
    },
    {
        "type": "message",
        "user": "U08C464NS",
        "text": "yeah that's what I initially thought it'd be",
        "ts": "1438424729.000019"
    },
    {
        "type": "message",
        "user": "U07GDL0H5",
        "text": "i prefer to make sure the user that produced the content gets all or most of the revenue.",
        "ts": "1438424729.000020"
    },
    {
        "type": "message",
        "user": "U08C464NS",
        "text": "yeah",
        "ts": "1438424751.000021"
    },
    {
        "type": "message",
        "user": "U08C464NS",
        "text": "very exciting exploring all these new ways of doing things :simple_smile:",
        "ts": "1438424763.000022"
    },
    {
        "type": "message",
        "user": "U07GDL0H5",
        "text": "however if the users find it palatable to support the companies that make the content easy to access, they might be willing to swallow a voluntary fee of 30% or something",
        "ts": "1438424763.000023"
    },
    {
        "type": "message",
        "user": "U07GDL0H5",
        "text": "voluntary, because they can always route around a company that charges too much",
        "ts": "1438424774.000024"
    },
    {
        "type": "message",
        "user": "U08C464NS",
        "text": "(sorry for newb questions). So would that mean it's fully distributed or federated?",
        "ts": "1438424812.000025"
    },
    {
        "type": "message",
        "user": "U07GDL0H5",
        "text": "the goal is NOT federated. anybody should be able to run a fully privileged node.",
        "ts": "1438424834.000026"
    },
    {
        "type": "message",
        "user": "U08C464NS",
        "text": "ok, that's good :simple_smile:",
        "ts": "1438424843.000027"
    },
    {
        "type": "message",
        "user": "U07GDL0H5",
        "text": "i think it will be analgous to bitcoin miners",
        "ts": "1438424845.000028"
    },
    {
        "type": "message",
        "user": "U07GDL0H5",
        "text": "at the start, anybody could mine ... but it eventually became a specialized industry. most people don't bother to mine anymore.",
        "ts": "1438424866.000029"
    },
    {
        "type": "message",
        "user": "U07GDL0H5",
        "text": "technically, anybody still can. bitcoin is properly decentralized at the protocol level.",
        "ts": "1438424875.000030"
    },
    {
        "type": "message",
        "user": "U07GDL0H5",
        "text": "but because some people are so good, they basically outcompeted the rest.",
        "ts": "1438424885.000031"
    },
    {
        "type": "message",
        "user": "U08C464NS",
        "text": "so that'd mean potentially DATT the company could become one of the players and be profitable that way?",
        "ts": "1438424906.000032"
    },
    {
        "type": "message",
        "user": "U07GDL0H5",
        "text": "yes that's the idea. the goal is to create a profitable business by being the first, largest, most reliable, best-branded node on the network",
        "ts": "1438424938.000033"
    },
    {
        "type": "message",
        "user": "U07GDL0H5",
        "text": "i call this The Satoshi Model - Satoshi is the richest bitcoiner because he was the first and most reliable miner",
        "ts": "1438424966.000034"
    },
    {
        "type": "message",
        "user": "U07GDL0H5",
        "text": "of course there are a lot of people helping to build this who may or may not be a part of my company ... so there might be more businesses from the start. that would probably be a good thing, because it would help to bootstrap the network.",
        "ts": "1438425003.000035"
    },
    {
        "type": "message",
        "user": "U08C464NS",
        "text": "yeah man, it'd still be open",
        "ts": "1438425023.000036"
    },
    {
        "type": "message",
        "user": "U08C464NS",
        "text": "I like it",
        "ts": "1438425025.000037"
    },
    {
        "type": "message",
        "user": "U08C464NS",
        "text": "how was the meeting in SF?",
        "ts": "1438425065.000038"
    },
    {
        "type": "message",
        "user": "U07GDL0H5",
        "text": "it was pretty awesome. 10 or so people were there. free food :simple_smile:",
        "ts": "1438425078.000039"
    },
    {
        "type": "message",
        "user": "U07GDL0H5",
        "text": "i spent a couple hours just talking with people there who haven't said much on slack",
        "ts": "1438425091.000040"
    },
    {
        "type": "message",
        "user": "U08C464NS",
        "text": "cool man :simple_smile:. I'm going to play with a few more ideas today. Specifically what the wallet balance view would look like",
        "ts": "1438425144.000041"
    },
    {
        "type": "message",
        "user": "U07GDL0H5",
        "text": "awesome! can't wait to see :simple_smile:",
        "ts": "1438425173.000042"
    },
    {
        "type": "message",
        "user": "U08C464NS",
        "text": "Cool. Thanks for answering the question mate. I'll probably be on later then. Peace!",
        "ts": "1438425192.000043"
    },
    {
        "type": "message",
        "user": "U07GDL0H5",
        "text": "ok see ya",
        "ts": "1438425198.000044"
    },
    {
        "user": "U08ERPTQF",
        "type": "message",
        "subtype": "channel_join",
        "text": "<@U08ERPTQF|paul_xbt> has joined the channel",
        "ts": "1438429729.000045"
    },
    {
        "user": "U08C22VNW",
        "type": "message",
        "subtype": "channel_join",
        "text": "<@U08C22VNW|mhouston> has joined the channel",
        "ts": "1438430321.000046"
    },
    {
        "user": "U08EZP01H",
        "type": "message",
        "subtype": "channel_join",
        "text": "<@U08EZP01H|darrenm> has joined the channel",
        "ts": "1438445402.000047"
    },
    {
        "user": "U08DH3ESU",
        "type": "message",
        "subtype": "channel_join",
        "text": "<@U08DH3ESU|aramkris> has joined the channel",
        "ts": "1438452074.000048"
    },
    {
        "user": "U08F2RTCN",
        "type": "message",
        "subtype": "channel_join",
        "text": "<@U08F2RTCN|deepakraous> has joined the channel",
        "ts": "1438455606.000049"
    },
    {
        "user": "U08F384H3",
        "type": "message",
        "subtype": "channel_join",
        "text": "<@U08F384H3|binyam> has joined the channel",
        "ts": "1438455750.000050"
    },
    {
        "type": "message",
        "user": "U08ERPTQF",
        "text": "Okay, here's a spreadsheet showing a particular model of apportioning rewards between Author, Peer, &amp; DATT (Mods or Supernodes are outside of this model) <https:\/\/docs.google.com\/spreadsheets\/d\/19mUSGUwLukbskz5dIj1QXM0rAPmCBrbXZeLz908LfmU\/edit>",
        "ts": "1438468954.000051"
    },
    {
        "type": "message",
        "subtype": "pinned_item",
        "user": "U07GDL0H5",
        "item_type": "C",
        "attachments": [
            {
                "color": "D0D0D0",
                "fallback": "[August 1st, 2015 3:42 PM] paul_xbt: Okay, here's a spreadsheet showing a particular model of apportioning rewards between Author, Peer, &amp; DATT (Mods or Supernodes are outside of this model) <https:\/\/docs.google.com\/spreadsheets\/d\/19mUSGUwLukbskz5dIj1QXM0rAPmCBrbXZeLz908LfmU\/edit>",
                "author_subname": "paul_xbt",
                "ts": "1438468954.000051",
                "text": "Okay, here's a spreadsheet showing a particular model of apportioning rewards between Author, Peer, &amp; DATT (Mods or Supernodes are outside of this model) <https:\/\/docs.google.com\/spreadsheets\/d\/19mUSGUwLukbskz5dIj1QXM0rAPmCBrbXZeLz908LfmU\/edit>",
                "author_name": "Paul Salisbury",
                "author_link": "https:\/\/dattnetwork.slack.com\/team\/paul_xbt",
                "author_icon": "https:\/\/secure.gravatar.com\/avatar\/96cf283248628534fdee2cc0e690c360.jpg?s=48&d=https%3A%2F%2Fslack.global.ssl.fastly.net%2F66f9%2Fimg%2Favatars%2Fava_0020-48.png",
                "mrkdwn_in": [
                    "text"
                ]
            }
        ],
        "text": "<@U07GDL0H5|ryanxcharles> pinned a message to this channel.",
        "ts": "1438468986.000052"
    },
    {
        "type": "message",
        "user": "U08ERPTQF",
        "text": "It's a bit hacky on some of the calculations, but it might help to think about the desired functions to allocate rewards in a way that they incentivise the contributions of Authors and Peers.",
        "ts": "1438469037.000053"
    },
    {
        "user": "U08FELGRX",
        "type": "message",
        "subtype": "channel_join",
        "text": "<@U08FELGRX|dean> has joined the channel",
        "ts": "1438469995.000054"
    },
    {
        "type": "message",
        "user": "U08FELGRX",
        "text": "<@U08BY8MGV>: had a great spreadsheet of monitization, Brad can you upload it?",
        "ts": "1438470023.000055"
    },
    {
        "user": "U08BY8MGV",
        "type": "message",
        "subtype": "channel_join",
        "text": "<@U08BY8MGV|bradkam> has joined the channel",
        "ts": "1438470046.000056"
    },
    {
        "type": "message",
        "user": "U08BY8MGV",
        "text": "<https:\/\/docs.google.com\/spreadsheets\/d\/16vtDV3Ot4lrr2twpUS8Sqgg4OrJ2KIrnQwsuppy56sI\/edit#gid=1827203914>",
        "ts": "1438470061.000057"
    },
    {
        "type": "message",
        "user": "U08FELGRX",
        "text": "^ thats  an attractive spreadsheet for investors. Obviously there's a lot of assumptions in there tough",
        "ts": "1438470722.000058"
    },
    {
        "type": "message",
        "user": "U08F2RTCN",
        "text": "<@U08BY8MGV>: yep i agree with <@U08FELGRX>, this shows the potential for the path for Monetization",
        "ts": "1438471236.000059"
    },
    {
        "type": "message",
        "user": "U08EZP01H",
        "text": "that's really interesting. if an 'average node' can see $50m\/year,  then the superior business model might be to remove the 1.25% cut and be the prime supporter of a major, reputable node",
        "ts": "1438471715.000060"
    },
    {
        "type": "message",
        "user": "U08EZP01H",
        "text": "i think ryan talked about that last night, essentially leveraging first-mover advantage",
        "ts": "1438471800.000061"
    },
    {
        "type": "message",
        "user": "U08BY8MGV",
        "text": "The 1.25% cut is charged to the content creators by the Node (application). That's how the Node makes $50m per year",
        "ts": "1438472035.000062"
    },
    {
        "type": "message",
        "subtype": "pinned_item",
        "user": "U07GDL0H5",
        "item_type": "C",
        "attachments": [
            {
                "color": "D0D0D0",
                "fallback": "[August 1st, 2015 4:01 PM] bradkam: <https:\/\/docs.google.com\/spreadsheets\/d\/16vtDV3Ot4lrr2twpUS8Sqgg4OrJ2KIrnQwsuppy56sI\/edit#gid=1827203914>",
                "author_subname": "bradkam",
                "ts": "1438470061.000057",
                "text": "<https:\/\/docs.google.com\/spreadsheets\/d\/16vtDV3Ot4lrr2twpUS8Sqgg4OrJ2KIrnQwsuppy56sI\/edit#gid=1827203914>",
                "author_name": "Bradley Kam",
                "author_link": "https:\/\/dattnetwork.slack.com\/team\/bradkam",
                "author_icon": "https:\/\/secure.gravatar.com\/avatar\/5305351f980d56efacf0395267d38f45.jpg?s=48&d=https%3A%2F%2Fslack.global.ssl.fastly.net%2F66f9%2Fimg%2Favatars%2Fava_0002-48.png",
                "mrkdwn_in": [
                    "text"
                ]
            }
        ],
        "text": "<@U07GDL0H5|ryanxcharles> pinned a message to this channel.",
        "ts": "1438472573.000063"
    },
    {
        "type": "message",
        "user": "U08FELGRX",
        "text": "So devs have their coding to do, what can us non-devs work out? Business model? market analysis?",
        "ts": "1438473653.000064"
    },
    {
        "type": "message",
        "user": "U07GDL0H5",
        "text": "yo <@U08FELGRX> , business model, how the moderation works, how \"tipping\" \"buying\" \"sponsoring\" whatever works",
        "ts": "1438473696.000065"
    },
    {
        "type": "message",
        "user": "U08FELGRX",
        "text": "got it",
        "ts": "1438473716.000066"
    },
    {
        "type": "message",
        "subtype": "pinned_item",
        "user": "U08FELGRX",
        "item_type": "C",
        "attachments": [
            {
                "color": "D0D0D0",
                "fallback": "[August 1st, 2015 5:01 PM] ryanxcharles: yo <@U08FELGRX> , business model, how the moderation works, how \"tipping\" \"buying\" \"sponsoring\" whatever works",
                "author_subname": "ryanxcharles",
                "ts": "1438473696.000065",
                "text": "yo <@U08FELGRX> , business model, how the moderation works, how \"tipping\" \"buying\" \"sponsoring\" whatever works",
                "author_link": "https:\/\/dattnetwork.slack.com\/team\/ryanxcharles",
                "author_icon": "https:\/\/secure.gravatar.com\/avatar\/17e6619ba42a009b25f1883641e64e1c.jpg?s=48&d=https%3A%2F%2Fslack.global.ssl.fastly.net%2F3654%2Fimg%2Favatars%2Fava_0021-48.png",
                "mrkdwn_in": [
                    "text"
                ]
            }
        ],
        "text": "<@U08FELGRX|dean> pinned a message to this channel.",
        "ts": "1438473721.000067"
    },
    {
        "type": "message",
        "user": "U08ERPTQF",
        "text": "From a semantics perspective is it better to 'gild' or 'tip' or both?\nWhen you tip you don't expect anything in return, but if you 'sponsor' you may anticipate a possible return.\nShould anyone be able to 'sponsor' a post or just the Author?\nShould an OP linking to content be rewarded in the same way as an OP who's written a self post?",
        "ts": "1438478681.000068"
    },
    {
        "type": "message",
        "user": "U08F2RTCN",
        "text": "we might be running out of message limit on Slack, anyone knows how to Archive and retrieve the message, kind of export\/import feature?",
        "ts": "1438479216.000069"
    },
    {
        "type": "message",
        "user": "U08ERPTQF",
        "text": "I thought Slack pruned old posts",
        "ts": "1438480774.000070"
    },
    {
        "type": "message",
        "user": "U08EZP01H",
        "text": "the question of sponsorship is interesting. could become content bounties",
        "ts": "1438481675.000071"
    },
    {
        "type": "message",
        "user": "U08DH3ESU",
        "text": "I think it would be a good idea to divide the spreadsheet into full node and maybe smaller nodes which might not host full content.",
        "ts": "1438482090.000072"
    },
    {
        "type": "message",
        "user": "U08DH3ESU",
        "text": "Will create a separate sheet for this",
        "ts": "1438482184.000073"
    },
    {
        "type": "message",
        "user": "U08DH3ESU",
        "text": "<@U07GDL0H5>:  What are you referring to by \"buying\" in the comment earlier? Is it like the A2A in quora?",
        "ts": "1438482272.000074"
    },
    {
        "type": "message",
        "user": "U08DH3ESU",
        "text": "I would like to subdivide the commercials from a network perspective as the income the network makes will depend on that.",
        "ts": "1438482869.000075"
    },
    {
        "type": "message",
        "user": "U08DH3ESU",
        "text": "Also, I am still dithering about the concept of payment for commenting, and payment to content creator on receiving comments. If the network is truly decentralized with anonymity this would work very well. But, in real life users will get to know each other very quickly. Anyway, this is a question for later.",
        "ts": "1438483098.000076"
    },
    {
        "type": "message",
        "user": "U08ERPTQF",
        "text": "<@U08EZP01H>: I absolutely see this as a bounty. This is a bridge for mainstream publishers to dip their toes in DATT and see how the audience reacts, all the while no one is forced into seeing sponsored content, it's opt-in",
        "ts": "1438484484.000077"
    },
    {
        "type": "message",
        "user": "U08EZP01H",
        "text": "thats huge for adoption too",
        "ts": "1438484544.000078"
    },
    {
        "type": "message",
        "user": "U08ERPTQF",
        "text": "It's hopefully a key differentiator too",
        "ts": "1438484584.000079"
    },
    {
        "type": "message",
        "user": "U08ERPTQF",
        "text": "<@U08DH3ESU>: I'm also not tied to a set fee for commenting, but at least something should be at stake. One of my ideas is to refund the amount to the commenter if they maintain &gt;100 karma on their comment. Trolls will likely drop to 0 so they have wasted their money",
        "ts": "1438484788.000080"
    },
    {
        "type": "message",
        "user": "U08DH3ESU",
        "text": "With sponsorship we might lose the point on anonymity. But as long as anonymous comments are in place it is still fine. ",
        "ts": "1438485180.000081"
    },
    {
        "type": "message",
        "user": "U08DH3ESU",
        "text": "<@U08ERPTQF> l don't have a problem with fee for commenting if it comes with the consent of the creator or it gets a certain number of up votes from people with a certain amount of karma. Something like the comment adds value  so it deserves an reward. ",
        "ts": "1438485381.000082"
    },
    {
        "type": "message",
        "user": "U08ERPTQF",
        "text": "What control would the typical creator want to have over the comments on their post?",
        "ts": "1438485594.000083"
    },
    {
        "type": "message",
        "user": "U08ERPTQF",
        "text": "What you describe in your last sentence is akin to gilding comments that add to the discussion - I think anyone should be able to gild ",
        "ts": "1438485683.000084"
    },
    {
        "user": "U08CBD41G",
        "type": "message",
        "subtype": "channel_join",
        "text": "<@U08CBD41G|delitzer> has joined the channel",
        "ts": "1438487243.000085"
    },
    {
        "type": "message",
        "user": "U08DH3ESU",
        "text": "Creator should not have control. But a comment acknowledged by the creator gets value attached. But we need to be careful about this. ",
        "ts": "1438488433.000086"
    },
    {
        "type": "message",
        "user": "U08ERPTQF",
        "text": "Agree creator should not need to have control. But why restrict it to the creator in attaching value to a comment?",
        "ts": "1438488679.000087"
    },
    {
        "type": "message",
        "user": "U08DH3ESU",
        "text": "Not a restriction, but more weightage ",
        "ts": "1438488809.000088"
    },
    {
        "type": "message",
        "user": "U08ERPTQF",
        "text": "Interesting, an author has a vested interest in having quality comments and discussion around their post, so their 'endorsement' of a comment could have more weighting - at the same time this does encourage a circle-jerk mentality if taken too far",
        "ts": "1438489054.000089"
    },
    {
        "type": "message",
        "subtype": "file_share",
        "text": "<@U08FELGRX|dean> uploaded a file: <https:\/\/dattnetwork.slack.com\/files\/dean\/F08FM8DNE\/capture2.png|Capture2.PNG> and commented: A snippet of how the payment might work",
        "file": {
            "id": "F08FM8DNE",
            "created": 1438489165,
            "timestamp": 1438489165,
            "name": "Capture2.PNG",
            "title": "Capture2.PNG",
            "mimetype": "image\/png",
            "filetype": "png",
            "pretty_type": "PNG",
            "user": "U08FELGRX",
            "editable": false,
            "size": 26077,
            "mode": "hosted",
            "is_external": false,
            "external_type": "",
            "is_public": true,
            "public_url_shared": false,
            "display_as_bot": false,
            "username": "",
            "url": "https:\/\/slack-files.com\/files-pub\/T07GDKW3U-F08FM8DNE-c48424e313\/capture2.png",
            "url_download": "https:\/\/slack-files.com\/files-pub\/T07GDKW3U-F08FM8DNE-c48424e313\/download\/capture2.png",
            "url_private": "https:\/\/files.slack.com\/files-pri\/T07GDKW3U-F08FM8DNE\/capture2.png",
            "url_private_download": "https:\/\/files.slack.com\/files-pri\/T07GDKW3U-F08FM8DNE\/download\/capture2.png",
            "thumb_64": "https:\/\/slack-files.com\/files-tmb\/T07GDKW3U-F08FM8DNE-409c3b024f\/capture2_64.png",
            "thumb_80": "https:\/\/slack-files.com\/files-tmb\/T07GDKW3U-F08FM8DNE-409c3b024f\/capture2_80.png",
            "thumb_360": "https:\/\/slack-files.com\/files-tmb\/T07GDKW3U-F08FM8DNE-409c3b024f\/capture2_360.png",
            "thumb_360_w": 360,
            "thumb_360_h": 199,
            "thumb_480": "https:\/\/slack-files.com\/files-tmb\/T07GDKW3U-F08FM8DNE-409c3b024f\/capture2_480.png",
            "thumb_480_w": 480,
            "thumb_480_h": 265,
            "thumb_160": "https:\/\/slack-files.com\/files-tmb\/T07GDKW3U-F08FM8DNE-409c3b024f\/capture2_160.png",
            "thumb_720": "https:\/\/slack-files.com\/files-tmb\/T07GDKW3U-F08FM8DNE-409c3b024f\/capture2_720.png",
            "thumb_720_w": 720,
            "thumb_720_h": 398,
            "image_exif_rotation": 1,
            "permalink": "https:\/\/dattnetwork.slack.com\/files\/dean\/F08FM8DNE\/capture2.png",
            "permalink_public": "https:\/\/slack-files.com\/T07GDKW3U-F08FM8DNE-c48424e313",
            "channels": [
                "C08F62HEY"
            ],
            "groups": [],
            "ims": [],
            "comments_count": 2,
            "initial_comment": {
                "id": "Fc08FM7FC6",
                "created": 1438489168,
                "timestamp": 1438489168,
                "user": "U08FELGRX",
                "comment": "A snippet of how the payment might work"
            }
        },
        "user": "U08FELGRX",
        "upload": true,
        "display_as_bot": false,
        "username": "<@U08FELGRX|dean>",
        "bot_id": null,
        "ts": "1438489168.000090"
    },
    {
        "type": "message",
        "user": "U08FELGRX",
        "text": "here's a snippet of how payments might work",
        "ts": "1438489178.000091"
    },
    {
        "type": "message",
        "user": "U08DH3ESU",
        "text": "<@U08ERPTQF> :) that is why I mentioned we need to be careful  about this. ",
        "ts": "1438489206.000092"
    },
    {
        "type": "message",
        "subtype": "file_comment",
        "text": "<@U08F2RTCN|deepakraous> commented on <@U08FELGRX|dean>'s file <https:\/\/dattnetwork.slack.com\/files\/dean\/F08FM8DNE\/capture2.png|Capture2.PNG>: Nice <@U08FELGRX>,  we can combine this with <@U08BY8MGV> workflow",
        "file": {
            "id": "F08FM8DNE",
            "created": 1438489165,
            "timestamp": 1438489165,
            "name": "Capture2.PNG",
            "title": "Capture2.PNG",
            "mimetype": "image\/png",
            "filetype": "png",
            "pretty_type": "PNG",
            "user": "U08FELGRX",
            "editable": false,
            "size": 26077,
            "mode": "hosted",
            "is_external": false,
            "external_type": "",
            "is_public": true,
            "public_url_shared": false,
            "display_as_bot": false,
            "username": "",
            "url": "https:\/\/slack-files.com\/files-pub\/T07GDKW3U-F08FM8DNE-c48424e313\/capture2.png",
            "url_download": "https:\/\/slack-files.com\/files-pub\/T07GDKW3U-F08FM8DNE-c48424e313\/download\/capture2.png",
            "url_private": "https:\/\/files.slack.com\/files-pri\/T07GDKW3U-F08FM8DNE\/capture2.png",
            "url_private_download": "https:\/\/files.slack.com\/files-pri\/T07GDKW3U-F08FM8DNE\/download\/capture2.png",
            "thumb_64": "https:\/\/slack-files.com\/files-tmb\/T07GDKW3U-F08FM8DNE-409c3b024f\/capture2_64.png",
            "thumb_80": "https:\/\/slack-files.com\/files-tmb\/T07GDKW3U-F08FM8DNE-409c3b024f\/capture2_80.png",
            "thumb_360": "https:\/\/slack-files.com\/files-tmb\/T07GDKW3U-F08FM8DNE-409c3b024f\/capture2_360.png",
            "thumb_360_w": 360,
            "thumb_360_h": 199,
            "thumb_480": "https:\/\/slack-files.com\/files-tmb\/T07GDKW3U-F08FM8DNE-409c3b024f\/capture2_480.png",
            "thumb_480_w": 480,
            "thumb_480_h": 265,
            "thumb_160": "https:\/\/slack-files.com\/files-tmb\/T07GDKW3U-F08FM8DNE-409c3b024f\/capture2_160.png",
            "thumb_720": "https:\/\/slack-files.com\/files-tmb\/T07GDKW3U-F08FM8DNE-409c3b024f\/capture2_720.png",
            "thumb_720_w": 720,
            "thumb_720_h": 398,
            "image_exif_rotation": 1,
            "permalink": "https:\/\/dattnetwork.slack.com\/files\/dean\/F08FM8DNE\/capture2.png",
            "permalink_public": "https:\/\/slack-files.com\/T07GDKW3U-F08FM8DNE-c48424e313",
            "channels": [
                "C08F62HEY"
            ],
            "groups": [],
            "ims": [],
            "comments_count": 2,
            "initial_comment": {
                "id": "Fc08FM7FC6",
                "created": 1438489168,
                "timestamp": 1438489168,
                "user": "U08FELGRX",
                "comment": "A snippet of how the payment might work"
            }
        },
        "comment": {
            "id": "Fc08FMAKLK",
            "created": 1438489328,
            "timestamp": 1438489328,
            "user": "U08F2RTCN",
            "comment": "Nice <@U08FELGRX>,  we can combine this with <@U08BY8MGV> workflow"
        },
        "ts": "1438489328.000093"
    },
    {
        "type": "message",
        "user": "U08FELGRX",
        "text": "most content creators would probably not reply to comments, especially if they're posting heavily on across multiple mediums, they wouldn't have time. They might reply to a select few.",
        "ts": "1438489373.000094"
    },
    {
        "type": "message",
        "user": "U08ERPTQF",
        "text": "<@U08FELGRX>: I'm just not sure that the creator will really know which mod is involved and which node, it depends on how distributed DATT is",
        "ts": "1438489422.000095"
    },
    {
        "type": "message",
        "user": "U08ERPTQF",
        "text": "<https:\/\/dattnetwork.slack.com\/archives\/meta\/p1438488173000051>\n<@U08EZP01H>: this is a good question to expand on - the DATT audience has been assumed to consist of exRedditors or detractors from Voat, but this isn't the whole audience. Can we expand on what audience DATT should try to attract?",
        "attachments": [
            {
                "color": "4D394B",
                "from_url": "https:\/\/dattnetwork.slack.com\/archives\/meta\/p1438488173000051",
                "fallback": "[August 1st, 2015 9:02 PM] darrenm: maybe this is a business question, but what's the size of the market we're addressing here?",
                "author_subname": "darrenm",
                "ts": "1438488173.000051",
                "text": "maybe this is a business question, but what's the size of the market we're addressing here?",
                "author_name": "Darren Mills",
                "author_link": "https:\/\/dattnetwork.slack.com\/team\/darrenm",
                "author_icon": "https:\/\/s3-us-west-2.amazonaws.com\/slack-files2\/avatars\/2015-07-31\/8511892310_12650a12e430fa4e8ce6_48.jpg",
                "mrkdwn_in": [
                    "text"
                ],
                "id": 1
            }
        ],
        "ts": "1438489915.000096"
    },
    {
        "type": "message",
        "user": "U08EZP01H",
        "text": "i think as long as we maintain an emphasis on getting content creators paid for there work, then demand should go up from the simple, low barrier to entry",
        "ts": "1438490103.000098"
    },
    {
        "type": "message",
        "user": "U08EZP01H",
        "text": "especially if we can get a good plan going for things like content bounties, 'tips' or even p2p subscriptions",
        "ts": "1438490485.000099"
    },
    {
        "type": "message",
        "user": "U08ERPTQF",
        "text": "I posted a spreadsheet with just the bounty\/tip models to see what outcomes that may encourage",
        "ts": "1438490572.000100"
    },
    {
        "type": "message",
        "user": "U08ERPTQF",
        "text": "I think we can then layer other incentives on top for mods\/collectives and nodes\nsubscriptions is an interesting avenue",
        "ts": "1438490635.000101"
    },
    {
        "type": "message",
        "user": "U08FELGRX",
        "text": "so reddit makes $650,000 per MONTH just from reddit gold sales",
        "ts": "1438493605.000102"
    },
    {
        "type": "message",
        "user": "U08FELGRX",
        "text": "thata a big market",
        "ts": "1438493610.000103"
    },
    {
        "type": "message",
        "user": "U08ERPTQF",
        "text": "nice!",
        "ts": "1438493876.000104"
    },
    {
        "type": "message",
        "user": "U08F2RTCN",
        "text": "<@U08FELGRX> where did u get that $ figure?",
        "ts": "1438493884.000105"
    }
]