[
    {
        "type": "message",
        "user": "U07GDL0H5",
        "text": "<@U08MAKT70>: i put some thoughts on DHTs here: <https:\/\/github.com\/dattnetwork\/dattdocs#thoughts-on-dhts-for-datt---ryan-x-charles>",
        "attachments": [
            {
                "service_name": "GitHub",
                "title": "dattnetwork\/dattdocs",
                "title_link": "https:\/\/github.com\/dattnetwork\/dattdocs#thoughts-on-dhts-for-datt---ryan-x-charles",
                "text": "dattdocs - Document all the things.",
                "fallback": "GitHub: dattnetwork\/dattdocs",
                "thumb_url": "https:\/\/avatars0.githubusercontent.com\/u\/13266895?v=3&s=400",
                "from_url": "https:\/\/github.com\/dattnetwork\/dattdocs#thoughts-on-dhts-for-datt---ryan-x-charles",
                "thumb_width": 214,
                "thumb_height": 214,
                "id": 1
            }
        ],
        "ts": "1440614887.000044"
    },
    {
        "type": "message",
        "user": "U08MAKT70",
        "text": "<@U07GDL0H5>: I was thinking more in the way of using DHTs for content discovery, not retrieval (as in BitTorrent). Any particular advantages of storing the actual content in DHT?",
        "ts": "1440615961.000046"
    },
    {
        "type": "message",
        "user": "U08D641AP",
        "text": "<@U08MAKT70>: also you should consider the fact that a provider can set a negative fee!  they can pay to distribute content.",
        "ts": "1440630699.000047",
        "reactions": [
            {
                "name": "+1",
                "users": [
                    "U08MAKT70"
                ],
                "count": 1
            }
        ]
    },
    {
        "type": "message",
        "user": "U08F438SK",
        "text": "thanks <@U07GDL0H5> for adding a .nvm to datt-node.",
        "ts": "1440645087.000048"
    },
    {
        "type": "message",
        "user": "U08F438SK",
        "text": "pushing content database updates as soon as I get my last tests passing. about 90% there :stuck_out_tongue:",
        "ts": "1440645144.000049",
        "reactions": [
            {
                "name": "tada",
                "users": [
                    "U08ERPTQF",
                    "U07GDL0H5"
                ],
                "count": 2
            },
            {
                "name": "+1",
                "users": [
                    "U08DH3ESU"
                ],
                "count": 1
            }
        ]
    }
]