[
    {
        "type": "message",
        "user": "U08CG8V89",
        "text": "i'm not sure exactly which channel to post this, so i'll post it here. although the MVP is about showing the potential, any investors worth their salt (IMHO) are going to consider what the potential downside is around illegal activities considering the extent of anonymity and that censorship completely depends on the nodes. i think <http:\/\/datt.co|datt.co> (as differentiated from the datt foundation) might get questions from investors as to policies and processes to handle illegal content. does anyone think datt should have a position formally showing that: 1) it's been thought about in advance; 2) the team thinks it's an important concern; 3) there are some processes, functionality, and policies laid out that we hope, once investor money is available, attorneys could be hired to help further the process? perhaps it's a bit dramatic as an example, but wouldn't it be somewhat straight-forward for datt nodes to become silkroads? before you say it, yes, people create silkroads now outside of datt. but this is eventually going to be marketed to a much broader population and make it a much easier experience to set-up\/run a node. that suggests that people with minimal technical skills could eventually have listings selling drugs, for example, with upvotes and tips being auction bids or payments. again, i get that anyone can do this now and i'm not suggesting this should be a blocking concern. i'm just suggesting it might make sense to have a perspective on how datt (the company) would handle this. <http:\/\/www.technologyreview.com\/news\/540151\/bitcoins-dark-side-could-get-darker\/>",
        "attachments": [
            {
                "service_name": "MIT Technology Review",
                "title": "What Criminals May Gain from the Next Evolution of Bitcoin | MIT Technology Review",
                "title_link": "http:\/\/www.technologyreview.com\/news\/540151\/bitcoins-dark-side-could-get-darker\/",
                "text": "Investors see riches in a cryptography-enabled technology called smart contracts\u2013but it could also offer much to criminals.",
                "fallback": "MIT Technology Review: What Criminals May Gain from the Next Evolution of Bitcoin | MIT Technology Review",
                "thumb_url": "http:\/\/www.technologyreview.com\/sites\/default\/files\/images\/internet_crime_wave.gradientx392.jpg",
                "ts": 1439438400,
                "from_url": "http:\/\/www.technologyreview.com\/news\/540151\/bitcoins-dark-side-could-get-darker\/",
                "thumb_width": 392,
                "thumb_height": 392,
                "id": 1
            }
        ],
        "ts": "1439514762.000293"
    },
    {
        "type": "message",
        "user": "U08DH3ESU",
        "text": "The answer is 'yes' for having a policy and 'no' for the things being built into the protocol. The protocol should be open supporting the core principles.",
        "ts": "1439515365.000295"
    },
    {
        "user": "U08DD8LNP",
        "type": "message",
        "subtype": "channel_join",
        "text": "<@U08DD8LNP|go1dfish> has joined the channel",
        "ts": "1439515737.000296"
    },
    {
        "type": "message",
        "user": "U08DH3ESU",
        "text": "However, the nodes which host content should be provided with controls to ensure that they don't host content which might be considered illegal or unlawful. It is also possible that what is illegal (just in terms of content) in 1 country can be legal in another. Also, I think the problem of using it for illegal activities or for abuse exists in every platform today and policy and retrospective implementation is what is being done today. Law enforcement and, to an large extent, policy is never ahead of the tech (at least I do not know of a case where they prevented something on the web) from happening. What normally happens is the first instance is found out thru' non-tech channels and then the tech behind it becomes the focus and then policy and implementation. So, we should definitely formulate a policy based on what we have today and can imagine as the uses and abuses of the platform, but people can find new ways.",
        "ts": "1439515752.000297"
    },
    {
        "type": "message",
        "user": "U08DD8LNP",
        "text": "IMO the tech should largely make the network itself very difficult to unilaterally censor and damn the consequences.  <http:\/\/bits.are.notabug.com> As an addendum to that, what gateways into the network decide to provide is another story",
        "ts": "1439515838.000298"
    },
    {
        "type": "message",
        "user": "U08DD8LNP",
        "text": "and a lot of the business plans I\u2019ve seen floating around (ill admit I\u2019ve not focussed as much on this aspect) seem to center around datt the company serving as a benevolent gatekeeper",
        "ts": "1439515870.000299"
    },
    {
        "type": "message",
        "user": "U08DD8LNP",
        "text": "with the existence of the larger, difficult to unilaterally censor network being a check on our own benevolence and an exit from our control without exiting the larger datt community",
        "ts": "1439515917.000300"
    },
    {
        "type": "message",
        "user": "U08CG8V89",
        "text": "i agree with <@U08DD8LNP> in the respect that censorship is a completely black-or-white issue - either you do it or you don't. datt is making the decision that the technology will not censor (because it will be decentralized) but that nodes can censor as they'd like. but, whereas a non-technical user could never create a wordpress blog or store to create the next silkrose, if everything goes as planned with datt, they will be able to. i would bet the last thing investors want to do is invest in a company that ends up spending the entire investment on legal fights. having said that, there might be investors willing to invest solely for the benefit of creating case law",
        "ts": "1439516088.000301"
    },
    {
        "type": "message",
        "user": "U08DD8LNP",
        "text": "yeah we\u2019re basically playing both sides in that approach.  Basically we would run a curated node that was SEO friendly and the defacto default of where to get your client",
        "ts": "1439516188.000302"
    },
    {
        "type": "message",
        "user": "U08DD8LNP",
        "text": "a safe, user friendly face to a more powerful and distributed network",
        "ts": "1439516221.000303"
    },
    {
        "type": "message",
        "user": "U08DH3ESU",
        "text": "Don't think datt is the benevolent gatekeeper; the node can do what it likes\\",
        "ts": "1439516260.000304"
    },
    {
        "type": "message",
        "user": "U08CG8V89",
        "text": "exactly. and a safe, user friendly face is a lot easier to use by the facebook generation to enter into realms they haven't done so before",
        "ts": "1439516261.000305"
    },
    {
        "type": "message",
        "user": "U08DD8LNP",
        "text": "which is kind of ironic in a way; we\u2019d be building our business on being a curated space while enabling the elimination of unilateral censorship.",
        "ts": "1439516276.000306"
    },
    {
        "type": "message",
        "user": "U08DD8LNP",
        "text": "<@U08DH3ESU>: I\u2019m speaking of a datt controled node\/supernode",
        "ts": "1439516288.000307"
    },
    {
        "type": "message",
        "user": "U08DD8LNP",
        "text": "that the network could survive without, but will be a service we provide",
        "ts": "1439516302.000308"
    },
    {
        "type": "message",
        "user": "U08CG8V89",
        "text": "datt as a company will be held accountable to US laws. make no mistake about it. where the technology goes would be out of the datt foundations's control so that's probably not a legal issue per se. but there's no way <http:\/\/datt.co|datt.co>, as a US company, will not be required to censor certain content",
        "ts": "1439516372.000309"
    },
    {
        "type": "message",
        "user": "U08DH3ESU",
        "text": "Yes; But, wouldn't this have to happen irrespective of what the network or service is; The ultimate responsibility of the content in many scenarios will lie with the provider of content storage; The protocol should be built to ensure that no censorship is possible",
        "ts": "1439516376.000310"
    },
    {
        "type": "message",
        "user": "U08DD8LNP",
        "text": "this goes back to some of the original thinking of reddit back in 2005 actually: <https:\/\/www.youtube.com\/watch?v=5rZ8f3Bx6Po&amp;feature=youtu.be>  Ohanian talks about the idea of reddit being a single place where *everyone* could belong despite wildly differing interests",
        "attachments": [
            {
                "service_name": "YouTube",
                "service_url": "https:\/\/www.youtube.com\/",
                "title": "2005 Reddit Interview",
                "title_link": "https:\/\/www.youtube.com\/watch?v=5rZ8f3Bx6Po&amp;feature=youtu.be",
                "author_name": "Boondoggle Films",
                "author_link": "https:\/\/www.youtube.com\/user\/BoondoggleFilms",
                "thumb_url": "https:\/\/i.ytimg.com\/vi\/5rZ8f3Bx6Po\/hqdefault.jpg",
                "thumb_width": 480,
                "thumb_height": 360,
                "fallback": "YouTube Video: 2005 Reddit Interview",
                "video_html": "<iframe width=\"400\" height=\"225\" src=\"https:\/\/www.youtube.com\/embed\/5rZ8f3Bx6Po?feature=oembed\" frameborder=\"0\" allowfullscreen><\/iframe>",
                "video_html_width": 400,
                "video_html_height": 225,
                "from_url": "https:\/\/www.youtube.com\/watch?v=5rZ8f3Bx6Po&amp;feature=youtu.be",
                "id": 1
            }
        ],
        "ts": "1439516399.000311"
    },
    {
        "type": "message",
        "user": "U08DH3ESU",
        "text": "But the content censored in US can be hosted somewhere else; that is what we intend to make available",
        "ts": "1439516421.000313"
    },
    {
        "type": "message",
        "user": "U08DD8LNP",
        "text": "<@U08DH3ESU>: agreed, this is why I try to always say \u201cunilateral censorship\"",
        "ts": "1439516434.000314"
    },
    {
        "type": "message",
        "user": "U08DD8LNP",
        "text": "instead we have individualized filtering",
        "ts": "1439516440.000315"
    },
    {
        "type": "message",
        "user": "U08DD8LNP",
        "text": "curation without elimination",
        "ts": "1439516445.000316"
    },
    {
        "type": "message",
        "user": "U08DD8LNP",
        "text": "also I\u2019ve found out something that may end up being very good news for us and voat as well.  It looks like the coontown people are starting up their own reddit clone",
        "ts": "1439516506.000317"
    },
    {
        "type": "message",
        "user": "U08DH3ESU",
        "text": "<@U08DD8LNP>: I fully agree on individual preferences being paramount and there should be no elimination; If you can get it from node A then get it from B or C",
        "ts": "1439516514.000318"
    },
    {
        "type": "message",
        "user": "U08CG8V89",
        "text": "ues <@U08DH3ESU> - the content that is censored in one country can be hosted somewhere else. that's not the concern. the concern is <http:\/\/datt.co|datt.co>, as a US-based company will have to have policies, processes, and functionality to censor content... at least i would think so if <http:\/\/datt.co|datt.co> doesn't want to end up spending all investment funds in court",
        "ts": "1439516535.000319"
    },
    {
        "type": "message",
        "user": "U08DD8LNP",
        "text": "with a focus on racially charged humor, that would I think be a good thing as it would draw that sort of activity out of our own",
        "ts": "1439516547.000320"
    },
    {
        "type": "message",
        "user": "U08CG8V89",
        "text": "there will always be those <@U08DD8LNP> who start nods\/communities on datt to do less-than-socially-agreeable things. it's the internet",
        "ts": "1439516599.000321"
    },
    {
        "type": "message",
        "user": "U08DD8LNP",
        "text": "totally, it will never go away",
        "ts": "1439516619.000322"
    },
    {
        "type": "message",
        "user": "U08DD8LNP",
        "text": "trolls like rustling jimmies, it\u2019s what they do.  Trolls always find a way",
        "ts": "1439516643.000323"
    },
    {
        "type": "message",
        "user": "U08DH3ESU",
        "text": "<@U08CG8V89>: \"the concern is <http:\/\/datt.co|datt.co>, as a US-based company will have to have policies, processes, and functionality to censor content.\" -&gt; No. To my limited understanding of the law this should not be an issue. The protocol will be open source. What <http:\/\/datt.co|datt.co> will offer will be on top of this and that will follow the law of the land.",
        "ts": "1439516718.000324"
    },
    {
        "type": "message",
        "user": "U08DD8LNP",
        "text": "the trolls are what made coontown really get huge IMO, and at a high level at least some of it was driven by a desire to get back at reddit for \u201callowing a sjw takeover\u201d",
        "ts": "1439516736.000325"
    },
    {
        "type": "message",
        "user": "U08DD8LNP",
        "text": "Yeah I agree with <@U08DH3ESU> here as long as what we build isn\u2019t deemed a tool of copyright infringement we are responsible for our own nodes behavior not the network as a whole",
        "ts": "1439516774.000326"
    },
    {
        "type": "message",
        "user": "U08CG8V89",
        "text": "so, as the business plan is being developed - especially as a investor deck - i'd suggest a question to keep in mind is what's the answer when an investor asks: \"we think you have an amazing idea and we want to invest $2MM. how do you intend to use that money on the technology and protect it from being used on attorneys creating case law?\"",
        "ts": "1439516819.000327"
    },
    {
        "type": "message",
        "user": "U08DD8LNP",
        "text": "IIRC the standard is \u201csignificant non-infringing uses\u201d but I also believe how you present things is also a factor and what did limewire in (again from hazy memory).",
        "ts": "1439516881.000328"
    },
    {
        "type": "message",
        "user": "U08CG8V89",
        "text": "i don't know the underlying technology used in silkroads 1, 2, etc. <@U08DH3ESU>, but i'm reasonably sure that the government doesn't care if it's open sourced or not",
        "ts": "1439516897.000329"
    },
    {
        "type": "message",
        "user": "U08DD8LNP",
        "text": "silkroads 1 and 2 were not distributed",
        "ts": "1439516911.000330"
    },
    {
        "type": "message",
        "user": "U08DD8LNP",
        "text": "they were centrally run marketplaces more akin to reddit than datt",
        "ts": "1439516925.000331"
    },
    {
        "type": "message",
        "user": "U08CG8V89",
        "text": "right <@U08DD8LNP> - but silkroad 3 could be distributed",
        "ts": "1439516949.000332"
    },
    {
        "type": "message",
        "user": "U08DD8LNP",
        "text": "basically OpenBazaar iirc we hav ea couple of devs from that involved here",
        "ts": "1439516969.000333"
    },
    {
        "type": "message",
        "user": "U08DD8LNP",
        "text": "and there hasn\u2019t been any legal action against them yet, but they jokingly use nuclear arms sales in tech demos",
        "ts": "1439516991.000334"
    },
    {
        "type": "message",
        "user": "U08CG8V89",
        "text": "yes, it would be useful for the openbazaar folks to provide any insights they can. they must have thought through this",
        "ts": "1439517003.000335"
    },
    {
        "type": "message",
        "user": "U08DH3ESU",
        "text": "Silkroad is a different case; Let me put it this way; We are building a protocol like bittorrent and Company A starts hosting content which gets distributed thru' bittorrent; the issue here is not bittorrent but company A hosting content",
        "ts": "1439517023.000336"
    },
    {
        "type": "message",
        "user": "U08DH3ESU",
        "text": "I understand that company A might have an incentive to develop the protocol as their business is dependent on the protocol surviving, but the protocol itself is doing nothing illegal",
        "ts": "1439517080.000337"
    },
    {
        "type": "message",
        "user": "U08DD8LNP",
        "text": "exactly, and the only worry there as I\u2019m aware is us being deemed a copyright infringement tool under DMCA law",
        "ts": "1439517087.000338"
    },
    {
        "type": "message",
        "user": "U08DD8LNP",
        "text": "ah nm that is specifically for drm circumvention tools <https:\/\/www.eff.org\/cases\/us-v-elcomsoft-sklyarov>",
        "attachments": [
            {
                "service_name": "Electronic Frontier Foundation",
                "title": "US v. ElcomSoft Sklyarov",
                "title_link": "https:\/\/www.eff.org\/cases\/us-v-elcomsoft-sklyarov",
                "text": "The DMCA Is Not a Global Statute The FBI arrested Russian programmer Dmitry Sklyarov while he was attending a security conference in Las Vegas to discuss the Advanced eBook Processor, a program to decrypt Adobe eBook files. This made Sklyarov the first person to be criminally charged under the Digital Millennium Copyright Act (DMCA). Adobe initially pressed the case, but, after meeting with EFF, called for all charges against Sklyarov to be dropped. There is no DMCA in Russia, and a jury eventually acquitted Sklyarov's company, ElcomSoft, of willful violation.",
                "fallback": "Electronic Frontier Foundation: US v. ElcomSoft Sklyarov",
                "thumb_url": "https:\/\/www.eff.org\/files\/2015\/03\/02\/eff-og-2.png",
                "ts": 1309561457,
                "from_url": "https:\/\/www.eff.org\/cases\/us-v-elcomsoft-sklyarov",
                "thumb_width": 1200,
                "thumb_height": 630,
                "id": 1
            }
        ],
        "ts": "1439517236.000339"
    },
    {
        "type": "message",
        "user": "U08CG8V89",
        "text": "let me give you an example <@U08DH3ESU> of what i can envision. please correct me if i'm wrong. i can imagine drug dealers listing drugs available in text and users upvoting as bids\/downpayments, with a final tip to the remaining payment. but it doesn't have to be drugs - it could be kidnapped children and their kidnappers are bidding using comments and tips as to the videos they want to see... and i shudder at even that thought. i can't imagine how far this could go. in a centralized system, you can shut that all down. <http:\/\/datt.co|datt.co>, the company, wouldn't host that content. <http:\/\/datt.co|datt.co> would censor it. the question is: what's the process, policies, and functionality to identify it and censor it to show investors that it doesn't have any attention to allow that kind of thing (even if others host nodes that do)?",
        "ts": "1439517289.000341"
    },
    {
        "type": "message",
        "user": "U08DD8LNP",
        "text": "new laws would have to be created to go after us for this sort of thing, and what we want to build is the sort of thing that can\u2019t be put back in the tube once it\u2019s out",
        "ts": "1439517290.000342"
    },
    {
        "type": "message",
        "user": "U08DD8LNP",
        "text": "<@U08CG8V89>: basically same as reddit I expect, we would have to have some people to respond to reports and act on them",
        "ts": "1439517350.000343"
    },
    {
        "type": "message",
        "user": "U08DD8LNP",
        "text": "but we\u2019d likely have little information on the users to respond to warrants, and it would primarily just be a matter of flagging content to take down",
        "ts": "1439517380.000344"
    },
    {
        "type": "message",
        "user": "U08DD8LNP",
        "text": "or rather, filter out",
        "ts": "1439517388.000345"
    },
    {
        "type": "message",
        "user": "U08CG8V89",
        "text": "exactly <@U08DD8LNP> - and i would expect new laws would be created to address what datt has now given non-technical people the ability to do. that means legal costs. i can't imagine investors want to invest their money in creating new law\/case law. well, some will, and perhaps datt should be soliciting them too (e.g., the EFF). but i can't imagine most investors will",
        "ts": "1439517437.000346"
    },
    {
        "type": "message",
        "user": "U08DD8LNP",
        "text": "In a way that might be an interesting self selection on investors and prevent getting any that want to be too controlling since they will likely be at least partially ideologically motivated",
        "ts": "1439517535.000347"
    },
    {
        "type": "message",
        "user": "U08DH3ESU",
        "text": "<@U08CG8V89>: The issue you have mentioned would play out the same way as google hosting content which hurts certain parts in the world; you ban them there and let the others live (the specific use case you have mentioned about children should be universally banned, but that is outside the scope of this protocol)",
        "ts": "1439517539.000348"
    },
    {
        "type": "message",
        "user": "U08CG8V89",
        "text": "there are very real legal implications here, on a country-by-country basis. build the tech, yes. but good investors will look more places than just the tech",
        "ts": "1439517586.000349"
    },
    {
        "type": "message",
        "user": "U08DH3ESU",
        "text": "what I am saying is that the protocol should not have these controls; the layer above the protocol should have a certain degree of control based on what we understand today",
        "ts": "1439517594.000350"
    },
    {
        "type": "message",
        "user": "U08CG8V89",
        "text": "no doubt <@U08DH3ESU>. but the difference with google is that it's one company. servers are decentralized yes. but the company is centralized. there has to be thought put into protecting <http:\/\/datt.co|datt.co>",
        "edited": {
            "user": "U08CG8V89",
            "ts": "1439517851.000000"
        },
        "ts": "1439517666.000351"
    },
    {
        "type": "message",
        "user": "U08DH3ESU",
        "text": "Absolutely we should",
        "ts": "1439517681.000352"
    },
    {
        "type": "message",
        "user": "U08CG8V89",
        "text": "maybe not controls <@U08DH3ESU>. but datt foundation can't ignore building tech that makes it easy to post but difficult (or impossible) to censor by nodes. that means you have to build in controls but leave it up to nodes to use\/build upon",
        "ts": "1439517773.000353"
    },
    {
        "type": "message",
        "user": "U08DH3ESU",
        "text": "disagree; the raw protocol should not be touched for these purposes; if the goal of the datt foundation is also to build these controls, then so be it; But, what needs to be built for controls has to be separate; whether the foundation builds it or some other compaies build it is another point",
        "ts": "1439518407.000355"
    },
    {
        "type": "message",
        "user": "U08ERPTQF",
        "text": "<@U08CG8V89>: Theoretical question: if valME grew as big as reddit is today and began receiving 'legal' takedown requests from foreign countries (assume Germany since they're the flavor of the day)\n\nWould valME:\na) block access to particular content for users from that country \nb) remove just the specific content \nc) restrict access to content \nd) other \ne) none of the above",
        "ts": "1439518766.000356"
    },
    {
        "type": "message",
        "user": "U08CG8V89",
        "text": "i've actually considered that question <@U08ERPTQF>. while i'd prefer partners and legal experts to discuss the alternatives and upsides\/downsides, my belief at this point is that i would do one of 2 things: 1) create a separate legal entity in the country with a copy of the database but specifically block whatever is required to operate in that country; 2) open source the code",
        "ts": "1439518928.000357"
    },
    {
        "type": "message",
        "user": "U08CG8V89",
        "text": "having said that, if valME received a legal request right now from a country other than the US, even if i validated it was from a valid authority, i'd keep the content up",
        "ts": "1439519005.000358"
    },
    {
        "type": "message",
        "user": "U08ERPTQF",
        "text": "Interesting... if you consider a Datt Node has a database of content, excluding content deemed illegal in it's jurisdiction, then it is a similar case to valME, only the legal entity is the person running the Node, not Datt Inc",
        "ts": "1439519053.000359"
    },
    {
        "type": "message",
        "user": "U08CG8V89",
        "text": "i am 100% against censorship, even censorship based on current laws",
        "ts": "1439519061.000360"
    },
    {
        "type": "message",
        "user": "U08CG8V89",
        "text": "absolutely agree <@U08ERPTQF>. except for a few reach outs before valME was built, i didn't seek investor capital. <http:\/\/datt.co|datt.co> will be different though. and having first-hand experience in many legal cases, i will tell you that the legal system is a complete sinkhole. i just think that investors are going to ask the question and datt should be prepared",
        "ts": "1439519193.000361"
    },
    {
        "type": "message",
        "user": "U08CG8V89",
        "text": "i know i would",
        "ts": "1439519202.000362"
    },
    {
        "type": "message",
        "user": "U08DH3ESU",
        "text": "True; that should go in datt foundation's rules\/laws\/principles",
        "ts": "1439519245.000363"
    },
    {
        "type": "message",
        "user": "U08ERPTQF",
        "text": "the other thing Datt provides, is the ability for any government to operate a Collective, so they could feasibly list all content that should not be hosted by nodes in their geography and update it in real time. Node operators in that country would likely take updates (subtractive) from that Collective, and not have to worry about further repercussions. Meanwhile users in those countries could still subscribe to updates (additive) from that Collective and still discover content their govt didn't want them seeing. This is very investor friendly as we let the govts do their own work, not make us the enforcers.",
        "edited": {
            "user": "U08ERPTQF",
            "ts": "1439519591.000000"
        },
        "ts": "1439519386.000364"
    },
    {
        "type": "message",
        "user": "U08CG8V89",
        "text": "here's the key point though <@U08ERPTQF>: on valME, the process and policies are clear and the functionality supports it. valME was built for non-technical users to, among other things, create their own blogs much easier than they would on places like wordpress. if datt ultimately becomes a place where non-technical users can do the same, but unlike valME and doesn't have easy controls to put in place, i would expect <http:\/\/datt.co|datt.co>'s attention will be directed away from the important aspects of the business and into the legal sinkhole",
        "ts": "1439519481.000365"
    },
    {
        "type": "message",
        "user": "U08CG8V89",
        "text": "actually, that would be a great thing for governments to do <@U08ERPTQF>. but, having dealt directly with a few, that's not how they work. they aren't interested in operating collectives or making things easy. they have a hammer and everything others do is a nail. that hammer is called a gun",
        "ts": "1439519572.000366"
    },
    {
        "type": "message",
        "user": "U08CG8V89",
        "text": "i'm not trying to make this a change in direction. i just want to bring up a point that investors will (or should) ask these questions. the questions might not be their first concern, and they might still invest. but any (good) investor is going to look at the totality of the company: the team, the product, the market, the legal aspects, etc. just suggesting that datt should be prepared to answer the questions and show the questions have been considered, even if there isn't a good answer yet to address them completely",
        "ts": "1439519790.000368"
    },
    {
        "type": "message",
        "user": "U08ERPTQF",
        "text": "actually <@U08CG8V89> the Child Abuse Image Database (CAID) is a good example of exactly this -&gt; Governments creating large datasets for matching against. This database has a hash table of images so they can check against other troves of files. Efforts like this could feed into a Collective listing in the future.",
        "ts": "1439519903.000369"
    },
    {
        "type": "message",
        "user": "U08CG8V89",
        "text": "(as an aside, the Barbra Streisand effect is one of the other reasons why a government would never list content they don't want others to see: <https:\/\/en.wikipedia.org\/wiki\/Streisand_effect)>",
        "ts": "1439519912.000370"
    },
    {
        "type": "message",
        "user": "U08CG8V89",
        "text": "true, child abuse is one of the particularly odious examples that most people get behind",
        "ts": "1439519987.000371"
    },
    {
        "type": "message",
        "user": "U08ERPTQF",
        "text": "the listings are just hashes of content, users aren't going to expect that there is great content they are missing out on just because it was listed in a filter by their govt",
        "ts": "1439520015.000372"
    },
    {
        "type": "message",
        "user": "U08DH3ESU",
        "text": "<@U08CG8V89>: I would like to think of the opposite of that; Streisand effect is the one reason the government should try to list things which are for public good",
        "ts": "1439520043.000373"
    },
    {
        "type": "message",
        "user": "U08CG8V89",
        "text": "when i see that content is listed as being censored by a government, i go look :simple_smile:",
        "ts": "1439520061.000374"
    },
    {
        "type": "message",
        "user": "U08DH3ESU",
        "text": "if you hide, you tend to sensationalize it which is counter productive",
        "ts": "1439520071.000375"
    },
    {
        "type": "message",
        "user": "U08ERPTQF",
        "text": "As an Investor in Datt I'd see Collectives as a positive way to involve govts without it taking up time of the core team, or building backend processes to cope with takedown requests, it's already in the protocol.",
        "ts": "1439520119.000376"
    },
    {
        "type": "message",
        "user": "U08CG8V89",
        "text": "<@U08ERPTQF>, that might be something to put in the investor deck then: \"we've considered reaching directly out to governments and helping them creating collectives for objectionable content, etc.\" the point is to have bullets in a deck (and thought around each) that it's been acknowledged and considered",
        "ts": "1439520208.000377"
    },
    {
        "type": "message",
        "user": "U08ERPTQF",
        "text": "if a govt lists 15,000 things a day you're only going to check out a few of them, and when you load the content with that hash and it's particularly objectionable, you're going to assume that the govt are mostly filtering things you didn't want to see. Then you have a horticultural bent and additively subscribe to \/SwitchedOnGardener and now you know you are reading all the posts you want to see.",
        "ts": "1439520281.000378"
    },
    {
        "type": "message",
        "user": "U08CG8V89",
        "text": "and then you're going to have collectives who, rightfully so, curate those 15,000 things into more manageable and consumable lists for people to see and understand :simple_smile:",
        "ts": "1439520338.000379"
    },
    {
        "type": "message",
        "user": "U08ERPTQF",
        "text": "<@U08CG8V89>: yep, something like that will likely make the deck",
        "ts": "1439520345.000380"
    },
    {
        "type": "message",
        "user": "U08CG8V89",
        "text": "to give you some dramatic ideas of the content listings that could be posted and bid on :simple_smile: <http:\/\/www.zerohedge.com\/news\/2015-08-13\/1300-tiger-penis-800k-snipers-complete-black-market-price-guide>",
        "attachments": [
            {
                "title": "From $1,300 Tiger Penis To $800K Snipers: The Complete Black Market Price Guide",
                "title_link": "http:\/\/www.zerohedge.com\/news\/2015-08-13\/1300-tiger-penis-800k-snipers-complete-black-market-price-guide",
                "text": "Leading news site for global finance, economics, market, and political analysis.",
                "fallback": "From $1,300 Tiger Penis To $800K Snipers: The Complete Black Market Price Guide",
                "from_url": "http:\/\/www.zerohedge.com\/news\/2015-08-13\/1300-tiger-penis-800k-snipers-complete-black-market-price-guide",
                "id": 1
            }
        ],
        "ts": "1439520854.000381"
    },
    {
        "type": "message",
        "user": "U08F438SK",
        "text": "Fascinating discussion. I think the earlier point on how <http:\/\/Datt.co|Datt.co> may ironically end up making a business out of censorship is super important. I think this is totally consistent with promoting an uncensored web. How? Consider the internet in general.  I think that if there were no legitimate commercial interests, no Google, no Amazon, that the political \/ criminal aspects of the internet would have caused it to become illegal and halted it's growth. The adoption by unambiguously legitimate agents legitimizes the medium and protects access to the medium. Similarly <http:\/\/Datt.co|Datt.co> , by providing a filtered, unambiguously legitimate p2p media platform, protects access to p2p media platforms.",
        "ts": "1439523276.000383",
        "reactions": [
            {
                "name": "+1",
                "users": [
                    "U08ERPTQF",
                    "U08DH3ESU",
                    "U08F2RTCN",
                    "U08EZP01H"
                ],
                "count": 4
            }
        ]
    },
    {
        "type": "message",
        "user": "U08ERPTQF",
        "text": "<@U08CG8V89>: that article has some inaccuracies... Geckos from New Zealand are actually Tuataras and only get around 900EUR :stuck_out_tongue_winking_eye:",
        "ts": "1439523336.000384"
    },
    {
        "type": "message",
        "user": "U08F438SK",
        "text": "And BTW I am 100% in agreement with keeping protocol open, by censorship-as-a-business I mean investing in tools to make it easy to flag content for vanilla clients to exclude",
        "ts": "1439523579.000385"
    },
    {
        "type": "message",
        "user": "U08F2RTCN",
        "text": "so  what would be the USP for <http:\/\/datt.co|datt.co> when this gets pitched to investors? another question I have is can some node using datt protocol compete with <http:\/\/datt.co|datt.co>?",
        "ts": "1439523654.000386"
    },
    {
        "type": "message",
        "user": "U08DH3ESU",
        "text": "I think the (loosely) analogy of a bittorrent client and bittorrent protocol might be a good way to think about this. This needs more articulation from our side and also clarity. Also, other nodes outside of <http:\/\/datt.co|datt.co> can operate nodes that compete directly with the nodes run by <http:\/\/datt.co|datt.co>",
        "edited": {
            "user": "U08DH3ESU",
            "ts": "1439524010.000000"
        },
        "ts": "1439523727.000387"
    },
    {
        "type": "message",
        "user": "U08ERPTQF",
        "text": "<@U08F2RTCN>: it's too early to be pitching to investors, we need to build something first :simple_smile:",
        "ts": "1439523941.000389"
    },
    {
        "type": "message",
        "user": "U08ERPTQF",
        "text": "secondly, you are right other nodes are absolutely going to compete with the nodes operated by Datt Inc",
        "ts": "1439523980.000390"
    },
    {
        "type": "message",
        "user": "U08ERPTQF",
        "text": "other nodes might even have a more novel business case and attract investment as well",
        "ts": "1439524033.000392"
    },
    {
        "type": "message",
        "user": "U08F438SK",
        "text": "<@U08ERPTQF> agree, good to keep eye on prize though. If we want to build long run we probably need to work full-time. So regardless of timeline, the trajectory has to (as t-&gt;infinity) end somewhere fundable (or self-funding\/bootstrappable)",
        "ts": "1439524087.000393"
    },
    {
        "type": "message",
        "user": "U08ERPTQF",
        "text": "<@U08F438SK>: totally agree",
        "ts": "1439524122.000394"
    },
    {
        "type": "message",
        "user": "U08F438SK",
        "text": "I personally am all for competing, if we succeeded to the extent that someone forked us and got funding then I am sure we can get someone to gamble on us for an honest fight",
        "ts": "1439524154.000395"
    },
    {
        "type": "message",
        "user": "U08ERPTQF",
        "text": "I think it's best to bootstrap for a bit longer, until we have a functional MVP client and clearer value props",
        "ts": "1439524193.000396"
    },
    {
        "type": "message",
        "user": "U08F438SK",
        "text": "Absolutely :-)",
        "ts": "1439524216.000397"
    },
    {
        "type": "message",
        "user": "U08CG8V89",
        "text": "i'll have to take your word for it <@U08ERPTQF> :wink:",
        "ts": "1439524218.000398"
    },
    {
        "type": "message",
        "user": "U08F2RTCN",
        "text": "<@U08ERPTQF>:  yep you are right we need to build and show, that's interesting point that other nodes might outcompete . <@U08F438SK>  I also agree that this probably needs some work fulltime to get the MVP up and running, Ryan did mention that we should bootstrap as long as possible",
        "ts": "1439524230.000399"
    },
    {
        "type": "message",
        "user": "U08F438SK",
        "text": "I don't think full-time is needed for MVP",
        "ts": "1439524254.000400"
    },
    {
        "type": "message",
        "user": "U08F438SK",
        "text": "Post-MVP, long run, will need it though for sure",
        "ts": "1439524271.000401"
    },
    {
        "type": "message",
        "user": "U08F438SK",
        "text": "I think we can launch the first pass on evenings and weekends :-), and Ryan is full-time, right?",
        "ts": "1439524380.000402"
    },
    {
        "type": "message",
        "user": "U08F2RTCN",
        "text": "<@U08F438SK>",
        "ts": "1439524400.000403"
    },
    {
        "type": "message",
        "user": "U08ERPTQF",
        "text": "Yep, Ryan is full time, and quite a few contributors are committing serious amounts of time to the project, so there is enough momentum to achieve MVP",
        "ts": "1439524480.000404"
    },
    {
        "type": "message",
        "user": "U08F2RTCN",
        "text": "<@U08F438SK> yes Ryan is full time and evenings on weekends would be good. Avoid any contributions during your day job to avoid any IP issues later on. Like the  silicon valley episode :simple_smile:",
        "ts": "1439524589.000405"
    },
    {
        "type": "message",
        "user": "U08F438SK",
        "text": "Haha yeah I never, ever use work equip and do not comment on here while @ desk",
        "ts": "1439524658.000406"
    },
    {
        "type": "message",
        "user": "U08F2RTCN",
        "text": "<@U08F438SK> same here no work equipment usage and trying to avoid any comments on slack during day job time, its hard to catch up later though ..",
        "ts": "1439524830.000407"
    },
    {
        "type": "message",
        "user": "U08F438SK",
        "text": "For the record, I was blown away when I saw the Datt announcement because it is literally a dream of mine to work on making it so people can create content for a living online, and to make the economy more p2p. So would I work on this full-time, at high risk? If I could do it without starving and without encumbering anyone else (who isn't a gambler and sharing in upside), *absolutely*",
        "ts": "1439525011.000408",
        "reactions": [
            {
                "name": "+1",
                "users": [
                    "U08F2RTCN",
                    "U08EZP01H",
                    "U08CBD41G"
                ],
                "count": 3
            }
        ]
    },
    {
        "type": "message",
        "user": "U08ERPTQF",
        "text": "I work for myself, so no IP issues here :simple_smile:",
        "ts": "1439525104.000409"
    },
    {
        "type": "message",
        "user": "U08F438SK",
        "text": "But that's all a thousand miles away for now. But I am not engaged in idle play, even though likely to get same result. You guys have something great here. Thank you (esp <@U07GDL0H5> )",
        "ts": "1439525109.000410",
        "reactions": [
            {
                "name": "+1",
                "users": [
                    "U08ERPTQF",
                    "U08F2RTCN",
                    "U08DH3ESU",
                    "U07GDL0H5"
                ],
                "count": 4
            }
        ]
    }
]