[
    {
        "type": "message",
        "user": "U08DH3ESU",
        "text": "Question on Lightning networks: Assuming we are using something like lightning network for duplex micropayments, are we thinking about implementing hops or would it only be 1 - 1 payments? The reason I am curious is because if we implement something like a lightning network with hops, then the intermediate notes are like clearing houses. This can be an legal issue. In the presentation done by Joseph Poon last month at SF Bitcoin devs refer to slides 21-25. Both Bob and Carol act just like clearing houses. Section 8 of the paper mentions that the network does not need clearing house but the I am still confused because whether the trust is placed on an entity programmatically or just by name like it happens today, they are clearing payments.",
        "ts": "1439814820.000622"
    },
    {
        "type": "message",
        "user": "U07GDL0H5",
        "text": "lightning network by definition has hops. if there are no hops, it's not lightning. note that the hops do not have access to the funds, so IMO traditional regulation shouldn't apply, but who knows how the government will interpret them.",
        "ts": "1439828501.000623"
    },
    {
        "user": "U0971JB4N",
        "type": "message",
        "subtype": "channel_join",
        "text": "<@U0971JB4N|raraymon> has joined the channel",
        "ts": "1439833723.000624"
    },
    {
        "type": "message",
        "user": "U08ERPTQF",
        "text": "Agree with <@U07GDL0H5> the hops shouldn't fall foul of regulation. If anything, they are providing complex escrow negotiations",
        "ts": "1439838691.000625"
    }
]