[
    {
        "type": "message",
        "user": "U08EZP01H",
        "text": "<@U08DH3ESU>: Some days the value of decentralized trust seems so revolutionary I don't know how we won't see a massive migration to internet '3.0'. Then other days I hear about another SOPA, PIPA, DOOFUS law.",
        "ts": "1439574489.004088"
    },
    {
        "type": "message",
        "user": "U08EZP01H",
        "text": "Such an awesome space to be working in.",
        "ts": "1439574581.004089"
    },
    {
        "type": "message",
        "user": "U08FFU90F",
        "text": "Come ask Ryan X. Charles, Ethereum, Augur, and OpenBazaar anything you want. They are doing a live Q&amp;A on ZapChain right now: <https:\/\/www.zapchain.com\/a\/W7M8nphtCU>",
        "attachments": [
            {
                "service_name": "ZapChain",
                "title": "Decentralization",
                "title_link": "https:\/\/www.zapchain.com\/a\/W7M8nphtCU",
                "text": "ZapChain is the best place to discuss emerging technology.",
                "fallback": "ZapChain: Decentralization",
                "image_url": "https:\/\/s3.amazonaws.com\/files.parsetfss.com\/f4ce45fa-ab12-4c24-a33c-a100a8133f3f\/tfss-537086a2-10ea-4d32-8773-8d9fa27980c7-zapchain_logo_square.png",
                "from_url": "https:\/\/www.zapchain.com\/a\/W7M8nphtCU",
                "image_width": 238,
                "image_height": 238,
                "image_bytes": 9835,
                "id": 1
            }
        ],
        "ts": "1439576033.004090"
    }
]