[
    {
        "user": "U08BU3AA2",
        "type": "message",
        "subtype": "channel_join",
        "text": "<@U08BU3AA2|schwentker> has joined the channel",
        "ts": "1438227066.000002"
    },
    {
        "type": "message",
        "user": "U07GDL0H5",
        "text": "yay, welcome <@U08BU3AA2> !",
        "ts": "1438227120.000003"
    },
    {
        "user": "U08BY8MGV",
        "type": "message",
        "subtype": "channel_join",
        "text": "<@U08BY8MGV|bradkam> has joined the channel",
        "ts": "1438236596.000004"
    },
    {
        "type": "message",
        "user": "U07GDL0H5",
        "text": "welcome <@U08BY8MGV> !",
        "ts": "1438236786.000005"
    }
]