[
    {
        "type": "message",
        "user": "U08K9N7PU",
        "text": "Thought about the full nodes for a second. How about having them able to also connect optionally via tor?  Would it be beneficial? ",
        "ts": "1439051772.003880"
    },
    {
        "type": "message",
        "user": "U08K9N7PU",
        "text": "Also thoughts on lightning network.  It makes sense from a timetable perspective.  Is it desirable to keep a door open to switch to some kind of sidechain in the future?  Bitcoin makes sense for external settlement.  But I don't see it as the ideal micropayment internal to datt long term.  I'm thinking 50-100years from now. ",
        "ts": "1439052150.003881"
    },
    {
        "type": "message",
        "user": "U08K9N7PU",
        "text": "I meant sidechain to an alt currency more adapt to the purpose of datt for internal fares and post tolls",
        "ts": "1439052263.003882"
    },
    {
        "type": "message",
        "user": "U07GDL0H5",
        "text": "<@U08K9N7PU>: the simplest way to do payments right now is with normal bitcoin transactions. that will make genuine micropayments expensive. lightning network is much better in theory, but hasn't been fully implemented by anyone yet. there's also another paper we have linked somewhere on a design that is simpler than the lightning network that is also an option.",
        "ts": "1439057496.003883"
    },
    {
        "type": "message",
        "user": "U07GDL0H5",
        "text": "sidechains strike me as being even further behind than the lightning network, but are an option at some point in the future.",
        "ts": "1439057520.003884"
    },
    {
        "type": "message",
        "user": "U07GDL0H5",
        "text": "we'll probably just have to keep improving the payment infrastructure over time. it probably won't ever be \"finished\"",
        "ts": "1439057552.003885"
    },
    {
        "type": "message",
        "user": "U07GDL0H5",
        "text": "i'm heading out now for <@U08F438SK> 's meetup ... will take about 1.5hrs - 2hrs to get there",
        "ts": "1439058881.003886"
    },
    {
        "type": "message",
        "user": "U08F438SK",
        "text": "Awesome - looking forward",
        "ts": "1439060530.003887"
    },
    {
        "type": "message",
        "user": "U08F438SK",
        "text": "Doors are open, anyone needing help findi g us ring me at <tel:858-201-8813|858-201-8813> ",
        "ts": "1439060577.003888"
    },
    {
        "type": "message",
        "user": "U08F438SK",
        "text": "DATT meetup @ Entropi <http:\/\/meetu.ps\/2LdRQq>",
        "attachments": [
            {
                "service_name": "Meetup",
                "title": "Entropi",
                "title_link": "http:\/\/meetu.ps\/2LdRQq",
                "text": "Co-working and project update for Ryan X Charles' decentralized Reddit project (<http:\/\/github.com\/dattnetwork|github.com\/dattnetwork>) following the DATT hackathon in SF.",
                "fallback": "Meetup: Entropi",
                "thumb_url": "http:\/\/img1.meetupstatic.com\/img\/004881038276245959070\/new_logo_big.png",
                "from_url": "http:\/\/meetu.ps\/2LdRQq",
                "thumb_width": 567,
                "thumb_height": 392,
                "id": 1
            }
        ],
        "ts": "1439060591.003889"
    },
    {
        "type": "message",
        "user": "U08F438SK",
        "text": "BTW, happy to donate AWS hosting for any DATT related pages",
        "ts": "1439064388.003891"
    },
    {
        "type": "message",
        "user": "U08F438SK",
        "text": "putting up links \/ tasks from meeting today on a temp Trello page: <https:\/\/trello.com\/b\/lTcFyn3e\/datt-8-8-2015>",
        "ts": "1439067018.003892",
        "reactions": [
            {
                "name": "+1",
                "users": [
                    "U08ERPTQF"
                ],
                "count": 1
            }
        ]
    },
    {
        "type": "message",
        "user": "U08F438SK",
        "text": "oops, link was not public. fixed now :wink:",
        "ts": "1439067139.003893"
    },
    {
        "user": "U08R1E07Q",
        "type": "message",
        "subtype": "channel_join",
        "text": "<@U08R1E07Q|chrismarie> has joined the channel",
        "ts": "1439072016.003894"
    },
    {
        "type": "message",
        "user": "U08F438SK",
        "text": "OK, Webcoin is actually really nice",
        "ts": "1439088646.003895"
    },
    {
        "type": "message",
        "user": "U08F438SK",
        "text": "(for browser\/nodejs isomorphic blockchain\/bitcoin code)",
        "ts": "1439088681.003896"
    },
    {
        "type": "message",
        "user": "U08F438SK",
        "text": "and it works with Bitcore, so can use payment channels from there.",
        "ts": "1439088692.003897"
    },
    {
        "type": "message",
        "user": "U07GDL0H5",
        "text": "<http:\/\/datt.co\/>",
        "ts": "1439089340.003898"
    },
    {
        "type": "message",
        "user": "U07GDL0H5",
        "text": "i think DNS may not have propagated everywhere yet, but that works for me (slack didn't seem to pick it up)",
        "ts": "1439089403.003899"
    },
    {
        "type": "message",
        "user": "U08MAKT70",
        "text": "website looks!",
        "ts": "1439091073.003900"
    },
    {
        "type": "message",
        "user": "U08MAKT70",
        "text": "*looks good",
        "ts": "1439091083.003901"
    },
    {
        "type": "message",
        "user": "U08DH3ESU",
        "text": "Website Works fine. Looks good. ",
        "ts": "1439091468.003902"
    },
    {
        "type": "message",
        "user": "U08F438SK",
        "text": "yeah, looks awesome. tweeted it :simple_smile:",
        "ts": "1439093756.003903"
    },
    {
        "type": "message",
        "user": "U08ERPTQF",
        "text": "<http:\/\/Datt.co|Datt.co> improvements:\n+ Night sky banner courtesy of <@U08EZP01H> \n+ Beta signup form via formspree\n+ Slackin button is embedded",
        "ts": "1439099603.003904",
        "reactions": [
            {
                "name": "+1",
                "users": [
                    "U08F2RTCN",
                    "U08F438SK",
                    "U07GDL0H5",
                    "U08MAKT70"
                ],
                "count": 4
            }
        ]
    },
    {
        "type": "message",
        "user": "U07GDL0H5",
        "text": "i'm using tweetdeck to manage my normal account + @dattnetwork ... wow. i had no idea twitter had a power tool like this at my disposal.",
        "ts": "1439099717.003905"
    },
    {
        "type": "message",
        "user": "U07GDL0H5",
        "text": "i've been tweeting for 4 years and never even heard of this before",
        "ts": "1439099727.003906"
    },
    {
        "type": "message",
        "user": "U08ERPTQF",
        "text": "the 'genesis' tweets have a nice candour to them :thumbsup:",
        "ts": "1439100771.003907",
        "reactions": [
            {
                "name": "simple_smile",
                "users": [
                    "U08F438SK",
                    "U08EZP01H"
                ],
                "count": 2
            }
        ]
    },
    {
        "user": "U08R6QWP3",
        "type": "message",
        "subtype": "channel_join",
        "text": "<@U08R6QWP3|msfeldstein> has joined the channel",
        "ts": "1439101576.003908"
    }
]