[
    {
        "user": "U08MAKT70",
        "type": "message",
        "subtype": "channel_join",
        "text": "<@U08MAKT70|johan> has joined the channel",
        "ts": "1439072664.000098"
    },
    {
        "user": "U08R1E07Q",
        "type": "message",
        "subtype": "channel_join",
        "text": "<@U08R1E07Q|chrismarie> has joined the channel",
        "ts": "1439073609.000099"
    },
    {
        "type": "message",
        "user": "U08R1E07Q",
        "text": "forked this and did some basic md formatting",
        "ts": "1439078316.000100",
        "reactions": [
            {
                "name": "+1",
                "users": [
                    "U08ERPTQF"
                ],
                "count": 1
            }
        ]
    }
]