[
    {
        "type": "message",
        "user": "U08DD8LNP",
        "text": "<@U07GDL0H5>: yeah this whole bitcoin drama could be a way to instruct the technical community of how our moderation model works",
        "ts": "1439929593.000394",
        "reactions": [
            {
                "name": "+1",
                "users": [
                    "U08ERPTQF",
                    "U095A29EK",
                    "U08EZP01H"
                ],
                "count": 3
            }
        ]
    },
    {
        "type": "message",
        "user": "U08DD8LNP",
        "text": "You could have \/r\/bitcoin without theymos and without having to bootstrap a whole new community",
        "ts": "1439929610.000395"
    },
    {
        "user": "U08T3P50D",
        "type": "message",
        "subtype": "channel_join",
        "text": "<@U08T3P50D|yanislav> has joined the channel",
        "ts": "1439941185.000396"
    }
]