[
    {
        "type": "message",
        "user": "U08MAKT70",
        "text": "Mailing w the JoyStream founder now, turns out he is Norwegian as well :stuck_out_tongue:",
        "ts": "1440487502.000020"
    },
    {
        "type": "message",
        "user": "U08ERPTQF",
        "text": "Should we accommodate setting a maximum allowable message size for a Node? Larger content then would only propagate to nodes with a higher limit...",
        "ts": "1440489393.000021"
    },
    {
        "type": "message",
        "user": "U08MAKT70",
        "text": "Can you elaborate on that? Are you thinking content propagates to nodes without the nodes requesting it?",
        "ts": "1440491008.000022"
    },
    {
        "type": "message",
        "user": "U08ERPTQF",
        "text": "I'm thinking that some nodes will have very broad filters in terms of the content they request, but they may not want a 700MB chunk of encrypted data that is unlikely to be a text post.\nSince the p2p protocol provides a message length, it should be possible for a node to drop that connection when the length is greater than the limit they configured",
        "ts": "1440491377.000023"
    },
    {
        "type": "message",
        "user": "U08ERPTQF",
        "text": "In the long term we will look to a solution like ipfs for larger content, but it wouldn't hurt to have a config setting up front",
        "ts": "1440491481.000024"
    },
    {
        "type": "message",
        "user": "U08DH3ESU",
        "text": "I would be worried if something gets stored in my system of which I am not aware of. (from an illegality perspective). Even if it is encrypted. If it is encrypted, the author must provide some kind of assurance (for lack of a better word) about the content.",
        "ts": "1440492088.000025"
    },
    {
        "type": "message",
        "user": "U08DH3ESU",
        "text": "Government's pushing for mandatory decryption is one aspect of it. The node should be worried if it is propagating content that is downright illegal like revenge p*rn or child p*rn. So, we need a way to handle this. Something like encryption is allowed only at a cost or only with certain amount of reputation in the system or you need to identify yourself if you need to encrypt the content.",
        "ts": "1440492490.000026"
    },
    {
        "type": "message",
        "user": "U08ERPTQF",
        "text": "<@U08DH3ESU>: this is where a limit on the message size could help you as a node - set it really low so you are only storing link posts and small text posts &lt;10KB",
        "ts": "1440495421.000027"
    },
    {
        "type": "message",
        "user": "U08DH3ESU",
        "text": "understand how the size can help, but still I feel the node should have complete control over what it stores and make the policy amply clear. I still feel that if you want to encrypt your content it should come at a cost (not necessarily monetary)",
        "ts": "1440495547.000028"
    },
    {
        "type": "message",
        "user": "U08ERPTQF",
        "text": "How about a config to only host content where the decryption key is provided to the Node, that way you can check all the content your node is hosting",
        "ts": "1440496495.000029"
    },
    {
        "type": "message",
        "user": "U08DH3ESU",
        "text": "that would be useful or at least keep it in an escrow kind of system so that the node can access if required",
        "ts": "1440497760.000030"
    },
    {
        "type": "message",
        "user": "U08MAKT70",
        "text": "Anybody has experience with DHTs? Would like some opinions about if we should implement our own or use one already available",
        "ts": "1440520469.000031"
    },
    {
        "type": "message",
        "user": "U08F438SK",
        "text": "Think you should only host content you have requested, but act as DHT routing table node regardless",
        "ts": "1440551214.000032"
    },
    {
        "type": "message",
        "user": "U08F438SK",
        "text": "Storing IP addresses \/ ports of nodes which have content corresponding to a hash seems pretty safe",
        "ts": "1440551253.000033"
    },
    {
        "type": "message",
        "user": "U08F438SK",
        "text": "You are completely ignorant of the preimage",
        "ts": "1440551270.000034"
    },
    {
        "type": "message",
        "user": "U08F438SK",
        "text": "Going to be hacking again tonight thankfully.",
        "ts": "1440551327.000035"
    },
    {
        "type": "message",
        "user": "U08F438SK",
        "text": "Clarification: It seems you should be safe holding a routing table for bad content as \"You are completely ignorant of the pre-image\" (pre-image==content)",
        "ts": "1440552024.000036"
    },
    {
        "type": "message",
        "user": "U08ERPTQF",
        "text": "<@U08F438SK>: how would this affect the initial propagation of a post? Only the Author holds a copy until nodes start requesting it?",
        "edited": {
            "user": "U08ERPTQF",
            "ts": "1440552771.000000"
        },
        "ts": "1440552746.000037"
    },
    {
        "type": "message",
        "user": "U08ERPTQF",
        "text": "I had imagined it working more like a Bitcoin transaction. Posts are propagated quickly across the network and nodes\/clients apply a bloom filter &amp; assess other characteristics to determine whether it is something relevant to the node",
        "ts": "1440553041.000039"
    },
    {
        "type": "message",
        "user": "U08F438SK",
        "text": "Let's try them both but you will always get scary content unless it is pull. Perhaps you can 'follow' other users (or collectives), thus signing up to have their content pushed . I saw your description earlier though and 1st pass building push system. Do have to say I personally have a bias towards pull along lines of what <@U08MAKT70> suggests. But just broadcasting\/flooding for 1st pass",
        "ts": "1440553312.000040",
        "reactions": [
            {
                "name": "+1",
                "users": [
                    "U08ERPTQF"
                ],
                "count": 1
            }
        ]
    },
    {
        "type": "message",
        "user": "U08DH3ESU",
        "text": "(off-topic on payments) <https:\/\/medium.com\/@demibre\/time-is-money-4919099ad7e3> (<http:\/\/faradam.com|faradam.com>). It is not duplex micropayment, but one way.",
        "attachments": [
            {
                "service_name": "Medium",
                "title": "Time Is Money",
                "title_link": "https:\/\/medium.com\/@demibre\/time-is-money-4919099ad7e3",
                "text": "But collecting the money can be a hassle. And it gets worse if you bill by the hour or work remotely for your clients, a\u2026",
                "fallback": "Medium: Time Is Money",
                "thumb_url": "https:\/\/cdn-images-1.medium.com\/max\/800\/0*h0knkb8nI4-MCp_k.jpeg",
                "ts": 1440421181,
                "from_url": "https:\/\/medium.com\/@demibre\/time-is-money-4919099ad7e3",
                "thumb_width": 240,
                "thumb_height": 240,
                "id": 1
            }
        ],
        "ts": "1440563476.000041"
    },
    {
        "type": "message",
        "user": "U08F438SK",
        "text": "Yeah I saw that. Those guys do beautiful work.",
        "ts": "1440564426.000043"
    }
]