[
    {
        "type": "message",
        "user": "U08DD8LNP",
        "text": "<@U08MAKT70>: the idea is to provide an interface to the UI through an ember service that lightly wraps the network library\/module",
        "ts": "1441776734.000002"
    },
    {
        "type": "message",
        "user": "U08DD8LNP",
        "text": "simple mocks here: <https:\/\/github.com\/dattnetwork\/datt.ui\/blob\/master\/app\/services\/datt.js>",
        "attachments": [
            {
                "service_name": "GitHub",
                "title": "dattnetwork\/datt.ui",
                "title_link": "https:\/\/github.com\/dattnetwork\/datt.ui\/blob\/master\/app\/services\/datt.js",
                "text": "datt.ui - Ember.js UX\/mock playground that may eventually evolve into something useful",
                "fallback": "GitHub: dattnetwork\/datt.ui",
                "thumb_url": "https:\/\/avatars0.githubusercontent.com\/u\/13266895?v=3&s=400",
                "from_url": "https:\/\/github.com\/dattnetwork\/datt.ui\/blob\/master\/app\/services\/datt.js",
                "thumb_width": 214,
                "thumb_height": 214,
                "id": 1
            }
        ],
        "ts": "1441776813.000003"
    },
    {
        "type": "message",
        "user": "U08DD8LNP",
        "text": "ember has it\u2019s own concept of events and we can translate whatever event system you\u2019re using to that in the wrapper",
        "ts": "1441776843.000005"
    },
    {
        "type": "message",
        "user": "U08DD8LNP",
        "text": "<https:\/\/github.com\/dattnetwork\/datt.ui\/blob\/master\/app\/services\/datt.js#L50> and <https:\/\/github.com\/dattnetwork\/datt.ui\/blob\/master\/app\/components\/sorted-thread.js#L19> is an example of how that can be used in the UI",
        "ts": "1441776922.000006"
    }
]