[
    {
        "type": "message",
        "subtype": "file_share",
        "text": "<@U08F438SK|willy> uploaded a file: <https:\/\/dattnetwork.slack.com\/files\/willy\/F09FM0DCP\/atlanticsaysyoucanpostforfreeormaybe100.png|AtlanticSaysYouCanPostForFreeOrMaybe100.png> and commented: Sucks to be a journalist. Excerpt of emails between a digital editor at the Atlantic and a writer, Nate Thayer,  where the Atlantic implies it is a privilege to publish with them so Nate should do it for free. Provoked controversy in 2013. ",
        "file": {
            "id": "F09FM0DCP",
            "created": 1440311302,
            "timestamp": 1440311302,
            "name": "AtlanticSaysYouCanPostForFreeOrMaybe100.png",
            "title": "AtlanticSaysYouCanPostForFreeOrMaybe100.png",
            "mimetype": "image\/png",
            "filetype": "png",
            "pretty_type": "PNG",
            "user": "U08F438SK",
            "editable": false,
            "size": 104660,
            "mode": "hosted",
            "is_external": false,
            "external_type": "",
            "is_public": true,
            "public_url_shared": false,
            "display_as_bot": false,
            "username": "",
            "url_private": "https:\/\/files.slack.com\/files-pri\/T07GDKW3U-F09FM0DCP\/atlanticsaysyoucanpostforfreeormaybe100.png?t=xoxe-7557676130-19603236052-19608971585-522f2efa97",
            "url_private_download": "https:\/\/files.slack.com\/files-pri\/T07GDKW3U-F09FM0DCP\/download\/atlanticsaysyoucanpostforfreeormaybe100.png?t=xoxe-7557676130-19603236052-19608971585-522f2efa97",
            "thumb_64": "https:\/\/files.slack.com\/files-tmb\/T07GDKW3U-F09FM0DCP-fbe67e7563\/atlanticsaysyoucanpostforfreeormaybe100_64.png?t=xoxe-7557676130-19603236052-19608971585-522f2efa97",
            "thumb_80": "https:\/\/files.slack.com\/files-tmb\/T07GDKW3U-F09FM0DCP-fbe67e7563\/atlanticsaysyoucanpostforfreeormaybe100_80.png?t=xoxe-7557676130-19603236052-19608971585-522f2efa97",
            "thumb_360": "https:\/\/files.slack.com\/files-tmb\/T07GDKW3U-F09FM0DCP-fbe67e7563\/atlanticsaysyoucanpostforfreeormaybe100_360.png?t=xoxe-7557676130-19603236052-19608971585-522f2efa97",
            "thumb_360_w": 237,
            "thumb_360_h": 360,
            "thumb_480": "https:\/\/files.slack.com\/files-tmb\/T07GDKW3U-F09FM0DCP-fbe67e7563\/atlanticsaysyoucanpostforfreeormaybe100_480.png?t=xoxe-7557676130-19603236052-19608971585-522f2efa97",
            "thumb_480_w": 316,
            "thumb_480_h": 480,
            "thumb_160": "https:\/\/files.slack.com\/files-tmb\/T07GDKW3U-F09FM0DCP-fbe67e7563\/atlanticsaysyoucanpostforfreeormaybe100_160.png?t=xoxe-7557676130-19603236052-19608971585-522f2efa97",
            "thumb_720": "https:\/\/files.slack.com\/files-tmb\/T07GDKW3U-F09FM0DCP-fbe67e7563\/atlanticsaysyoucanpostforfreeormaybe100_720.png?t=xoxe-7557676130-19603236052-19608971585-522f2efa97",
            "thumb_720_w": 473,
            "thumb_720_h": 720,
            "image_exif_rotation": 1,
            "original_w": 539,
            "original_h": 820,
            "permalink": "https:\/\/dattnetwork.slack.com\/files\/willy\/F09FM0DCP\/atlanticsaysyoucanpostforfreeormaybe100.png",
            "permalink_public": "https:\/\/slack-files.com\/T07GDKW3U-F09FM0DCP-826f325f55",
            "channels": [
                "C08HRSD6U"
            ],
            "groups": [

            ],
            "ims": [

            ],
            "comments_count": 1,
            "initial_comment": {
                "id": "Fc09FM52J1",
                "created": 1440311302,
                "timestamp": 1440311302,
                "user": "U08F438SK",
                "comment": "Sucks to be a journalist. Excerpt of emails between a digital editor at the Atlantic and a writer, Nate Thayer,  where the Atlantic implies it is a privilege to publish with them so Nate should do it for free. Provoked controversy in 2013. "
            }
        },
        "user": "U08F438SK",
        "upload": true,
        "display_as_bot": false,
        "username": "<@U08F438SK|willy>",
        "bot_id": null,
        "ts": "1440311304.000432"
    },
    {
        "type": "message",
        "subtype": "file_share",
        "text": "<@U08F438SK|willy> uploaded a file: <https:\/\/dattnetwork.slack.com\/files\/willy\/F09FM5ACV\/journalism_notmakingit_from_digital_editor_of_atlantic.png|Journalism_NotMakingIt_from_digital_editor_of_Atlantic.png> and commented: Digital editor of Atlantic Monthly talking about going broke and having to sell all of his possessions trying to make it as a writer. ",
        "file": {
            "id": "F09FM5ACV",
            "created": 1440311350,
            "timestamp": 1440311350,
            "name": "Journalism_NotMakingIt_from_digital_editor_of_Atlantic.png",
            "title": "Journalism_NotMakingIt_from_digital_editor_of_Atlantic.png",
            "mimetype": "image\/png",
            "filetype": "png",
            "pretty_type": "PNG",
            "user": "U08F438SK",
            "editable": false,
            "size": 70118,
            "mode": "hosted",
            "is_external": false,
            "external_type": "",
            "is_public": true,
            "public_url_shared": false,
            "display_as_bot": false,
            "username": "",
            "url_private": "https:\/\/files.slack.com\/files-pri\/T07GDKW3U-F09FM5ACV\/journalism_notmakingit_from_digital_editor_of_atlantic.png?t=xoxe-7557676130-19603236052-19608971585-522f2efa97",
            "url_private_download": "https:\/\/files.slack.com\/files-pri\/T07GDKW3U-F09FM5ACV\/download\/journalism_notmakingit_from_digital_editor_of_atlantic.png?t=xoxe-7557676130-19603236052-19608971585-522f2efa97",
            "thumb_64": "https:\/\/files.slack.com\/files-tmb\/T07GDKW3U-F09FM5ACV-0f1c31b0fb\/journalism_notmakingit_from_digital_editor_of_atlantic_64.png?t=xoxe-7557676130-19603236052-19608971585-522f2efa97",
            "thumb_80": "https:\/\/files.slack.com\/files-tmb\/T07GDKW3U-F09FM5ACV-0f1c31b0fb\/journalism_notmakingit_from_digital_editor_of_atlantic_80.png?t=xoxe-7557676130-19603236052-19608971585-522f2efa97",
            "thumb_360": "https:\/\/files.slack.com\/files-tmb\/T07GDKW3U-F09FM5ACV-0f1c31b0fb\/journalism_notmakingit_from_digital_editor_of_atlantic_360.png?t=xoxe-7557676130-19603236052-19608971585-522f2efa97",
            "thumb_360_w": 360,
            "thumb_360_h": 253,
            "thumb_480": "https:\/\/files.slack.com\/files-tmb\/T07GDKW3U-F09FM5ACV-0f1c31b0fb\/journalism_notmakingit_from_digital_editor_of_atlantic_480.png?t=xoxe-7557676130-19603236052-19608971585-522f2efa97",
            "thumb_480_w": 480,
            "thumb_480_h": 338,
            "thumb_160": "https:\/\/files.slack.com\/files-tmb\/T07GDKW3U-F09FM5ACV-0f1c31b0fb\/journalism_notmakingit_from_digital_editor_of_atlantic_160.png?t=xoxe-7557676130-19603236052-19608971585-522f2efa97",
            "image_exif_rotation": 1,
            "original_w": 657,
            "original_h": 462,
            "permalink": "https:\/\/dattnetwork.slack.com\/files\/willy\/F09FM5ACV\/journalism_notmakingit_from_digital_editor_of_atlantic.png",
            "permalink_public": "https:\/\/slack-files.com\/T07GDKW3U-F09FM5ACV-7415acd0cd",
            "channels": [
                "C08HRSD6U"
            ],
            "groups": [

            ],
            "ims": [

            ],
            "comments_count": 1,
            "initial_comment": {
                "id": "Fc09FLNFAP",
                "created": 1440311350,
                "timestamp": 1440311350,
                "user": "U08F438SK",
                "comment": "Digital editor of Atlantic Monthly talking about going broke and having to sell all of his possessions trying to make it as a writer. "
            }
        },
        "user": "U08F438SK",
        "upload": true,
        "display_as_bot": false,
        "username": "<@U08F438SK|willy>",
        "bot_id": null,
        "ts": "1440311352.000433"
    },
    {
        "type": "message",
        "subtype": "file_share",
        "text": "<@U08F438SK|willy> uploaded a file: <https:\/\/dattnetwork.slack.com\/files\/willy\/F09FLU5M4\/problem_whatdigitalmodelworksforgeneralinterestmagazine.png|Problem_WhatDigitalModelWorksForGeneralInterestMagazine.png> and commented: Digital editor of Atlantic Monthly begs for a model which could pay a publication like his online. Begins to do the numbers; rest in <http:\/\/www.theatlantic.com\/technology\/archive\/2013\/03\/a-day-in-the-life-of-a-digital-editor-2013\/273763\/>",
        "file": {
            "id": "F09FLU5M4",
            "created": 1440311409,
            "timestamp": 1440311409,
            "name": "Problem_WhatDigitalModelWorksForGeneralInterestMagazine.png",
            "title": "Problem_WhatDigitalModelWorksForGeneralInterestMagazine.png",
            "mimetype": "image\/png",
            "filetype": "png",
            "pretty_type": "PNG",
            "user": "U08F438SK",
            "editable": false,
            "size": 93790,
            "mode": "hosted",
            "is_external": false,
            "external_type": "",
            "is_public": true,
            "public_url_shared": false,
            "display_as_bot": false,
            "username": "",
            "url_private": "https:\/\/files.slack.com\/files-pri\/T07GDKW3U-F09FLU5M4\/problem_whatdigitalmodelworksforgeneralinterestmagazine.png?t=xoxe-7557676130-19603236052-19608971585-522f2efa97",
            "url_private_download": "https:\/\/files.slack.com\/files-pri\/T07GDKW3U-F09FLU5M4\/download\/problem_whatdigitalmodelworksforgeneralinterestmagazine.png?t=xoxe-7557676130-19603236052-19608971585-522f2efa97",
            "thumb_64": "https:\/\/files.slack.com\/files-tmb\/T07GDKW3U-F09FLU5M4-7ab97ad70d\/problem_whatdigitalmodelworksforgeneralinterestmagazine_64.png?t=xoxe-7557676130-19603236052-19608971585-522f2efa97",
            "thumb_80": "https:\/\/files.slack.com\/files-tmb\/T07GDKW3U-F09FLU5M4-7ab97ad70d\/problem_whatdigitalmodelworksforgeneralinterestmagazine_80.png?t=xoxe-7557676130-19603236052-19608971585-522f2efa97",
            "thumb_360": "https:\/\/files.slack.com\/files-tmb\/T07GDKW3U-F09FLU5M4-7ab97ad70d\/problem_whatdigitalmodelworksforgeneralinterestmagazine_360.png?t=xoxe-7557676130-19603236052-19608971585-522f2efa97",
            "thumb_360_w": 360,
            "thumb_360_h": 316,
            "thumb_480": "https:\/\/files.slack.com\/files-tmb\/T07GDKW3U-F09FLU5M4-7ab97ad70d\/problem_whatdigitalmodelworksforgeneralinterestmagazine_480.png?t=xoxe-7557676130-19603236052-19608971585-522f2efa97",
            "thumb_480_w": 480,
            "thumb_480_h": 421,
            "thumb_160": "https:\/\/files.slack.com\/files-tmb\/T07GDKW3U-F09FLU5M4-7ab97ad70d\/problem_whatdigitalmodelworksforgeneralinterestmagazine_160.png?t=xoxe-7557676130-19603236052-19608971585-522f2efa97",
            "image_exif_rotation": 1,
            "original_w": 699,
            "original_h": 613,
            "permalink": "https:\/\/dattnetwork.slack.com\/files\/willy\/F09FLU5M4\/problem_whatdigitalmodelworksforgeneralinterestmagazine.png",
            "permalink_public": "https:\/\/slack-files.com\/T07GDKW3U-F09FLU5M4-a91f2225b8",
            "channels": [
                "C08HRSD6U"
            ],
            "groups": [

            ],
            "ims": [

            ],
            "comments_count": 1,
            "initial_comment": {
                "id": "Fc09FM0ZCP",
                "created": 1440311409,
                "timestamp": 1440311409,
                "user": "U08F438SK",
                "comment": "Digital editor of Atlantic Monthly begs for a model which could pay a publication like his online. Begins to do the numbers; rest in <http:\/\/www.theatlantic.com\/technology\/archive\/2013\/03\/a-day-in-the-life-of-a-digital-editor-2013\/273763\/>"
            }
        },
        "user": "U08F438SK",
        "upload": true,
        "display_as_bot": false,
        "username": "<@U08F438SK|willy>",
        "bot_id": null,
        "ts": "1440311411.000434"
    }
]