[
    {
        "user": "U08C464NS",
        "type": "message",
        "subtype": "channel_join",
        "text": "<@U08C464NS|chris> has joined the channel",
        "ts": "1438673166.000076"
    },
    {
        "user": "U08C22VNW",
        "type": "message",
        "subtype": "channel_join",
        "text": "<@U08C22VNW|mhouston> has joined the channel",
        "ts": "1438698871.000077"
    },
    {
        "user": "U08DD8LNP",
        "type": "message",
        "subtype": "channel_join",
        "text": "<@U08DD8LNP|go1dfish> has joined the channel",
        "ts": "1438730733.000078"
    },
    {
        "type": "message",
        "user": "U08DD8LNP",
        "text": "one place to reach out community wise would be <https:\/\/www.reddit.com\/r\/blackout2015>",
        "attachments": [
            {
                "service_name": "reddit",
                "title": "Blackout 2015 \u2022 \/r\/Blackout2015",
                "title_link": "https:\/\/www.reddit.com\/r\/blackout2015",
                "text": "A place to discuss the great reddit forced obsolescence of 2015",
                "fallback": "reddit: Blackout 2015 \u2022 \/r\/Blackout2015",
                "thumb_url": "https:\/\/www.redditstatic.com\/icon.png",
                "from_url": "https:\/\/www.reddit.com\/r\/blackout2015",
                "thumb_width": 256,
                "thumb_height": 256,
                "id": 1
            }
        ],
        "ts": "1438730994.000079"
    },
    {
        "type": "message",
        "user": "U08DD8LNP",
        "text": "I think a retrospective piece on our progress so far would probably do quite well there.",
        "ts": "1438731027.000081"
    },
    {
        "user": "U08DH3ESU",
        "type": "message",
        "subtype": "channel_join",
        "text": "<@U08DH3ESU|aramkris> has joined the channel",
        "ts": "1438743535.000082"
    }
]