[
    {
        "type": "message",
        "user": "U08ERPTQF",
        "text": "I like the concept that everyone participating on the network is providing value in a positive sense",
        "edited": {
            "user": "U08ERPTQF",
            "ts": "1439104156.000000"
        },
        "ts": "1439103808.000205"
    },
    {
        "type": "message",
        "user": "U08C464NS",
        "text": "Yeah, lower quality stuff would automatically get left behind + users could block content locally right?",
        "ts": "1439103939.000206"
    },
    {
        "type": "message",
        "user": "U08C464NS",
        "text": "the onus would always be on the mods to curate better",
        "ts": "1439104199.000208"
    },
    {
        "type": "message",
        "user": "U08ERPTQF",
        "text": "yea, Contributors provide valuable content -&gt; Mods curate content into collectives -&gt; Nodes propagate content -&gt; Users vote on content... every stage is valuable and positive feedback to the other participants.\nNodes might prioritise content on the user votes -&gt; Mods of more popular collectives become aware of the content -&gt; Contributors are recognised for their work and will post more :simple_smile:",
        "ts": "1439104312.000209"
    }
]