[
    {
        "type": "message",
        "user": "U08EZP01H",
        "text": "Did anyone do a SWOT analysis at any point? I can't recall for certain and I plan to put one in the marketing plan",
        "ts": "1441327387.000045"
    },
    {
        "type": "message",
        "user": "U08ERPTQF",
        "text": "<@U08EZP01H>: don't think anyone has. I'm keen to contribute to the SWOT",
        "ts": "1441327537.000046"
    },
    {
        "type": "message",
        "user": "U08EZP01H",
        "text": "I could start a Google document with a simple SWOT outline and we can start making bulletpoints.",
        "ts": "1441327706.000047"
    },
    {
        "type": "message",
        "user": "U08ERPTQF",
        "text": " Yea lets do it",
        "ts": "1441327725.000048"
    },
    {
        "type": "message",
        "user": "U08EZP01H",
        "text": "Here's the link <https:\/\/docs.google.com\/document\/d\/1gyXB_wAG6Lrh_j62eBmi79zdKC73rfgJbGoI1IJUZMU\/edit?usp=sharing>",
        "ts": "1441327919.000049"
    },
    {
        "type": "message",
        "user": "U08EZP01H",
        "text": "i'm in no rush with it today, so stop by whenever you can",
        "ts": "1441327977.000050"
    },
    {
        "type": "message",
        "user": "U08ERPTQF",
        "text": "If I do R3D, do you want to do DECENT?",
        "ts": "1441328015.000051"
    },
    {
        "type": "message",
        "user": "U08ERPTQF",
        "text": "There's probably 5 or 6 others...",
        "ts": "1441328051.000052"
    },
    {
        "type": "message",
        "user": "U08EZP01H",
        "text": "do you have a link, if there's a better way to do this i'm all for it",
        "ts": "1441328076.000053"
    },
    {
        "type": "message",
        "user": "U08EZP01H",
        "text": "do you mean other analysis? like PEST?",
        "ts": "1441328194.000054"
    },
    {
        "type": "message",
        "user": "U08ERPTQF",
        "text": "<http:\/\/decent.ch> (fixed url) is a good place to start. R3D are on bitcointalk. Let's add them to the intro of your doc &amp; then tick them off",
        "edited": {
            "user": "U08ERPTQF",
            "ts": "1441328510.000000"
        },
        "ts": "1441328220.000055"
    },
    {
        "type": "message",
        "user": "U08ERPTQF",
        "text": "Let's stick to the trusty ol' SWOT format for now",
        "ts": "1441328256.000056"
    },
    {
        "type": "message",
        "user": "U08ERPTQF",
        "text": "If I'm reading it right, R3D have crowdfunded 927 BTC: <https:\/\/bittrex.com\/Market\/Index?MarketName=BTC-R3D>",
        "ts": "1441328730.000058"
    },
    {
        "type": "message",
        "user": "U08ERPTQF",
        "text": "We should include some non-blockchain competitors like Voat and Aether",
        "ts": "1441328826.000059"
    },
    {
        "type": "message",
        "user": "U08ERPTQF",
        "text": "What do you think about Reveal as a competitor? They have some of the social sharing\/celeb focus that could overlap what we're doing",
        "ts": "1441329113.000060"
    },
    {
        "type": "message",
        "user": "U08ERPTQF",
        "text": "<https:\/\/reveal.me\/coin>",
        "attachments": [
            {
                "title": "Reveal Coin",
                "title_link": "https:\/\/reveal.me\/coin",
                "text": "Reveal has created its own cryptocurrency called Reveal Coin (RVL), which allows users to share in the value they help to create.",
                "fallback": "Reveal Coin",
                "from_url": "https:\/\/reveal.me\/coin",
                "id": 1
            }
        ],
        "ts": "1441329263.000061"
    },
    {
        "type": "message",
        "user": "U08EZP01H",
        "text": "We can put everything on the 'similar projects list' and elevate as needed",
        "ts": "1441329285.000063"
    },
    {
        "type": "message",
        "user": "U08EZP01H",
        "text": "I hadn't heard of them. Their visual presentation is top notch.",
        "ts": "1441329312.000064"
    },
    {
        "type": "message",
        "user": "U08ERPTQF",
        "text": "They made a big splash in June with their backing by BOOST VC, so they could easily pivot and become more of a competitor",
        "ts": "1441329400.000065"
    },
    {
        "type": "message",
        "user": "U08EZP01H",
        "text": "This document is really interesting <https:\/\/reveal.me\/rewards.pdf>",
        "ts": "1441329513.000066"
    },
    {
        "type": "message",
        "user": "U08ERPTQF",
        "text": "Yea that's the one I remembered reading",
        "ts": "1441329590.000067"
    },
    {
        "type": "message",
        "user": "U08ERPTQF",
        "text": "The path they've taken is the quickest path to market IMO",
        "ts": "1441329650.000068"
    },
    {
        "type": "message",
        "user": "U08EZP01H",
        "text": "the advertising industry is well aware it's about to go through a shakeup. models like that are worth watching.",
        "ts": "1441330015.000069"
    },
    {
        "type": "message",
        "user": "U08ERPTQF",
        "text": "absolutely. Hence why we need to nail this in the next 3-6 months IMO",
        "ts": "1441330067.000070"
    },
    {
        "type": "message",
        "user": "U08F438SK",
        "text": "<@U08ERPTQF> agreed, trying to keep pushing on dev side. sorry had to give day job some love this week. Full steam again starting tomorrow evening. All Monday for Datt too :-P",
        "ts": "1441338477.000071",
        "reactions": [
            {
                "name": "rocket",
                "users": [
                    "U08ERPTQF"
                ],
                "count": 1
            }
        ]
    }
]