[
    {
        "type": "message",
        "user": "U08EZP01H",
        "text": "\"People don't buy what you do, they buy why you do it.\" <http:\/\/www.varchannelmarketing.com\/people-dont-buy-what-you-do-they-buy-why-you-do-it>",
        "attachments": [
            {
                "service_name": "VAR Channel Marketing",
                "title": "People don't buy what you do, they buy why you do it",
                "title_link": "http:\/\/www.varchannelmarketing.com\/people-dont-buy-what-you-do-they-buy-why-you-do-it",
                "fallback": "VAR Channel Marketing: People don't buy what you do, they buy why you do it",
                "image_url": "http:\/\/www.varchannelmarketing.com\/wp-content\/uploads\/2014\/02\/The-golden-circle-e1391717108503-300x264.gif",
                "ts": 1391707714,
                "from_url": "http:\/\/www.varchannelmarketing.com\/people-dont-buy-what-you-do-they-buy-why-you-do-it",
                "image_width": 284,
                "image_height": 250,
                "image_bytes": 25908,
                "id": 1
            }
        ],
        "ts": "1440692631.000005"
    },
    {
        "type": "message",
        "user": "U08EZP01H",
        "text": "An update on progress for the marketing plan. Re-organized it to make it more comprehensive. Wrote the summary as well. <https:\/\/docs.google.com\/document\/d\/1n61bW6JYmzLP0BQQUsFmVj5ilHKZ2S4QBAewKuH6xjo\/edit>",
        "ts": "1440722283.000007"
    },
    {
        "type": "message",
        "user": "U08F438SK",
        "text": "Amazing <@U08EZP01H>! I have been sharing the Sinek video for a long time, love to see it here and excited to embrace his approach.",
        "ts": "1440722473.000008"
    },
    {
        "type": "message",
        "user": "U08F438SK",
        "text": "Not Datt specific, but to share my \"why\" on \"why decentralize\", *in general*, I wrote the following blurb :",
        "ts": "1440722535.000009"
    },
    {
        "type": "message",
        "user": "U08F438SK",
        "text": "WHY decentralized? Because we want to live in a world of creators and collaborators, not consumers and critics. We decentralize NOT to fight the powers-that-be, but to empower the powers that could be: any inspired individual, or you, or me. *In a decentralized world, anyone is allowed to participate to make it better.*",
        "ts": "1440722542.000010",
        "reactions": [
            {
                "name": "+1",
                "users": [
                    "U08ERPTQF",
                    "U08EZP01H",
                    "U07GDL0H5",
                    "U094X6WUT"
                ],
                "count": 4
            }
        ]
    },
    {
        "type": "message",
        "user": "U08F438SK",
        "text": "Corny but that's where I come from (wrote we because it sounds better, it is up to others to decide if they agree ;-) )",
        "ts": "1440722588.000011"
    },
    {
        "type": "message",
        "user": "U08EZP01H",
        "text": "I'm glad you shared that. I was thinking about asking everyone who was willing to write their own 'why' in a few words. Those sentiments sell decentralization, and datt, better than any ad spend could.",
        "ts": "1440722716.000012"
    },
    {
        "type": "message",
        "user": "U08ERPTQF",
        "text": "<@U08EZP01H> &amp; <@U08F438SK> couldn't agree more.\nIn our case the Why is compelling enough that you don't necessarily have to explain how to most of the users",
        "ts": "1440722789.000013"
    },
    {
        "type": "message",
        "user": "U08ERPTQF",
        "text": "<@U08EZP01H>: I'll write one on why Datt is a protocol not another platform",
        "ts": "1440722865.000014"
    },
    {
        "type": "message",
        "user": "U08EZP01H",
        "text": "That'd be great <@U08ERPTQF>. In the marketing stuff I keep wanting to write 'protocol' instead of 'product' and 'platform' but I don't think we have consensus on semantics.",
        "ts": "1440722981.000015"
    },
    {
        "type": "message",
        "user": "U08EZP01H",
        "text": "Or maybe that's something we embrace as part of the marketing. We could grab on to Andreas' concept that everything is going from institution -&gt; platform -&gt; protocol.",
        "ts": "1440723058.000016"
    },
    {
        "type": "message",
        "user": "U08ERPTQF",
        "text": "It's hard because protocol can seem foreign to users who expect a product or platform, but if we embrace it then it helps to differentiate Datt",
        "ts": "1440723087.000017"
    },
    {
        "type": "message",
        "user": "U08ERPTQF",
        "text": "Yea and the protocol ties back to unlocking new powers, and setting inclusivity as the default not exclusivity",
        "ts": "1440723177.000018"
    },
    {
        "type": "message",
        "user": "U08F438SK",
        "text": "Can't wait <@U08ERPTQF> ",
        "ts": "1440723214.000019"
    }
]