[
    {
        "user": "U08FSH97D",
        "type": "message",
        "subtype": "channel_join",
        "text": "<@U08FSH97D|matan.field> has joined the channel",
        "ts": "1438524316.000141"
    },
    {
        "user": "U08FVLJR4",
        "type": "message",
        "subtype": "channel_join",
        "text": "<@U08FVLJR4|akshithg> has joined the channel",
        "ts": "1438538633.000142"
    },
    {
        "user": "U08CG8V89",
        "type": "message",
        "subtype": "channel_join",
        "text": "<@U08CG8V89|c_prompt> has joined the channel",
        "ts": "1438542601.000143"
    },
    {
        "type": "message",
        "user": "U08F438SK",
        "text": "using \"kad\" module in JS + levelup to store content while prototyping",
        "ts": "1438543632.000144"
    },
    {
        "user": "U08F2RTCN",
        "type": "message",
        "subtype": "channel_join",
        "text": "<@U08F2RTCN|deepakraous> has joined the channel",
        "ts": "1438544243.000145"
    },
    {
        "user": "U08FWU9ST",
        "type": "message",
        "subtype": "channel_join",
        "text": "<@U08FWU9ST|primavera> has joined the channel",
        "ts": "1438544266.000146"
    },
    {
        "user": "U08EZP01H",
        "type": "message",
        "subtype": "channel_join",
        "text": "<@U08EZP01H|darrenm> has joined the channel",
        "ts": "1438556089.000147"
    }
]