[
    {
        "user": "U08GXNESG",
        "type": "message",
        "subtype": "channel_join",
        "text": "<@U08GXNESG|jessepollak> has joined the channel",
        "ts": "1438617183.000115"
    },
    {
        "user": "U08H2MDMJ",
        "type": "message",
        "subtype": "channel_join",
        "text": "<@U08H2MDMJ|ethanz> has joined the channel",
        "ts": "1438622463.000116"
    },
    {
        "user": "U08H3RPAN",
        "type": "message",
        "subtype": "channel_join",
        "text": "<@U08H3RPAN|chels_bar> has joined the channel",
        "ts": "1438623653.000117"
    },
    {
        "user": "U08HHL5FE",
        "type": "message",
        "subtype": "channel_join",
        "text": "<@U08HHL5FE|whit> has joined the channel",
        "ts": "1438639984.000118"
    },
    {
        "type": "message",
        "user": "U08BZE91C",
        "text": "I'll be in SF during the week of Coin Congress if you guys are having a meet up",
        "ts": "1438640165.000119"
    },
    {
        "type": "message",
        "user": "U08EZP01H",
        "text": "Here I am looking silly 2 weeks into a lease in Seattle haha",
        "ts": "1438640663.000120"
    },
    {
        "type": "message",
        "user": "U08EZP01H",
        "text": "<@U08BZE91C>: I think this is the last update <https:\/\/dattnetwork.slack.com\/archives\/general\/p1438573980003313>",
        "attachments": [
            {
                "color": "4D394B",
                "from_url": "https:\/\/dattnetwork.slack.com\/archives\/general\/p1438573980003313",
                "fallback": "[August 2nd, 2015 8:53 PM] willy: Created placeholder meetup for next Saturday's session in South Bay @ Entropi:  <http:\/\/meetu.ps\/2LdRQq> \nWill update description text when off mobile (feel free to send me suggested edits)",
                "author_subname": "willy",
                "ts": "1438573980.003313",
                "text": "Created placeholder meetup for next Saturday's session in South Bay @ Entropi:  <http:\/\/meetu.ps\/2LdRQq> \nWill update description text when off mobile (feel free to send me suggested edits)",
                "author_name": "Willy Bruns",
                "author_link": "https:\/\/dattnetwork.slack.com\/team\/willy",
                "author_icon": "https:\/\/secure.gravatar.com\/avatar\/a37b85e5c9e0e5251b95468d1f471a82.jpg?s=48&d=https%3A%2F%2Fslack.global.ssl.fastly.net%2F66f9%2Fimg%2Favatars%2Fava_0014-48.png",
                "mrkdwn_in": [
                    "text"
                ],
                "id": 1
            }
        ],
        "ts": "1438640788.000121"
    },
    {
        "user": "U08HMMCT0",
        "type": "message",
        "subtype": "channel_join",
        "text": "<@U08HMMCT0|markkat> has joined the channel",
        "ts": "1438647214.000123"
    }
]