[
    {
        "type": "message",
        "subtype": "file_share",
        "text": "<@U07GDL0H5|ryanxcharles> uploaded a file: <https:\/\/dattnetwork.slack.com\/files\/ryanxcharles\/F09BCAN22\/datt_network_overview.png|Datt Network Overview.png> and commented: This chart is an overview of what nodes exist on the datt p2p network, and shows the difference between payments and communication, and that user != node, and that light node != full node.",
        "file": {
            "id": "F09BCAN22",
            "created": 1440031594,
            "timestamp": 1440031594,
            "name": "Datt Network Overview.png",
            "title": "Datt Network Overview.png",
            "mimetype": "image\/png",
            "filetype": "png",
            "pretty_type": "PNG",
            "user": "U07GDL0H5",
            "editable": false,
            "size": 114120,
            "mode": "hosted",
            "is_external": false,
            "external_type": "",
            "is_public": true,
            "public_url_shared": false,
            "display_as_bot": false,
            "username": "",
            "url": "https:\/\/slack-files.com\/files-pub\/T07GDKW3U-F09BCAN22-efdefb6bb1\/datt_network_overview.png",
            "url_download": "https:\/\/slack-files.com\/files-pub\/T07GDKW3U-F09BCAN22-efdefb6bb1\/download\/datt_network_overview.png",
            "url_private": "https:\/\/files.slack.com\/files-pri\/T07GDKW3U-F09BCAN22\/datt_network_overview.png",
            "url_private_download": "https:\/\/files.slack.com\/files-pri\/T07GDKW3U-F09BCAN22\/download\/datt_network_overview.png",
            "thumb_64": "https:\/\/slack-files.com\/files-tmb\/T07GDKW3U-F09BCAN22-8d8720df5e\/datt_network_overview_64.png",
            "thumb_80": "https:\/\/slack-files.com\/files-tmb\/T07GDKW3U-F09BCAN22-8d8720df5e\/datt_network_overview_80.png",
            "thumb_360": "https:\/\/slack-files.com\/files-tmb\/T07GDKW3U-F09BCAN22-8d8720df5e\/datt_network_overview_360.png",
            "thumb_360_w": 360,
            "thumb_360_h": 270,
            "thumb_480": "https:\/\/slack-files.com\/files-tmb\/T07GDKW3U-F09BCAN22-8d8720df5e\/datt_network_overview_480.png",
            "thumb_480_w": 480,
            "thumb_480_h": 360,
            "thumb_160": "https:\/\/slack-files.com\/files-tmb\/T07GDKW3U-F09BCAN22-8d8720df5e\/datt_network_overview_160.png",
            "thumb_720": "https:\/\/slack-files.com\/files-tmb\/T07GDKW3U-F09BCAN22-8d8720df5e\/datt_network_overview_720.png",
            "thumb_720_w": 720,
            "thumb_720_h": 540,
            "image_exif_rotation": 1,
            "original_w": 960,
            "original_h": 720,
            "permalink": "https:\/\/dattnetwork.slack.com\/files\/ryanxcharles\/F09BCAN22\/datt_network_overview.png",
            "permalink_public": "https:\/\/slack-files.com\/T07GDKW3U-F09BCAN22-efdefb6bb1",
            "channels": [
                "C08EJG7M1"
            ],
            "groups": [

            ],
            "ims": [

            ],
            "comments_count": 1,
            "initial_comment": {
                "id": "Fc09BCE4MP",
                "created": 1440031594,
                "timestamp": 1440031594,
                "user": "U07GDL0H5",
                "comment": "This chart is an overview of what nodes exist on the datt p2p network, and shows the difference between payments and communication, and that user != node, and that light node != full node."
            },
            "reactions": [
                {
                    "name": "+1",
                    "users": [
                        "U08ERPTQF",
                        "U08EZP01H"
                    ],
                    "count": 2
                }
            ]
        },
        "user": "U07GDL0H5",
        "upload": true,
        "display_as_bot": false,
        "username": "<@U07GDL0H5|ryanxcharles>",
        "bot_id": null,
        "ts": "1440031596.000640"
    },
    {
        "type": "message",
        "user": "U08ERPTQF",
        "text": "Pennybank is a micropayment implantation intended for IoT (doesn't seem like a good fit for Datt so posting for reference only) <https:\/\/github.com\/quartzjer\/pennybank\/blob\/master\/spec.md>",
        "attachments": [
            {
                "service_name": "GitHub",
                "title": "quartzjer\/pennybank",
                "title_link": "https:\/\/github.com\/quartzjer\/pennybank\/blob\/master\/spec.md",
                "text": "pennybank - Bitcoin Microtransaction Smart Contracts",
                "fallback": "GitHub: quartzjer\/pennybank",
                "thumb_url": "https:\/\/avatars1.githubusercontent.com\/u\/61632?v=3&s=400",
                "from_url": "https:\/\/github.com\/quartzjer\/pennybank\/blob\/master\/spec.md",
                "thumb_width": 400,
                "thumb_height": 400,
                "id": 1
            }
        ],
        "ts": "1440046041.000642"
    },
    {
        "type": "message",
        "user": "U08ERPTQF",
        "text": "What I really like about Pennybank is the microPoW based on the difficulty of a single Satoshi",
        "ts": "1440047806.000644"
    },
    {
        "type": "message",
        "user": "U08ERPTQF",
        "text": "Reading the \"Multi-Party Penny Bankers\" use case, it  sounds like it could be adopted if Custom Nodes were participating as Penny Bankers",
        "ts": "1440048003.000645"
    },
    {
        "user": "U08DE11UZ",
        "type": "message",
        "subtype": "channel_join",
        "text": "<@U08DE11UZ|sp0rkyd0rky> has joined the channel",
        "ts": "1440048349.000646"
    },
    {
        "type": "message",
        "user": "U08F438SK",
        "text": "Nice",
        "ts": "1440049282.000647"
    }
]