[
    {
        "type": "message",
        "user": "U08DH3ESU",
        "text": "(Off-topic) Integrating micropayments into existing networking (www) standards. <http:\/\/www.w3.org\/Payments\/IG\/Vision> If they manage to pull this off it would be awesome for content creators (&amp; merchants in general).",
        "ts": "1440163262.000657"
    },
    {
        "type": "message",
        "user": "U08F438SK",
        "text": "Yes, indeed",
        "ts": "1440164632.000658"
    },
    {
        "type": "message",
        "user": "U08F438SK",
        "text": "just pushed a bunch of stuff to my fork, merging ryan's latest then submitting another PR",
        "ts": "1440164726.000659"
    },
    {
        "type": "message",
        "user": "U07GDL0H5",
        "text": "fyi, just talked with juan benet of ipfs - reading some docs now <https:\/\/github.com\/ipfs\/ipfs>",
        "attachments": [
            {
                "service_name": "GitHub",
                "title": "ipfs\/ipfs",
                "title_link": "https:\/\/github.com\/ipfs\/ipfs",
                "text": "ipfs - IPFS - The Permanent Web",
                "fallback": "GitHub: ipfs\/ipfs",
                "thumb_url": "https:\/\/avatars2.githubusercontent.com\/u\/10536621?v=3&s=400",
                "from_url": "https:\/\/github.com\/ipfs\/ipfs",
                "thumb_width": 400,
                "thumb_height": 400,
                "id": 1
            }
        ],
        "ts": "1440179376.000660"
    },
    {
        "type": "message",
        "user": "U07GDL0H5",
        "text": "my current thoughts on ipfs are that if it were more mature, i would definitely say we should use it. so the question is more over whether it's mature enough for us. you can't right now create the type of web app we're creating without either going through a gateway or by having the user run their version of a \"full node\", but they are working on a js implementation of ipfs that works over web sockets and web RTC, and when they are done with that, it could actually be used for datt",
        "ts": "1440179478.000662",
        "reactions": [
            {
                "name": "+1",
                "users": [
                    "U08ERPTQF"
                ],
                "count": 1
            }
        ]
    },
    {
        "type": "message",
        "user": "U08F438SK",
        "text": "I am inclined to keep going since we will need the expertise anyway to make this a top quality product",
        "ts": "1440180396.000663"
    },
    {
        "type": "message",
        "user": "U08F438SK",
        "text": "And depending on another ambitious general project is a little dangerous in terms of timeline. Better to be pleasantly surprised and switch to them than to have to start building it ourselves later if they push back ",
        "ts": "1440180451.000664",
        "reactions": [
            {
                "name": "+1",
                "users": [
                    "U08ERPTQF",
                    "U07GDL0H5"
                ],
                "count": 2
            }
        ]
    },
    {
        "type": "message",
        "user": "U08F438SK",
        "text": "My 2\u00a2",
        "ts": "1440180455.000665"
    },
    {
        "type": "message",
        "user": "U08F438SK",
        "text": "What do you think?",
        "ts": "1440180524.000666"
    },
    {
        "type": "message",
        "user": "U08F438SK",
        "text": "(an aside,  I love their README.md so fucking much. After introducing their project: \"It sounds crazy. It\u00a0is\u00a0crazy.\")",
        "ts": "1440180754.000667"
    },
    {
        "type": "message",
        "user": "U08F438SK",
        "text": "&amp; BTW it is a *product* consideration, not a technical one that motivates me",
        "ts": "1440180931.000668"
    },
    {
        "type": "message",
        "user": "U08F438SK",
        "text": "I don't see how the paradigm can change without the economics changing, because the service costs are now borne by users",
        "ts": "1440180973.000669"
    },
    {
        "type": "message",
        "user": "U08F438SK",
        "text": "Working backwards from there it seems we have to nail this part.",
        "ts": "1440181001.000670"
    },
    {
        "type": "message",
        "user": "U08F438SK",
        "text": "Without chasing the dev cycle at other projects, or getting stuck maintaining their code if they change direction ",
        "ts": "1440181036.000671"
    },
    {
        "type": "message",
        "user": "U08ERPTQF",
        "text": "Really good points <@U08F438SK> ",
        "ts": "1440184020.000672"
    },
    {
        "type": "message",
        "user": "U07GDL0H5",
        "text": "completely agreed <@U08F438SK> . \"Without chasing the dev cycle at other projects, or getting stuck maintaining their code if they change direction \" - definitely part of my hesitation about ipfs, and other similar technologies",
        "ts": "1440185784.000673"
    }
]