[
    {
        "type": "message",
        "user": "U08MAKT70",
        "text": "I did a small test where I changed the whole network module into using WebTorrent. Used magnet-links (instead of the raw hash) and was able to get content from a client to another. This could make us get a very scalable solution for content sharing up and running very fast",
        "ts": "1441964294.000007",
        "reactions": [
            {
                "name": "simple_smile",
                "users": [
                    "U07GDL0H5"
                ],
                "count": 1
            }
        ]
    },
    {
        "type": "message",
        "user": "U08MAKT70",
        "text": "I feel there is a bit of delay though. Finding peers is not instant",
        "ts": "1441964331.000008"
    },
    {
        "type": "message",
        "user": "U07GDL0H5",
        "text": "i have a roommate in montreal, and he is the guy who created this: <https:\/\/github.com\/drwasho\/bips\/blob\/master\/dynamicblocksize.mediawiki>",
        "attachments": [
            {
                "service_name": "GitHub",
                "title": "drwasho\/bips",
                "title_link": "https:\/\/github.com\/drwasho\/bips\/blob\/master\/dynamicblocksize.mediawiki",
                "text": "bips - Bitcoin Improvement Proposals",
                "fallback": "GitHub: drwasho\/bips",
                "thumb_url": "https:\/\/avatars1.githubusercontent.com\/u\/3887694?v=3&s=400",
                "from_url": "https:\/\/github.com\/drwasho\/bips\/blob\/master\/dynamicblocksize.mediawiki",
                "thumb_width": 400,
                "thumb_height": 400,
                "id": 1
            }
        ],
        "ts": "1442032269.000011"
    },
    {
        "type": "message",
        "user": "U07GDL0H5",
        "text": "woops wrong link",
        "ts": "1442032272.000013"
    },
    {
        "type": "message",
        "user": "U07GDL0H5",
        "text": "<https:\/\/github.com\/cornwarecjp\/amiko-pay>",
        "attachments": [
            {
                "service_name": "GitHub",
                "title": "cornwarecjp\/amiko-pay",
                "title_link": "https:\/\/github.com\/cornwarecjp\/amiko-pay",
                "text": "amiko-pay - A de-centralized network for fast, secure, cheap and privacy-friendly off-blockchain Bitcoin transactions.",
                "fallback": "GitHub: cornwarecjp\/amiko-pay",
                "thumb_url": "https:\/\/avatars0.githubusercontent.com\/u\/2883848?v=3&s=400",
                "from_url": "https:\/\/github.com\/cornwarecjp\/amiko-pay",
                "thumb_width": 80,
                "thumb_height": 80,
                "id": 1
            }
        ],
        "ts": "1442032279.000014",
        "reactions": [
            {
                "name": "+1",
                "users": [
                    "U08ERPTQF",
                    "U08FJ080J",
                    "U08F438SK",
                    "U08DH3ESU"
                ],
                "count": 4
            }
        ]
    },
    {
        "type": "message",
        "user": "U07GDL0H5",
        "text": "it's a python implementation of something very much like the lightning network",
        "ts": "1442032292.000016"
    },
    {
        "type": "message",
        "user": "U07GDL0H5",
        "text": "supposedly more mature than the other half implementations we've seen",
        "ts": "1442032302.000017"
    },
    {
        "type": "message",
        "user": "U07GDL0H5",
        "text": "though still not complete",
        "ts": "1442032306.000018"
    },
    {
        "type": "message",
        "user": "U08ERPTQF",
        "text": "The original 2013 paper is a good read <http:\/\/cornwarecjp.github.io\/amiko-pay\/doc\/amiko_draft_2.pdf>",
        "ts": "1442034331.000019"
    }
]