[
    {
        "type": "message",
        "user": "U08EZP01H",
        "text": "When we're prepared to join OB as a sticker-first company, <http:\/\/www.stickermule.com|www.stickermule.com> has 1000 for $255.  Other top sites come it between $240 and $300 for 3x3 round. Costs fall fast with volume as well.",
        "ts": "1440964723.000021",
        "reactions": [
            {
                "name": "star2",
                "users": [
                    "U08ERPTQF",
                    "U07GDL0H5"
                ],
                "count": 2
            }
        ]
    },
    {
        "type": "message",
        "user": "U08F438SK",
        "text": "haha nice. I'm down with stickers. do they take BTC?",
        "ts": "1440965036.000022"
    },
    {
        "type": "message",
        "user": "U08F438SK",
        "text": "alas, they have a page where you can vote for them to do so, but not yet: <https:\/\/stickermule.uservoice.com\/forums\/47157-sticker-mule\/suggestions\/6230726-accept-bitcoin>",
        "attachments": [
            {
                "service_name": "Customer Feedback for Sticker Mule",
                "title": "Accept bitcoin!",
                "title_link": "https:\/\/stickermule.uservoice.com\/forums\/47157-sticker-mule\/suggestions\/6230726-accept-bitcoin",
                "text": "With companies like Dell, <http:\/\/Overstock.com|Overstock.com> and <http:\/\/cheapair.com|cheapair.com> accepting bitcoin, they have seen increased commerce from the growing bitcoin community. I would love to buy stickers for my company with bitcoin!",
                "fallback": "Customer Feedback for Sticker Mule: Accept bitcoin!",
                "image_url": "http:\/\/assets0.uvcdn.com\/pkg\/logo\/uservoice-bullhorn-512px-9a72b93b3f03eec38c53439abfd06d91.png",
                "from_url": "https:\/\/stickermule.uservoice.com\/forums\/47157-sticker-mule\/suggestions\/6230726-accept-bitcoin",
                "image_width": 250,
                "image_height": 250,
                "image_bytes": 13719,
                "id": 1
            }
        ],
        "ts": "1440965145.000023"
    },
    {
        "type": "message",
        "user": "U08EZP01H",
        "text": "Just voted +3 haha",
        "ts": "1440965166.000025"
    },
    {
        "type": "message",
        "user": "U08F438SK",
        "text": ":+1: me too",
        "ts": "1440965210.000026"
    },
    {
        "type": "message",
        "user": "U08F438SK",
        "text": "BTW if someone wants to buy the stickers I'll totally pay for it. Lot of work went into these awesome assets, should show them off in the real world",
        "ts": "1440974623.000027"
    },
    {
        "type": "message",
        "user": "U08F438SK",
        "text": "(Assets -&gt; The logo \/ graphics)",
        "ts": "1440974646.000028"
    },
    {
        "type": "message",
        "user": "U08F438SK",
        "text": "Or if you tell me which file you would prefer I send I can order them.",
        "ts": "1440974674.000029"
    },
    {
        "type": "message",
        "user": "U08ERPTQF",
        "text": "The light on dark logo would probably look best",
        "ts": "1440979447.000030"
    },
    {
        "type": "message",
        "user": "U08F438SK",
        "text": "kk",
        "ts": "1440979575.000031"
    },
    {
        "type": "message",
        "user": "U08EZP01H",
        "text": "<@U08F438SK> i'll research what printers take bitcoin. either way i'll get the assets together this week.",
        "ts": "1440982532.000032"
    },
    {
        "type": "message",
        "user": "U08F438SK",
        "text": "haha we don't need to find a printer which takes bitcoin. I have used stickermule in the past and they were great",
        "ts": "1440982593.000033"
    }
]