[
    {
        "user": "U08F6SV1S",
        "type": "message",
        "subtype": "channel_join",
        "text": "<@U08F6SV1S|androng> has joined the channel",
        "ts": "1438417181.000072"
    },
    {
        "type": "message",
        "user": "U08C464NS",
        "text": "Get pumped <https:\/\/www.youtube.com\/watch?v=mEPV2I6dgRM>",
        "attachments": [
            {
                "service_name": "YouTube",
                "service_url": "https:\/\/www.youtube.com\/",
                "title": "Eminem - \"Mom's Spaghetti\" Lyrics",
                "title_link": "https:\/\/www.youtube.com\/watch?v=mEPV2I6dgRM",
                "author_name": "KFC Lovar",
                "author_link": "https:\/\/www.youtube.com\/channel\/UC16MDbIfpZwEr74-SsOE6jw",
                "thumb_url": "https:\/\/i.ytimg.com\/vi\/mEPV2I6dgRM\/hqdefault.jpg",
                "thumb_width": 480,
                "thumb_height": 360,
                "fallback": "YouTube Video: Eminem - \"Mom's Spaghetti\" Lyrics",
                "video_html": "<iframe width=\"400\" height=\"300\" src=\"https:\/\/www.youtube.com\/embed\/mEPV2I6dgRM?feature=oembed\" frameborder=\"0\" allowfullscreen><\/iframe>",
                "video_html_width": 400,
                "video_html_height": 300,
                "from_url": "https:\/\/www.youtube.com\/watch?v=mEPV2I6dgRM",
                "id": 1
            }
        ],
        "ts": "1438448189.000073"
    },
    {
        "user": "U08FELGRX",
        "type": "message",
        "subtype": "channel_join",
        "text": "<@U08FELGRX|dean> has joined the channel",
        "ts": "1438453878.000075"
    },
    {
        "user": "U08FELZL7",
        "type": "message",
        "subtype": "channel_join",
        "text": "<@U08FELZL7|yungdegeneres> has joined the channel",
        "ts": "1438455259.000076"
    },
    {
        "user": "U08FFACCU",
        "type": "message",
        "subtype": "channel_join",
        "text": "<@U08FFACCU|jong> has joined the channel",
        "ts": "1438457582.000077"
    },
    {
        "user": "U08FFU90F",
        "type": "message",
        "subtype": "channel_join",
        "text": "<@U08FFU90F|matt> has joined the channel",
        "ts": "1438460709.000078"
    },
    {
        "user": "U08FJ080J",
        "type": "message",
        "subtype": "channel_join",
        "text": "<@U08FJ080J|drwasho> has joined the channel",
        "ts": "1438470286.000079"
    },
    {
        "type": "message",
        "user": "U08DN0E5S",
        "text": "How's the physical SF hackathon going? I've been busy with day-job stuff this weekend, was going to stop by tomorrow morning to catch the end of it!",
        "ts": "1438480964.000080"
    },
    {
        "user": "U08FLB3C0",
        "type": "message",
        "subtype": "channel_join",
        "text": "<@U08FLB3C0|dinohacharie> has joined the channel",
        "ts": "1438484259.000081"
    },
    {
        "type": "message",
        "user": "U07GDL0H5",
        "text": "yo <@U08DN0E5S> going well... as many as, i dunno, 12 people at one time, down to about 6 or so at the moment",
        "ts": "1438487173.000082"
    },
    {
        "type": "message",
        "user": "U08ERPTQF",
        "text": "<@U07GDL0H5>: is there any self organisation arising from the folks there to work on different parts of the project?",
        "ts": "1438487231.000083"
    },
    {
        "type": "message",
        "user": "U07GDL0H5",
        "text": "<@U08ERPTQF>: yes, i've been largely absent from slack because there's a lot of work going on here",
        "ts": "1438487254.000084"
    },
    {
        "type": "message",
        "user": "U07GDL0H5",
        "text": "unfortunately it's not link to slack very well",
        "ts": "1438487263.000085"
    },
    {
        "type": "message",
        "user": "U07GDL0H5",
        "text": "but we will make sure all content gets somewhere ... i think github is the best place to link everything to make sure it's permanently stored",
        "ts": "1438487283.000086"
    },
    {
        "type": "message",
        "user": "U08ERPTQF",
        "text": "that's what I expected - any summary of the on-the-ground activity would be cool",
        "ts": "1438487301.000087"
    },
    {
        "type": "message",
        "user": "U08DD8LNP",
        "text": "just don't use any naughty words",
        "ts": "1438487378.000088"
    },
    {
        "type": "message",
        "user": "U08DD8LNP",
        "text": "<https:\/\/voat.co\/v\/technology\/comments\/354334>",
        "ts": "1438487408.000089"
    },
    {
        "type": "message",
        "user": "U08E5P0BZ",
        "text": "omg",
        "ts": "1438487430.000090"
    },
    {
        "type": "message",
        "user": "U08ERPTQF",
        "text": "lol <@U08DD8LNP>",
        "ts": "1438487432.000091"
    },
    {
        "user": "U08FMHVJ4",
        "type": "message",
        "subtype": "channel_join",
        "text": "<@U08FMHVJ4|greg> has joined the channel",
        "ts": "1438492127.000092"
    },
    {
        "type": "message",
        "user": "U08F2RTCN",
        "text": "Moving forward with DATT we should consider using some of the free coworking space in SF there is a Nice map on the places which offer them",
        "ts": "1438493794.000093"
    },
    {
        "type": "message",
        "user": "U08F2RTCN",
        "text": "<https:\/\/www.google.com\/maps\/d\/viewer?mid=z7pxBmuan3yw.kmm5kj_1cIeA&amp;usp=sharing>",
        "attachments": [
            {
                "title": "SF Free Coworking Spaces",
                "title_link": "https:\/\/www.google.com\/maps\/d\/viewer?mid=z7pxBmuan3yw.kmm5kj_1cIeA&usp=sharing",
                "text": "Map local cafes where it's good to have a productive day.",
                "fallback": "SF Free Coworking Spaces",
                "from_url": "https:\/\/www.google.com\/maps\/d\/viewer?mid=z7pxBmuan3yw.kmm5kj_1cIeA&usp=sharing",
                "thumb_url": "https:\/\/www.google.com\/maps\/d\/thumbnail?mid=z7pxBmuan3yw.kmm5kj_1cIeA",
                "thumb_width": 120,
                "thumb_height": 120,
                "id": 1
            }
        ],
        "ts": "1438493796.000094"
    },
    {
        "user": "U08FN53TR",
        "type": "message",
        "subtype": "channel_join",
        "text": "<@U08FN53TR|mcoatney> has joined the channel",
        "ts": "1438495886.000096"
    }
]