[
    {
        "user": "U08DRE2UB",
        "type": "message",
        "subtype": "channel_join",
        "text": "<@U08DRE2UB|hallayus> has joined the channel",
        "ts": "1438327490.000042"
    },
    {
        "user": "U08E18GD6",
        "type": "message",
        "subtype": "channel_join",
        "text": "<@U08E18GD6|mvayngrib> has joined the channel",
        "ts": "1438345616.000043"
    },
    {
        "user": "U08E2KZM4",
        "type": "message",
        "subtype": "channel_join",
        "text": "<@U08E2KZM4|genevayngrib> has joined the channel",
        "ts": "1438347619.000044"
    },
    {
        "user": "U08E4A6TW",
        "type": "message",
        "subtype": "channel_join",
        "text": "<@U08E4A6TW|demibrener> has joined the channel",
        "ts": "1438349728.000045"
    },
    {
        "user": "U08E4BX5W",
        "type": "message",
        "subtype": "channel_join",
        "text": "<@U08E4BX5W|sampatt> has joined the channel",
        "ts": "1438350037.000046"
    },
    {
        "user": "U08E5P0BZ",
        "type": "message",
        "subtype": "channel_join",
        "text": "<@U08E5P0BZ|georgevaccaro> has joined the channel",
        "ts": "1438351537.000047"
    },
    {
        "user": "U08E6E6AX",
        "type": "message",
        "subtype": "channel_join",
        "text": "<@U08E6E6AX|maraoz> has joined the channel",
        "ts": "1438352206.000048"
    },
    {
        "user": "U08E6MSBH",
        "type": "message",
        "subtype": "channel_join",
        "text": "<@U08E6MSBH|eordano> has joined the channel",
        "ts": "1438352644.000049"
    },
    {
        "user": "U08E7DY5D",
        "type": "message",
        "subtype": "channel_join",
        "text": "<@U08E7DY5D|ellenk> has joined the channel",
        "ts": "1438353414.000050"
    },
    {
        "user": "U08EB47EV",
        "type": "message",
        "subtype": "channel_join",
        "text": "<@U08EB47EV|garyjense> has joined the channel",
        "ts": "1438356843.000051"
    },
    {
        "user": "U08ECJULT",
        "type": "message",
        "subtype": "channel_join",
        "text": "<@U08ECJULT|danielcawrey> has joined the channel",
        "ts": "1438358507.000052"
    },
    {
        "user": "U08EH4YG1",
        "type": "message",
        "subtype": "channel_join",
        "text": "<@U08EH4YG1|darrell> has joined the channel",
        "ts": "1438363129.000053"
    },
    {
        "user": "U08EKTS7P",
        "type": "message",
        "subtype": "channel_join",
        "text": "<@U08EKTS7P|sprinkle> has joined the channel",
        "ts": "1438365993.000054"
    },
    {
        "user": "U08ELNFTP",
        "type": "message",
        "subtype": "channel_join",
        "text": "<@U08ELNFTP|tonysakich> has joined the channel",
        "ts": "1438366910.000055"
    },
    {
        "user": "U08ENMAK1",
        "type": "message",
        "subtype": "channel_join",
        "text": "<@U08ENMAK1|getjazzed> has joined the channel",
        "ts": "1438369547.000056"
    },
    {
        "user": "U08ERPTQF",
        "type": "message",
        "subtype": "channel_join",
        "text": "<@U08ERPTQF|paul_xbt> has joined the channel",
        "ts": "1438373354.000057"
    },
    {
        "user": "U08EZM3KL",
        "type": "message",
        "subtype": "channel_join",
        "text": "<@U08EZM3KL|herb> has joined the channel",
        "ts": "1438386025.000058"
    },
    {
        "user": "U08EZP01H",
        "type": "message",
        "subtype": "channel_join",
        "text": "<@U08EZP01H|darrenm> has joined the channel",
        "ts": "1438386129.000059"
    },
    {
        "user": "U08F08BD1",
        "type": "message",
        "subtype": "channel_join",
        "text": "<@U08F08BD1|sjwcoin-actual> has joined the channel",
        "ts": "1438387355.000060"
    },
    {
        "user": "U08F1FZE2",
        "type": "message",
        "subtype": "channel_join",
        "text": "<@U08F1FZE2|jgerber> has joined the channel",
        "ts": "1438391101.000061"
    },
    {
        "user": "U08F1RZ7H",
        "type": "message",
        "subtype": "channel_join",
        "text": "<@U08F1RZ7H|neha> has joined the channel",
        "ts": "1438392431.000062"
    },
    {
        "user": "U08F35H0V",
        "type": "message",
        "subtype": "channel_join",
        "text": "<@U08F35H0V|michaelfolkson> has joined the channel",
        "ts": "1438395954.000063"
    },
    {
        "user": "U08F2RTCN",
        "type": "message",
        "subtype": "channel_join",
        "text": "<@U08F2RTCN|deepakraous> has joined the channel",
        "ts": "1438396056.000064"
    },
    {
        "user": "U08F384H3",
        "type": "message",
        "subtype": "channel_join",
        "text": "<@U08F384H3|binyam> has joined the channel",
        "ts": "1438396304.000065"
    },
    {
        "user": "U08F306NQ",
        "type": "message",
        "subtype": "channel_join",
        "text": "<@U08F306NQ|barisser> has joined the channel",
        "ts": "1438396359.000066"
    },
    {
        "user": "U08F30KA8",
        "type": "message",
        "subtype": "channel_join",
        "text": "<@U08F30KA8|igor> has joined the channel",
        "ts": "1438396389.000067"
    },
    {
        "user": "U08F31MGX",
        "type": "message",
        "subtype": "channel_join",
        "text": "<@U08F31MGX|fractaloop> has joined the channel",
        "ts": "1438397040.000068"
    },
    {
        "user": "U08F3T0VA",
        "type": "message",
        "subtype": "channel_join",
        "text": "<@U08F3T0VA|esneider> has joined the channel",
        "ts": "1438400184.000069"
    },
    {
        "user": "U08F438SK",
        "type": "message",
        "subtype": "channel_join",
        "text": "<@U08F438SK|willy> has joined the channel",
        "ts": "1438401608.000070"
    },
    {
        "user": "U08F4KJ3U",
        "type": "message",
        "subtype": "channel_join",
        "text": "<@U08F4KJ3U|rolandnsharp> has joined the channel",
        "ts": "1438403936.000071"
    }
]