[
    {
        "type": "message",
        "user": "U08F438SK",
        "text": "Awesome. Didn't know that bit about browsers being able to transfer buffers directly",
        "ts": "1440920179.000133"
    },
    {
        "type": "message",
        "user": "U08F438SK",
        "text": "BTW <@U08MAKT70> is really hacking on the p2p content discovery \/ exchange in his fork",
        "ts": "1440935000.000134"
    },
    {
        "type": "message",
        "user": "U08F438SK",
        "text": "Awesome stuff <@U08MAKT70> :+1: , keep it up! I just gotta catch up with you (I have done some edits and merging of latest from master in my fork of your PR)",
        "ts": "1440935055.000135"
    },
    {
        "type": "message",
        "user": "U08MAKT70",
        "text": "<@U08F438SK>: I merged the first changes you made into my branch",
        "ts": "1440935100.000136"
    },
    {
        "type": "message",
        "user": "U08F438SK",
        "text": "Great. I just pushed again, mostly just catching up and integrating master for easier merge when we pull it in",
        "ts": "1440935124.000137"
    },
    {
        "type": "message",
        "user": "U08MAKT70",
        "text": "Great, I\u2019ll have a look at it :smile:",
        "ts": "1440935139.000138"
    },
    {
        "type": "message",
        "user": "U08F438SK",
        "text": "You're a beast, really strong headwind in terms of least defined part of our architecture and you're plowing ahead.",
        "ts": "1440935182.000139"
    },
    {
        "type": "message",
        "user": "U08F438SK",
        "text": "<@U08MAKT70> I am thinking of adding the ability to get an \"InventorySummary\" from the ContentStore. It would be a compact bloom filter buffer, and you could then pass it to your peers in response to an \"Inventory\" message. Once you had the \"InventorySummary\" for a peer, you can often exclude them from searches for content by *locally* verifying that the content hash in not in the InventorySummary bloom filter",
        "ts": "1440936006.000140"
    },
    {
        "type": "message",
        "user": "U08F438SK",
        "text": "I think we should pull your changes in, btw, just speaking for next steps.",
        "ts": "1440936039.000141"
    },
    {
        "type": "message",
        "user": "U08F438SK",
        "text": "(Obviously this InventorySummary is inspired by bitcoin)",
        "ts": "1440936082.000142"
    },
    {
        "type": "message",
        "user": "U08MAKT70",
        "text": "How would this work if we eventually switch to DHT?",
        "ts": "1440936114.000143"
    },
    {
        "type": "message",
        "user": "U08F438SK",
        "text": "We can successively abstract and then replace the low level (we already have to, right)",
        "ts": "1440936173.000144"
    },
    {
        "type": "message",
        "user": "U08F438SK",
        "text": "the InventorySummary is just to replace the map that you're keeping now for messages \"already heard\"",
        "ts": "1440936194.000145"
    },
    {
        "type": "message",
        "user": "U08F438SK",
        "text": "and then we wouldn't broadcast to all peers, just those that don't have the content (not in their InventorySummary)",
        "ts": "1440936246.000146"
    },
    {
        "type": "message",
        "user": "U08F438SK",
        "text": "flooding blindly -&gt; flooding selectively (like anti-entropy) using inventory -?-&gt; DHT",
        "ts": "1440936281.000147"
    },
    {
        "type": "message",
        "user": "U08MAKT70",
        "text": "I don\u2019t see how this would work if I am looking for content that might be several hops away",
        "ts": "1440936299.000148"
    },
    {
        "type": "message",
        "user": "U08F438SK",
        "text": "this is for pushing data first, but when requesting data it is much easier to cache InventorySummary (ies) for other nodes and save asking them than it is to ask them every time",
        "ts": "1440936392.000149"
    },
    {
        "type": "message",
        "user": "U08F438SK",
        "text": "what do you think?",
        "ts": "1440936458.000150"
    },
    {
        "type": "message",
        "user": "U08MAKT70",
        "text": "hm, I need to think a bit about it ;D",
        "ts": "1440936500.000151"
    },
    {
        "type": "message",
        "user": "U08MAKT70",
        "text": "are you thinking of storing ies only for connected peers (neighbours in the mesh network)?",
        "ts": "1440936580.000152"
    },
    {
        "type": "message",
        "user": "U08F438SK",
        "text": "Let's start there, not sure we have to stop there though.",
        "ts": "1440936642.000153"
    },
    {
        "type": "message",
        "user": "U08F438SK",
        "text": "Suppose I have 5 neighbors.",
        "ts": "1440936653.000154"
    },
    {
        "type": "message",
        "user": "U08F438SK",
        "text": "I want a piece of content, so I check their inventory summaries locally",
        "ts": "1440936669.000155"
    },
    {
        "type": "message",
        "user": "U08F438SK",
        "text": "if one of them has the content, I send only that 1 peer the message",
        "ts": "1440936686.000156"
    },
    {
        "type": "message",
        "user": "U08F438SK",
        "text": "if they don't have it, I pick alpha=2 (alpha is factor controlling the amount of concurrent flooding) peers and ask them to repeat this process with their peers",
        "ts": "1440936734.000157"
    },
    {
        "type": "message",
        "user": "U08F438SK",
        "text": "It saves messages on the last step right off the bat",
        "ts": "1440936788.000158"
    },
    {
        "type": "message",
        "user": "U08MAKT70",
        "text": "ah, now I see you!",
        "ts": "1440936803.000159"
    },
    {
        "type": "message",
        "user": "U08MAKT70",
        "text": "Makes sense!",
        "ts": "1440936808.000160"
    },
    {
        "type": "message",
        "user": "U08F438SK",
        "text": "If peer 3 ultimately returns the content, you could perhaps keep a 2nd \"routing\" bloom filter which captures everything he's routed. Every time a node helps route it could add content to its routing bloom filter. Then you know who to ask in a pinch",
        "ts": "1440936903.000161"
    },
    {
        "type": "message",
        "user": "U08F438SK",
        "text": "Dunno. there is a small obvious gain and I think maybe other benefits to having the Primitive (InventorySummary) and the operation of being able to ask for it and check it locally.",
        "ts": "1440936995.000162"
    },
    {
        "type": "message",
        "user": "U08MAKT70",
        "text": "will this approach always find content if only one node has it?",
        "ts": "1440937006.000163"
    },
    {
        "type": "message",
        "user": "U08F438SK",
        "text": "frankly I'm with you that DHTs are the way to go after the prototype",
        "ts": "1440937036.000164"
    },
    {
        "type": "message",
        "user": "U08F438SK",
        "text": "not for storing data, but for metadata",
        "ts": "1440937049.000165"
    },
    {
        "type": "message",
        "user": "U08F438SK",
        "text": "The InventorySummary message just simplifies things we need to solve right away. Like what if I want everything your node has that mine does not",
        "ts": "1440937096.000166"
    },
    {
        "type": "message",
        "user": "U08F438SK",
        "text": "I can send you my summary and you can compute the delta locally without telling me what you have, or vice versa",
        "ts": "1440937109.000167"
    },
    {
        "type": "message",
        "user": "U08F438SK",
        "text": "Makes asking for content \"since time T\", etc easier.",
        "ts": "1440937134.000168"
    },
    {
        "type": "message",
        "user": "U08F438SK",
        "text": "The Tradle-meister <@U08E2KZM4> is here. I'm sure you have lots of wisdom on this subject Gene from your battles at Tradle!",
        "ts": "1440937212.000169"
    },
    {
        "type": "message",
        "user": "U08MAKT70",
        "text": "Yes, I agree. It makes a lot of sense before switching to DHT :simple_smile:",
        "ts": "1440937271.000170"
    },
    {
        "type": "message",
        "user": "U08MAKT70",
        "text": "Bloom filters sounds really cool! I have no experience with them, but from what I read they remind me of a data structure I did a research project on once",
        "ts": "1440937359.000171"
    },
    {
        "type": "message",
        "user": "U08F438SK",
        "text": "Here's a potentially workable approach (just found a few refs confirming use by others too)",
        "ts": "1440937629.000172"
    },
    {
        "type": "message",
        "user": "U08F438SK",
        "text": "it is really easy to do unions of bloom filters via ORing",
        "ts": "1440937664.000173"
    },
    {
        "type": "message",
        "user": "U08F438SK",
        "text": "So suppose  node keeps a bloom filter for each of its neighbors, and also the UNION of all of its neighbors",
        "ts": "1440937718.000174"
    },
    {
        "type": "message",
        "user": "U08F438SK",
        "text": "then it can also ask its neighbors for this \"union\" set, and in this way each node can obtain a set of N bloom filters representing all items accessible in 1,2, ... N hops",
        "ts": "1440937774.000175"
    },
    {
        "type": "message",
        "user": "U08F438SK",
        "text": "That way when searching, a node can ask locally if any peer has it on hand, and failing that, if any peer has it within 1 hop, failing that who has it within 2 hops, etc.",
        "ts": "1440937850.000176"
    },
    {
        "type": "message",
        "subtype": "file_share",
        "text": "<@U08F438SK|willy> uploaded a file: <https:\/\/dattnetwork.slack.com\/files\/willy\/F09S9T4K1\/attenuatedbloomfilter.png|AttenuatedBloomFilter.png> and commented: Brief description of the \"Attenuated Bloom Filter\" approach to routing",
        "file": {
            "id": "F09S9T4K1",
            "created": 1440937950,
            "timestamp": 1440937950,
            "name": "AttenuatedBloomFilter.png",
            "title": "AttenuatedBloomFilter.png",
            "mimetype": "image\/png",
            "filetype": "png",
            "pretty_type": "PNG",
            "user": "U08F438SK",
            "editable": false,
            "size": 65961,
            "mode": "hosted",
            "is_external": false,
            "external_type": "",
            "is_public": true,
            "public_url_shared": false,
            "display_as_bot": false,
            "username": "",
            "url": "https:\/\/slack-files.com\/files-pub\/T07GDKW3U-F09S9T4K1-acd2d796b4\/attenuatedbloomfilter.png",
            "url_download": "https:\/\/slack-files.com\/files-pub\/T07GDKW3U-F09S9T4K1-acd2d796b4\/download\/attenuatedbloomfilter.png",
            "url_private": "https:\/\/files.slack.com\/files-pri\/T07GDKW3U-F09S9T4K1\/attenuatedbloomfilter.png",
            "url_private_download": "https:\/\/files.slack.com\/files-pri\/T07GDKW3U-F09S9T4K1\/download\/attenuatedbloomfilter.png",
            "thumb_64": "https:\/\/slack-files.com\/files-tmb\/T07GDKW3U-F09S9T4K1-6cf889d80b\/attenuatedbloomfilter_64.png",
            "thumb_80": "https:\/\/slack-files.com\/files-tmb\/T07GDKW3U-F09S9T4K1-6cf889d80b\/attenuatedbloomfilter_80.png",
            "thumb_360": "https:\/\/slack-files.com\/files-tmb\/T07GDKW3U-F09S9T4K1-6cf889d80b\/attenuatedbloomfilter_360.png",
            "thumb_360_w": 360,
            "thumb_360_h": 107,
            "thumb_480": "https:\/\/slack-files.com\/files-tmb\/T07GDKW3U-F09S9T4K1-6cf889d80b\/attenuatedbloomfilter_480.png",
            "thumb_480_w": 480,
            "thumb_480_h": 142,
            "thumb_160": "https:\/\/slack-files.com\/files-tmb\/T07GDKW3U-F09S9T4K1-6cf889d80b\/attenuatedbloomfilter_160.png",
            "thumb_720": "https:\/\/slack-files.com\/files-tmb\/T07GDKW3U-F09S9T4K1-6cf889d80b\/attenuatedbloomfilter_720.png",
            "thumb_720_w": 720,
            "thumb_720_h": 213,
            "image_exif_rotation": 1,
            "original_w": 750,
            "original_h": 222,
            "permalink": "https:\/\/dattnetwork.slack.com\/files\/willy\/F09S9T4K1\/attenuatedbloomfilter.png",
            "permalink_public": "https:\/\/slack-files.com\/T07GDKW3U-F09S9T4K1-acd2d796b4",
            "channels": [
                "C08EJG7M1"
            ],
            "groups": [

            ],
            "ims": [

            ],
            "comments_count": 1,
            "initial_comment": {
                "id": "Fc09S9SP8S",
                "created": 1440937950,
                "timestamp": 1440937950,
                "user": "U08F438SK",
                "comment": "Brief description of the \"Attenuated Bloom Filter\" approach to routing"
            },
            "reactions": [
                {
                    "name": "+1",
                    "users": [
                        "U08ERPTQF"
                    ],
                    "count": 1
                }
            ]
        },
        "user": "U08F438SK",
        "upload": true,
        "display_as_bot": false,
        "username": "<@U08F438SK|willy>",
        "bot_id": null,
        "ts": "1440937952.000177"
    },
    {
        "type": "message",
        "user": "U08F438SK",
        "text": "(from <http:\/\/www.eecs.harvard.edu\/~michaelm\/postscripts\/tempim3.pdf>)",
        "ts": "1440938011.000178"
    },
    {
        "type": "message",
        "user": "U08MAKT70",
        "text": "wow, that\u2019s awesome!",
        "ts": "1440938030.000179"
    },
    {
        "type": "message",
        "user": "U08F438SK",
        "text": "but who knows, probably much worse than a full DHT.  Anyway, back to obvious work for me. No more theory when very very tired.",
        "ts": "1440938068.000180"
    },
    {
        "type": "message",
        "user": "U08MAKT70",
        "text": "hehe, what time is it there now?",
        "ts": "1440938094.000181"
    },
    {
        "type": "message",
        "user": "U08F438SK",
        "text": "5:30a",
        "ts": "1440938100.000182"
    },
    {
        "type": "message",
        "user": "U08MAKT70",
        "text": "must be very late\/very early",
        "ts": "1440938102.000183"
    },
    {
        "type": "message",
        "user": "U08F438SK",
        "text": "Very early :stuck_out_tongue:",
        "ts": "1440938109.000184"
    },
    {
        "type": "message",
        "user": "U08MAKT70",
        "text": "haha",
        "ts": "1440938120.000185"
    },
    {
        "type": "message",
        "user": "U08F438SK",
        "text": "Anyway hopefully Ryan will merge your PR.",
        "ts": "1440938193.000186"
    },
    {
        "type": "message",
        "user": "U08F438SK",
        "text": "\"merge your PR soon\"* . Thanks so much for all the awesome work. Really excited to build on what you put in here.",
        "ts": "1440938304.000187"
    },
    {
        "type": "message",
        "user": "U08MAKT70",
        "text": "Thanks!",
        "ts": "1440938355.000188"
    },
    {
        "type": "message",
        "user": "U08MAKT70",
        "text": "Will hopefully get some more done later today, next week is gonna be busy",
        "ts": "1440938378.000189"
    },
    {
        "type": "message",
        "user": "U08F438SK",
        "text": "My thoughts exactly.",
        "ts": "1440938394.000190"
    },
    {
        "type": "message",
        "user": "U08F438SK",
        "text": "Right now I am going to refactor the Datt object (in a separate branch) so everything is event-driven. New content would cause Datt to emit a NewContent event. Each Peer would listen to Datt and receive the event. If appropriate the local Peer object will broadcast to that remote peer. The remote Peer object would then re-emit events on the remote Datt.",
        "ts": "1440938536.000191"
    },
    {
        "type": "message",
        "user": "U08MAKT70",
        "text": "Sounds good!",
        "ts": "1440938640.000192"
    },
    {
        "type": "message",
        "user": "U08F438SK",
        "text": "Unless you want to take that on",
        "ts": "1440938644.000193"
    },
    {
        "type": "message",
        "user": "U08F438SK",
        "text": "I see you commented on the issue. Don't let me steal something you're interested in :simple_smile:",
        "ts": "1440938659.000194"
    },
    {
        "type": "message",
        "user": "U08MAKT70",
        "text": "Would be great if you could, as I have never used event emitters before :stuck_out_tongue:",
        "ts": "1440938673.000195"
    },
    {
        "type": "message",
        "user": "U08MAKT70",
        "text": "Then I could read and enjoy you code :wink:",
        "ts": "1440938686.000196"
    },
    {
        "type": "message",
        "user": "U08F438SK",
        "text": "Haha ok no problem. Likewise, sir.",
        "ts": "1440938699.000197"
    },
    {
        "type": "message",
        "user": "U08MAKT70",
        "text": "I will probably look more on the PeerJS\/connection part later",
        "ts": "1440938770.000198"
    },
    {
        "type": "message",
        "user": "U08MAKT70",
        "text": "now i think everybody connects to everybody, which doesn\u2019t scale very well I believe :stuck_out_tongue:",
        "ts": "1440938792.000199"
    },
    {
        "type": "message",
        "user": "U08F438SK",
        "text": "definitely. and PeerJS is browser only",
        "ts": "1440939325.000200"
    },
    {
        "type": "message",
        "user": "U08F438SK",
        "text": "(but we can ignore that for now :simple_smile: )",
        "ts": "1440939346.000201"
    }
]