[
    {
        "type": "message",
        "user": "U08BY8MGV",
        "text": "Upvote only systems have a tendency toward hype behavior because you can\u2019t distinguish between disinterested users (those that wouldn\u2019t vote at all) and those that dislike the content. \nBad content can get pushed to the top with a coordinated effort of upvoting right when the post is created.  It would take a long time for that content to go to the bottom where it belongs. Hacker News tries to address this by making content rank depend heavily on time posted (and we still game it). YC\u2019s goal is to promote particular content, not to moderate optimally. Datt's filter could also favor time, but I don't know if that's an optimal user experience.\n\nA hypeable system within Datt would strengthen content creators at the expense of Mods (it\u2019s harder to moderate when content creators make a lot of money by gaming the system). The popular channels would likely be controlled by content creators who are also Mods (like Youtube). When you empower content creators, they no longer want to strengthen the commenters. They likely prefer a system where each post has a price per click instead of per vote. You could then vote for free and get access to a slack style channel about that particular content. If you restrict commenting (or even viewing comments) to those who have paid for the content, you can drive purchases.",
        "ts": "1439190024.000210",
        "reactions": [
            {
                "name": "+1",
                "users": [
                    "U08EZP01H",
                    "U07GDL0H5"
                ],
                "count": 2
            }
        ]
    },
    {
        "type": "message",
        "user": "U08BY8MGV",
        "text": "Here\u2019s the \u2018Alternate Universe\u2019 mockups I did called BRATT where I go full tilt pro content creator. <https:\/\/docs.google.com\/presentation\/d\/1rhJgpqig4OGiaiyRyiaRPFIPPRXQaIDvcHeuZJr0pFI\/edit#slide=id.ga539ea70f_0_71>",
        "ts": "1439190041.000211"
    },
    {
        "type": "message",
        "user": "U08DH3ESU",
        "text": "<@U08BY8MGV>: This is interesting; This would mean that mods have lesser power with respect to content and more power on the channel or forum. ",
        "edited": {
            "user": "U08DH3ESU",
            "ts": "1439192783.000000"
        },
        "ts": "1439192062.000212"
    },
    {
        "type": "message",
        "user": "U08BY8MGV",
        "text": "I think the mods have less power period. The content creators and the Mods would merge in this system. The users curate, but I think the system would eliminate Mods that are just curating and not creating content",
        "ts": "1439193609.000215"
    },
    {
        "type": "message",
        "user": "U08DH3ESU",
        "text": "Would this not lead to content creator blocking\/banning things they don't like while the power earlier would have been with an (possibly) intermediate moderator? In case the moderator and content creator are same the problem would exist.",
        "edited": {
            "user": "U08DH3ESU",
            "ts": "1439194353.000000"
        },
        "ts": "1439193977.000216"
    },
    {
        "user": "U08DGB0F2",
        "type": "message",
        "subtype": "channel_join",
        "text": "<@U08DGB0F2|travispatron> has joined the channel",
        "ts": "1439195728.000218"
    },
    {
        "type": "message",
        "user": "U08EZP01H",
        "text": "<@U08BY8MGV> that's a really insightful post on up vs down votes. Wouldn't the UX downsides of segmentation (having many similar collectives) prevent a mod\/creator merge rush?",
        "ts": "1439224843.000219"
    },
    {
        "type": "message",
        "user": "U08EZP01H",
        "text": "As a user, the more collectives I follow the more effort I have to undertake. If creators becoming mods for their own content is super common, then we'd have more collectives than we thought.",
        "edited": {
            "user": "U08EZP01H",
            "ts": "1439225022.000000"
        },
        "ts": "1439224990.000220"
    },
    {
        "user": "U08CCGGG1",
        "type": "message",
        "subtype": "channel_join",
        "text": "<@U08CCGGG1|ryan_onename> has joined the channel",
        "ts": "1439228999.000222"
    }
]