[
    {
        "user": "U07GDL0H5",
        "type": "message",
        "subtype": "channel_join",
        "text": "<@U07GDL0H5|ryanxcharles> has joined the channel",
        "ts": "1438412083.000002"
    },
    {
        "user": "U07GDL0H5",
        "purpose": "Discuss possible business plans.",
        "type": "message",
        "subtype": "channel_purpose",
        "text": "<@U07GDL0H5|ryanxcharles> set the channel purpose: Discuss possible business plans.",
        "ts": "1438412084.000003"
    }
]