[
    {
        "user": "U0B4N7P7G",
        "type": "message",
        "subtype": "channel_join",
        "text": "<@U0B4N7P7G|q00p> has joined the channel",
        "ts": "1442941734.000016"
    },
    {
        "type": "message",
        "user": "U07GDL0H5",
        "text": "<https:\/\/twitter.com\/gorillamania\/status\/646384575212457984>",
        "attachments": [
            {
                "fallback": "<https:\/\/twitter.com\/gorillamania|@gorillamania>: My reaction to <https:\/\/twitter.com\/coinbase|@coinbase> saying they invented the Tip Button. <https:\/\/pbs.twimg.com\/tweet_video_thumb\/CPhrWGtU8AAlM1g.png>",
                "ts": 1442945066,
                "author_name": "Nick Sullivan",
                "author_link": "https:\/\/twitter.com\/gorillamania\/status\/646384575212457984",
                "author_icon": "https:\/\/pbs.twimg.com\/profile_images\/591654915509850112\/gQlWn8ey_normal.jpg",
                "author_subname": "@gorillamania",
                "text": "My reaction to <https:\/\/twitter.com\/coinbase|@coinbase> saying they invented the Tip Button.",
                "service_name": "twitter",
                "service_url": "https:\/\/twitter.com\/",
                "thumb_url": "https:\/\/pbs.twimg.com\/tweet_video_thumb\/CPhrWGtU8AAlM1g.png",
                "thumb_width": 400,
                "thumb_height": 206,
                "video_html_width": 400,
                "video_html_height": 206,
                "video_html": "<video autoplay loop muted poster=\"https:\/\/pbs.twimg.com\/tweet_video_thumb\/CPhrWGtU8AAlM1g.png\" src=\"https:\/\/pbs.twimg.com\/tweet_video\/CPhrWGtU8AAlM1g.mp4\" width=\"400\" height=\"206\"><source type=\"video\/mp4\" src=\"https:\/\/pbs.twimg.com\/tweet_video\/CPhrWGtU8AAlM1g.mp4\"><\/video>",
                "from_url": "https:\/\/twitter.com\/gorillamania\/status\/646384575212457984",
                "id": 1
            }
        ],
        "ts": "1442946280.000017"
    },
    {
        "type": "message",
        "user": "U0ALSQB43",
        "text": "as much crap they\u2019re getting for it, i feel like it\u2019s a defensive move",
        "ts": "1442959115.000019"
    },
    {
        "type": "message",
        "user": "U08F438SK",
        "text": "<@U08FJ080J> OB1's new page is looking nice:  <http:\/\/OpenBazaar.org|OpenBazaar.org>",
        "ts": "1442981398.000020",
        "reactions": [
            {
                "name": "+1",
                "users": [
                    "U07GDL0H5"
                ],
                "count": 1
            }
        ]
    },
    {
        "type": "message",
        "user": "U08FJ080J",
        "text": "OpenBazaar the project actually, our ob1 page is still pretty Spartan :stuck_out_tongue: (<http:\/\/ob1.io|ob1.io>)",
        "ts": "1442981449.000021"
    },
    {
        "type": "message",
        "user": "U08FJ080J",
        "text": "Thanks, Wolf did a great job",
        "ts": "1442981468.000022"
    },
    {
        "type": "message",
        "user": "U08F438SK",
        "text": "ah. my mistake. very different branding! spartan's not a bad thing",
        "ts": "1442981565.000023"
    },
    {
        "type": "message",
        "user": "U08F438SK",
        "text": "wizard spells aren't for everyone ;-). need to peek at what buying those would mean.",
        "ts": "1442981605.000024"
    },
    {
        "type": "message",
        "user": "U08F438SK",
        "text": "but the rich <http:\/\/OpenBazaar.org|OpenBazaar.org> page definitely feels like something you want to explore whether or not you're intellectually interested in markets\/BTC\/etc",
        "ts": "1442981721.000025"
    },
    {
        "type": "message",
        "user": "U08FJ080J",
        "text": "awesome, that's what Wolf was going for",
        "ts": "1442982717.000026"
    }
]