[
    {
        "user": "U09V2FAR4",
        "type": "message",
        "subtype": "channel_join",
        "text": "<@U09V2FAR4|vrontis> has joined the channel",
        "ts": "1441104825.000095"
    },
    {
        "user": "U09V864NR",
        "type": "message",
        "subtype": "channel_join",
        "text": "<@U09V864NR|udi> has joined the channel",
        "ts": "1441112579.000096"
    },
    {
        "user": "U09VD8E7L",
        "type": "message",
        "subtype": "channel_join",
        "text": "<@U09VD8E7L|alexiveson> has joined the channel",
        "ts": "1441117288.000097"
    },
    {
        "user": "U09VDLJ4A",
        "type": "message",
        "subtype": "channel_join",
        "text": "<@U09VDLJ4A|tobo> has joined the channel",
        "ts": "1441117674.000098"
    },
    {
        "user": "U09VDPQAU",
        "type": "message",
        "subtype": "channel_join",
        "text": "<@U09VDPQAU|briceb8e> has joined the channel",
        "ts": "1441118061.000099"
    },
    {
        "type": "message",
        "user": "U08EZP01H",
        "text": "<@U08F438SK> i feel that. i've put an illogical amount of hope on VR\/AR technologies for closing the efficiency gap between local\/remote",
        "ts": "1441121116.000100"
    },
    {
        "type": "message",
        "user": "U08EZP01H",
        "text": "Virtual office spaces might just destroy. Wishful thinking :simple_smile:",
        "ts": "1441121185.000101"
    },
    {
        "user": "U0A05M5E3",
        "type": "message",
        "subtype": "channel_join",
        "text": "<@U0A05M5E3|josh.h> has joined the channel",
        "ts": "1441122761.000102"
    },
    {
        "user": "U0A0DMZHB",
        "type": "message",
        "subtype": "channel_join",
        "text": "<@U0A0DMZHB|frankenmint> has joined the channel",
        "ts": "1441129574.000103"
    },
    {
        "user": "U0A0G2N2Y",
        "type": "message",
        "subtype": "channel_join",
        "text": "<@U0A0G2N2Y|ahazrat> has joined the channel",
        "ts": "1441131914.000104"
    },
    {
        "user": "U0A0JPGMV",
        "type": "message",
        "subtype": "channel_join",
        "text": "<@U0A0JPGMV|oferlehr> has joined the channel",
        "ts": "1441134143.000105"
    }
]