[
    {
        "user": "U08R9090A",
        "type": "message",
        "subtype": "channel_join",
        "text": "<@U08R9090A|zucca> has joined the channel",
        "ts": "1439118674.000188"
    },
    {
        "type": "message",
        "user": "U08C464NS",
        "text": "<https:\/\/www.youtube.com\/watch?v=U873j77Njc0>",
        "attachments": [
            {
                "service_name": "YouTube",
                "service_url": "https:\/\/www.youtube.com\/",
                "title": "Chinese Kazoo",
                "title_link": "https:\/\/www.youtube.com\/watch?v=U873j77Njc0",
                "author_name": "Norkkom",
                "author_link": "https:\/\/www.youtube.com\/user\/TheRealNorkkom",
                "thumb_url": "https:\/\/i.ytimg.com\/vi\/U873j77Njc0\/hqdefault.jpg",
                "thumb_width": 480,
                "thumb_height": 360,
                "fallback": "YouTube Video: Chinese Kazoo",
                "video_html": "<iframe width=\"400\" height=\"225\" src=\"https:\/\/www.youtube.com\/embed\/U873j77Njc0?feature=oembed\" frameborder=\"0\" allowfullscreen><\/iframe>",
                "video_html_width": 400,
                "video_html_height": 225,
                "from_url": "https:\/\/www.youtube.com\/watch?v=U873j77Njc0",
                "id": 1
            }
        ],
        "ts": "1439135874.000189",
        "reactions": [
            {
                "name": "joy",
                "users": [
                    "U08EZP01H"
                ],
                "count": 1
            }
        ]
    },
    {
        "user": "U08REPG4T",
        "type": "message",
        "subtype": "channel_join",
        "text": "<@U08REPG4T|wanderer> has joined the channel",
        "ts": "1439144776.000191"
    },
    {
        "type": "message",
        "user": "U08EZP01H",
        "text": "this is sick looking! <https:\/\/www.youtube.com\/watch?v=Xk1_CugdytI&amp;feature=youtu.be>",
        "attachments": [
            {
                "service_name": "YouTube",
                "service_url": "https:\/\/www.youtube.com\/",
                "title": "Vector Graphics Animation with Time-Varying Topology (SIGGRAPH 2015)",
                "title_link": "https:\/\/www.youtube.com\/watch?v=Xk1_CugdytI&amp;feature=youtu.be",
                "author_name": "Boris Dalstein",
                "author_link": "https:\/\/www.youtube.com\/channel\/UCMHlwrFRdNiYkYbCWY3i2oA",
                "thumb_url": "https:\/\/i.ytimg.com\/vi\/Xk1_CugdytI\/hqdefault.jpg",
                "thumb_width": 480,
                "thumb_height": 360,
                "fallback": "YouTube Video: Vector Graphics Animation with Time-Varying Topology (SIGGRAPH 2015)",
                "video_html": "<iframe width=\"400\" height=\"225\" src=\"https:\/\/www.youtube.com\/embed\/Xk1_CugdytI?feature=oembed\" frameborder=\"0\" allowfullscreen><\/iframe>",
                "video_html_width": 400,
                "video_html_height": 225,
                "from_url": "https:\/\/www.youtube.com\/watch?v=Xk1_CugdytI&amp;feature=youtu.be",
                "id": 1
            }
        ],
        "ts": "1439148194.000192"
    },
    {
        "type": "message",
        "user": "U08EZP01H",
        "text": "jump to minute 3 for the UI",
        "ts": "1439148234.000194"
    },
    {
        "user": "U08RJJ1B8",
        "type": "message",
        "subtype": "channel_join",
        "text": "<@U08RJJ1B8|northben> has joined the channel",
        "ts": "1439160047.000195"
    },
    {
        "user": "U08RK4T6Y",
        "type": "message",
        "subtype": "channel_join",
        "text": "<@U08RK4T6Y|ryan> has joined the channel",
        "ts": "1439162919.000196"
    }
]