[
    {
        "type": "message",
        "user": "U08EZP01H",
        "text": "Startup <http:\/\/Tsu.co|Tsu.co> blocked by Facebook (4.5m users), founders believe users should be compensated for the content they create. <http:\/\/www.huffingtonpost.com\/david-fagin\/so-tsu-me-why-facebook-is_b_8328524.html>",
        "attachments": [
            {
                "service_name": "The Huffington Post",
                "title": "So, Tsu Me: Why Facebook Is Terrified of This Virtually Unknown Competitor and What It Could Mean For the Future of the Internet",
                "title_link": "http:\/\/www.huffingtonpost.com\/david-fagin\/so-tsu-me-why-facebook-is_b_8328524.html",
                "text": "Compensating users for their content? Giving a percentage to charity? All this \"crazy talk\" is apparently starting to spook Facebook to the point where, over the past few weeks, links to anything mentioning the site, including pics containing only text, have been inexplicably erased from millions of Facebook's user's profiles.",
                "fallback": "The Huffington Post: So, Tsu Me: Why Facebook Is Terrified of This Virtually Unknown Competitor and What It Could Mean For the Future of the Internet",
                "image_url": "http:\/\/i.huffpost.com\/gen\/3561002\/images\/o-FACEBOOK-LOGO-facebook.jpg",
                "from_url": "http:\/\/www.huffingtonpost.com\/david-fagin\/so-tsu-me-why-facebook-is_b_8328524.html",
                "image_width": 500,
                "image_height": 250,
                "image_bytes": 166333,
                "id": 1
            }
        ],
        "ts": "1446092047.000018"
    }
]