[
    {
        "type": "message",
        "user": "U08EZP01H",
        "text": "Saw this recommended on Ryan's twitter post and it's going on my short list. \"What Has Government Done to Our Money?\" By Murray N. Rothbard\"<https:\/\/mises.org\/sites\/default\/files\/What%20Has%20Government%20Done%20to%20Our%20Money_3.pdf>",
        "ts": "1441918233.000002",
        "reactions": [
            {
                "name": "+1",
                "users": [
                    "U08ERPTQF",
                    "U08D641AP"
                ],
                "count": 2
            }
        ]
    },
    {
        "type": "message",
        "user": "U08EZP01H",
        "text": "*PDF",
        "ts": "1441918249.000003"
    }
]