[
    {
        "type": "message",
        "user": "U07GDL0H5",
        "text": "<http:\/\/coinjournal.net\/public-launch-of-bitcoin-powered-decentralized-reddit-alternative-possible-in-march\/>",
        "attachments": [
            {
                "service_name": "Coinjournal",
                "title": "Public Launch of Bitcoin-Powered, Decentralized Reddit Alternative Possible in March",
                "title_link": "http:\/\/coinjournal.net\/public-launch-of-bitcoin-powered-decentralized-reddit-alternative-possible-in-march\/",
                "text": "Bitcoin proponents have been talking about using the blockchain to decentralize everything from social media to the entire Internet for a few years now, and one of the projects that is attempting to take some action in this area is Datt. Datt is the brainchild of former Reddit Cryptocurrency Engineer Ryan X. Charles, who originally",
                "fallback": "Coinjournal: Public Launch of Bitcoin-Powered, Decentralized Reddit Alternative Possible in March",
                "image_url": "http:\/\/coinjournal.net\/wp-content\/uploads\/2015\/10\/Dattbanner.png",
                "ts": 1446153268,
                "from_url": "http:\/\/coinjournal.net\/public-launch-of-bitcoin-powered-decentralized-reddit-alternative-possible-in-march\/",
                "image_width": 377,
                "image_height": 250,
                "image_bytes": 479303,
                "id": 1
            }
        ],
        "ts": "1446153728.000020"
    },
    {
        "type": "message",
        "user": "U0CL5F53R",
        "text": "\"so you can create a new identity\"",
        "ts": "1446153809.000022"
    },
    {
        "type": "message",
        "user": "U0CL5F53R",
        "text": "if people want to use a different front end to the same distributed back end, do they have to register a new account?",
        "ts": "1446153838.000023"
    },
    {
        "type": "message",
        "user": "U0CL5F53R",
        "text": "i feel that accounts should be able to zero-cost migrate from one front end to another, so no node should ever see your password (i.e. use social network login, and the option of bitcoin \/ namecoin account)",
        "ts": "1446154084.000024"
    },
    {
        "type": "message",
        "user": "U07GDL0H5",
        "text": "right now a new identity is generated for you automatically when you open the app for the first time",
        "ts": "1446154147.000025"
    },
    {
        "type": "message",
        "user": "U07GDL0H5",
        "text": "social network login is not possible without centralization, however that is possible nonetheless. using blockstack's identity thing should also be possible.",
        "ts": "1446154186.000026"
    },
    {
        "type": "message",
        "user": "U0CL5F53R",
        "text": "centralization how?",
        "ts": "1446154295.000027"
    },
    {
        "type": "message",
        "user": "U0CL5F53R",
        "text": "you mean it reinforces the existing giants?",
        "ts": "1446154312.000028"
    },
    {
        "type": "message",
        "user": "U07GDL0H5",
        "text": "no, i mean technically it has to go through a central intermediary. i'm not sure how else to do it from a web app.",
        "ts": "1446154345.000029"
    },
    {
        "type": "message",
        "user": "U0CL5F53R",
        "text": "i guess otherwise any node could claim to be representing a given Facebook account",
        "ts": "1446154392.000030"
    },
    {
        "type": "message",
        "user": "U0CL5F53R",
        "text": "but what's to stop a malicious Datt node from creating lots of fake users?",
        "ts": "1446154408.000031"
    },
    {
        "type": "message",
        "user": "U07GDL0H5",
        "text": "in general, make it expensive to create an identity. specifically for datt, we have not identified what strategies we will be using to discourage fake users on day 1.",
        "ts": "1446154453.000032"
    },
    {
        "type": "message",
        "user": "U0CL5F53R",
        "text": "sure okay",
        "ts": "1446154465.000033"
    },
    {
        "type": "message",
        "user": "U0CL5F53R",
        "text": "i'll look into the blockstack thing, thanks",
        "ts": "1446154475.000034"
    },
    {
        "type": "message",
        "user": "U08EZP01H",
        "text": "if anyone wants to play around with <http:\/\/tsu.co|tsu.co> you can use this link, or type in my name 'DarrenM': <https:\/\/www.tsu.co\/DarrenM>",
        "attachments": [
            {
                "service_name": "ts\u016b",
                "title": "Darren Mills | ts\u016b",
                "title_link": "https:\/\/www.tsu.co\/DarrenM",
                "text": "Entrepreneur, consultant, health\/biohacker, knowledge junkie, systems thinker. UX and Bitcoin professional.",
                "fallback": "ts\u016b: Darren Mills | ts\u016b",
                "image_url": "https:\/\/cdn-2.tsu.co\/users\/cover_pictures\/004\/157\/211\/original\/42ad541a7bbd4dffaf09070f2a9f76cc.png?v=1446160994",
                "from_url": "https:\/\/www.tsu.co\/DarrenM",
                "image_width": 676,
                "image_height": 250,
                "image_bytes": 340682,
                "id": 1
            }
        ],
        "ts": "1446161277.000035",
        "reactions": [
            {
                "name": "+1",
                "users": [
                    "U07GDL0H5",
                    "U08FELZL7"
                ],
                "count": 2
            }
        ]
    },
    {
        "type": "message",
        "user": "U08EZP01H",
        "text": "I think. It's basically facebook but the users get paid for their content.",
        "ts": "1446161333.000037"
    }
]