[
    {
        "type": "message",
        "subtype": "file_share",
        "text": "<@U08EZP01H|darrenm> uploaded a file: <https:\/\/dattnetwork.slack.com\/files\/darrenm\/F0A4Y8LET\/stickers_concept-01.png|stickers_concept-01.png>",
        "file": {
            "id": "F0A4Y8LET",
            "created": 1441319472,
            "timestamp": 1441319472,
            "name": "stickers_concept-01.png",
            "title": "stickers_concept-01.png",
            "mimetype": "image\/png",
            "filetype": "png",
            "pretty_type": "PNG",
            "user": "U08EZP01H",
            "editable": false,
            "size": 3016,
            "mode": "hosted",
            "is_external": false,
            "external_type": "",
            "is_public": true,
            "public_url_shared": false,
            "display_as_bot": false,
            "username": "",
            "url": "https:\/\/slack-files.com\/files-pub\/T07GDKW3U-F0A4Y8LET-4bda58fd09\/stickers_concept-01.png",
            "url_download": "https:\/\/slack-files.com\/files-pub\/T07GDKW3U-F0A4Y8LET-4bda58fd09\/download\/stickers_concept-01.png",
            "url_private": "https:\/\/files.slack.com\/files-pri\/T07GDKW3U-F0A4Y8LET\/stickers_concept-01.png",
            "url_private_download": "https:\/\/files.slack.com\/files-pri\/T07GDKW3U-F0A4Y8LET\/download\/stickers_concept-01.png",
            "thumb_64": "https:\/\/slack-files.com\/files-tmb\/T07GDKW3U-F0A4Y8LET-eefa7c4563\/stickers_concept-01_64.png",
            "thumb_80": "https:\/\/slack-files.com\/files-tmb\/T07GDKW3U-F0A4Y8LET-eefa7c4563\/stickers_concept-01_80.png",
            "thumb_360": "https:\/\/slack-files.com\/files-tmb\/T07GDKW3U-F0A4Y8LET-eefa7c4563\/stickers_concept-01_360.png",
            "thumb_360_w": 216,
            "thumb_360_h": 216,
            "thumb_160": "https:\/\/slack-files.com\/files-tmb\/T07GDKW3U-F0A4Y8LET-eefa7c4563\/stickers_concept-01_160.png",
            "image_exif_rotation": 1,
            "original_w": 216,
            "original_h": 216,
            "permalink": "https:\/\/dattnetwork.slack.com\/files\/darrenm\/F0A4Y8LET\/stickers_concept-01.png",
            "permalink_public": "https:\/\/slack-files.com\/T07GDKW3U-F0A4Y8LET-4bda58fd09",
            "channels": [
                "C09HR1JJW"
            ],
            "groups": [

            ],
            "ims": [

            ],
            "comments_count": 0,
            "reactions": [
                {
                    "name": "+1",
                    "users": [
                        "U07GDL0H5",
                        "U08CG8V89",
                        "U08ERPTQF",
                        "U08F438SK"
                    ],
                    "count": 4
                }
            ]
        },
        "user": "U08EZP01H",
        "upload": true,
        "display_as_bot": false,
        "username": "<@U08EZP01H|darrenm>",
        "bot_id": null,
        "ts": "1441319473.000034"
    },
    {
        "type": "message",
        "subtype": "file_share",
        "text": "<@U08EZP01H|darrenm> uploaded a file: <https:\/\/dattnetwork.slack.com\/files\/darrenm\/F0A4XQSHW\/stickers_concept-02.png|stickers_concept-02.png>",
        "file": {
            "id": "F0A4XQSHW",
            "created": 1441319475,
            "timestamp": 1441319475,
            "name": "stickers_concept-02.png",
            "title": "stickers_concept-02.png",
            "mimetype": "image\/png",
            "filetype": "png",
            "pretty_type": "PNG",
            "user": "U08EZP01H",
            "editable": false,
            "size": 2300,
            "mode": "hosted",
            "is_external": false,
            "external_type": "",
            "is_public": true,
            "public_url_shared": false,
            "display_as_bot": false,
            "username": "",
            "url": "https:\/\/slack-files.com\/files-pub\/T07GDKW3U-F0A4XQSHW-c043209cf2\/stickers_concept-02.png",
            "url_download": "https:\/\/slack-files.com\/files-pub\/T07GDKW3U-F0A4XQSHW-c043209cf2\/download\/stickers_concept-02.png",
            "url_private": "https:\/\/files.slack.com\/files-pri\/T07GDKW3U-F0A4XQSHW\/stickers_concept-02.png",
            "url_private_download": "https:\/\/files.slack.com\/files-pri\/T07GDKW3U-F0A4XQSHW\/download\/stickers_concept-02.png",
            "thumb_64": "https:\/\/slack-files.com\/files-tmb\/T07GDKW3U-F0A4XQSHW-e937f1ae0c\/stickers_concept-02_64.png",
            "thumb_80": "https:\/\/slack-files.com\/files-tmb\/T07GDKW3U-F0A4XQSHW-e937f1ae0c\/stickers_concept-02_80.png",
            "thumb_360": "https:\/\/slack-files.com\/files-tmb\/T07GDKW3U-F0A4XQSHW-e937f1ae0c\/stickers_concept-02_360.png",
            "thumb_360_w": 216,
            "thumb_360_h": 216,
            "thumb_160": "https:\/\/slack-files.com\/files-tmb\/T07GDKW3U-F0A4XQSHW-e937f1ae0c\/stickers_concept-02_160.png",
            "image_exif_rotation": 1,
            "original_w": 216,
            "original_h": 216,
            "permalink": "https:\/\/dattnetwork.slack.com\/files\/darrenm\/F0A4XQSHW\/stickers_concept-02.png",
            "permalink_public": "https:\/\/slack-files.com\/T07GDKW3U-F0A4XQSHW-c043209cf2",
            "channels": [
                "C09HR1JJW"
            ],
            "groups": [

            ],
            "ims": [

            ],
            "comments_count": 0,
            "reactions": [
                {
                    "name": "+1",
                    "users": [
                        "U07GDL0H5",
                        "U08CG8V89"
                    ],
                    "count": 2
                }
            ]
        },
        "user": "U08EZP01H",
        "upload": true,
        "display_as_bot": false,
        "username": "<@U08EZP01H|darrenm>",
        "bot_id": null,
        "ts": "1441319476.000035"
    },
    {
        "type": "message",
        "subtype": "file_share",
        "text": "<@U08EZP01H|darrenm> uploaded a file: <https:\/\/dattnetwork.slack.com\/files\/darrenm\/F0A4Y1MJA\/stickers_concept-03.png|stickers_concept-03.png>",
        "file": {
            "id": "F0A4Y1MJA",
            "created": 1441319477,
            "timestamp": 1441319477,
            "name": "stickers_concept-03.png",
            "title": "stickers_concept-03.png",
            "mimetype": "image\/png",
            "filetype": "png",
            "pretty_type": "PNG",
            "user": "U08EZP01H",
            "editable": false,
            "size": 1610,
            "mode": "hosted",
            "is_external": false,
            "external_type": "",
            "is_public": true,
            "public_url_shared": false,
            "display_as_bot": false,
            "username": "",
            "url": "https:\/\/slack-files.com\/files-pub\/T07GDKW3U-F0A4Y1MJA-85cc3327ac\/stickers_concept-03.png",
            "url_download": "https:\/\/slack-files.com\/files-pub\/T07GDKW3U-F0A4Y1MJA-85cc3327ac\/download\/stickers_concept-03.png",
            "url_private": "https:\/\/files.slack.com\/files-pri\/T07GDKW3U-F0A4Y1MJA\/stickers_concept-03.png",
            "url_private_download": "https:\/\/files.slack.com\/files-pri\/T07GDKW3U-F0A4Y1MJA\/download\/stickers_concept-03.png",
            "thumb_64": "https:\/\/slack-files.com\/files-tmb\/T07GDKW3U-F0A4Y1MJA-5cee5f4482\/stickers_concept-03_64.png",
            "thumb_80": "https:\/\/slack-files.com\/files-tmb\/T07GDKW3U-F0A4Y1MJA-5cee5f4482\/stickers_concept-03_80.png",
            "thumb_360": "https:\/\/slack-files.com\/files-tmb\/T07GDKW3U-F0A4Y1MJA-5cee5f4482\/stickers_concept-03_360.png",
            "thumb_360_w": 216,
            "thumb_360_h": 216,
            "thumb_160": "https:\/\/slack-files.com\/files-tmb\/T07GDKW3U-F0A4Y1MJA-5cee5f4482\/stickers_concept-03_160.png",
            "image_exif_rotation": 1,
            "original_w": 216,
            "original_h": 216,
            "permalink": "https:\/\/dattnetwork.slack.com\/files\/darrenm\/F0A4Y1MJA\/stickers_concept-03.png",
            "permalink_public": "https:\/\/slack-files.com\/T07GDKW3U-F0A4Y1MJA-85cc3327ac",
            "channels": [
                "C09HR1JJW"
            ],
            "groups": [

            ],
            "ims": [

            ],
            "comments_count": 0,
            "reactions": [
                {
                    "name": "+1",
                    "users": [
                        "U08DH3ESU",
                        "U08F438SK"
                    ],
                    "count": 2
                }
            ]
        },
        "user": "U08EZP01H",
        "upload": true,
        "display_as_bot": false,
        "username": "<@U08EZP01H|darrenm>",
        "bot_id": null,
        "ts": "1441319478.000036"
    },
    {
        "type": "message",
        "user": "U08EZP01H",
        "text": "Here's some mockup sticker concepts. Do you have a favorite <@U08F438SK>?",
        "ts": "1441319493.000037"
    },
    {
        "type": "message",
        "user": "U07GDL0H5",
        "text": "nice",
        "ts": "1441319498.000038"
    },
    {
        "type": "message",
        "user": "U08EZP01H",
        "text": "thanks! if anyone wants to see an idea mocked up, let me know!",
        "ts": "1441319633.000041"
    },
    {
        "type": "message",
        "user": "U08DH3ESU",
        "text": "Very nice; I actually like the 3rd one. The images where there are no words are generally more powerful to convey messages once they become popular.",
        "ts": "1441331804.000047"
    },
    {
        "type": "message",
        "user": "U08ERPTQF",
        "text": "How about designing some t-shirts for <@U07GDL0H5> &amp; <@U08F438SK> to wear to Scalability Conf?",
        "ts": "1441341199.000048"
    },
    {
        "type": "message",
        "user": "U08F438SK",
        "text": "<@U08DH3ESU> agree, though I love the \"Own our content\" message",
        "ts": "1441341229.000050"
    },
    {
        "type": "message",
        "user": "U08F438SK",
        "text": "Should I go ahead and send the design to sticker mule? Or I can send someone BTC and they can engage them if they prefer to be in the loop (sticker mule will often give you a modified design and ask if it's ok)",
        "ts": "1441341287.000051"
    },
    {
        "type": "message",
        "user": "U08F438SK",
        "text": "haha think this is a clever way to say dev is running behind so designers are all free to design swag :wink:",
        "ts": "1441341386.000052",
        "reactions": [
            {
                "name": "joy",
                "users": [
                    "U08ERPTQF"
                ],
                "count": 1
            }
        ]
    },
    {
        "type": "message",
        "user": "U08EZP01H",
        "text": "If we can settle on a design, I can get you a TIF\/PDF that's printer ready.",
        "ts": "1441341430.000053"
    },
    {
        "type": "message",
        "user": "U08F438SK",
        "text": "I vote #1 but am open to #3",
        "ts": "1441341461.000054"
    },
    {
        "type": "message",
        "user": "U08F438SK",
        "text": "it's all beautiful -- great work man",
        "ts": "1441341475.000055"
    },
    {
        "type": "message",
        "user": "U08EZP01H",
        "text": "thanks :wink: #1 seems to be popular, but #3 might have wider appeal in the longer run",
        "ts": "1441341592.000056"
    },
    {
        "type": "message",
        "user": "U08DH3ESU",
        "text": "\"Own your content\" in a standalone context might not mean anything. These messages can work when the logo is well known. But, for now we are in a different place. that is why I prefer 3 as it would raise curiosity and people can also form their own opinions when they visit the site. Also, 3 can be of standard use in the long run as the priorities of the company can change.",
        "ts": "1441341666.000057"
    },
    {
        "type": "message",
        "user": "U08F438SK",
        "text": "you're right <@U08DH3ESU> . I change my vote: #3 :simple_smile:",
        "ts": "1441342577.000058"
    },
    {
        "type": "message",
        "subtype": "file_share",
        "text": "<@U08EZP01H|darrenm> uploaded a file: <https:\/\/dattnetwork.slack.com\/files\/darrenm\/F0A5AN5DE\/sticker_no-text.pdf|sticker_no-text.pdf> and commented: 3x3\" PDF x1a @ 300dpi CMYK, Rich Black",
        "file": {
            "id": "F0A5AN5DE",
            "created": 1441343141,
            "timestamp": 1441343141,
            "name": "sticker_no-text.pdf",
            "title": "sticker_no-text.pdf",
            "mimetype": "application\/pdf",
            "filetype": "pdf",
            "pretty_type": "PDF",
            "user": "U08EZP01H",
            "editable": false,
            "size": 608601,
            "mode": "hosted",
            "is_external": false,
            "external_type": "",
            "is_public": true,
            "public_url_shared": false,
            "display_as_bot": false,
            "username": "",
            "url": "https:\/\/slack-files.com\/files-pub\/T07GDKW3U-F0A5AN5DE-710880b825\/sticker_no-text.pdf",
            "url_download": "https:\/\/slack-files.com\/files-pub\/T07GDKW3U-F0A5AN5DE-710880b825\/download\/sticker_no-text.pdf",
            "url_private": "https:\/\/files.slack.com\/files-pri\/T07GDKW3U-F0A5AN5DE\/sticker_no-text.pdf",
            "url_private_download": "https:\/\/files.slack.com\/files-pri\/T07GDKW3U-F0A5AN5DE\/download\/sticker_no-text.pdf",
            "permalink": "https:\/\/dattnetwork.slack.com\/files\/darrenm\/F0A5AN5DE\/sticker_no-text.pdf",
            "permalink_public": "https:\/\/slack-files.com\/T07GDKW3U-F0A5AN5DE-710880b825",
            "channels": [
                "C09HR1JJW"
            ],
            "groups": [

            ],
            "ims": [

            ],
            "comments_count": 1,
            "initial_comment": {
                "id": "Fc0A5AN5DW",
                "created": 1441343141,
                "timestamp": 1441343141,
                "user": "U08EZP01H",
                "comment": "3x3\" PDF x1a @ 300dpi CMYK, Rich Black"
            }
        },
        "user": "U08EZP01H",
        "upload": true,
        "display_as_bot": false,
        "username": "<@U08EZP01H|darrenm>",
        "bot_id": null,
        "ts": "1441343141.000059"
    },
    {
        "type": "message",
        "user": "U08EZP01H",
        "text": "This is #3 in pdf format",
        "ts": "1441343826.000060"
    },
    {
        "type": "message",
        "user": "U08F438SK",
        "text": "kk. square sticker? anyone voting for circular sticker?",
        "ts": "1441343922.000061"
    },
    {
        "type": "message",
        "user": "U08F438SK",
        "text": "A few more Q's:  Rounded corners or sharp corners? And do we want white background or transparent background?",
        "ts": "1441344038.000062"
    },
    {
        "type": "message",
        "user": "U08EZP01H",
        "text": "I can see rounded or circular. White background would probably be the most reliable for good contrast.",
        "ts": "1441344426.000063"
    },
    {
        "type": "message",
        "user": "U08F438SK",
        "text": "sounds good  - how about 500 circular ones with white background",
        "ts": "1441346818.000064"
    },
    {
        "type": "message",
        "user": "U08DH3ESU",
        "text": "How about making the colours inverted? Black background with white dots.",
        "ts": "1441347047.000065",
        "reactions": [
            {
                "name": "+1",
                "users": [
                    "U08MAKT70",
                    "U08EZP01H",
                    "U08ERPTQF"
                ],
                "count": 3
            }
        ]
    },
    {
        "type": "message",
        "user": "U08DH3ESU",
        "text": "that generally provides a better contrast and image recollection",
        "edited": {
            "user": "U08DH3ESU",
            "ts": "1441347911.000000"
        },
        "ts": "1441347066.000066"
    }
]