[
    {
        "type": "message",
        "user": "U08DH3ESU",
        "text": "<@U08BY8MGV> &amp; I put together a spreadsheet on how the current subscription models of newspapers look like with information on monthly commitments. The idea was to try and find a number which people would be comfortable spending on a monthly basis. The monthly commitment numbers vary from $4 for a magazine like Economist to nearly as high as $38 for the Times (UK). We ideally should ensure that the user spends around USD 3-4 for upvotes on a monthly basis as this is purely voluntary. (Tips are a different matter altogether). This is just my observation. Please have a look and share your thoughts. Note that only online subscription is considered (without promotional offers). The numbers don't include the advertising revenue that newspapers make. <https:\/\/docs.google.com\/spreadsheets\/d\/1Ztz735bCFQrnsjCoy-3Ll3j6PNmqri09cAqv2rUyLqY\/edit?usp=sharing>",
        "ts": "1440160037.000519",
        "reactions": [
            {
                "name": "+1",
                "users": [
                    "U08F438SK",
                    "U08ERPTQF"
                ],
                "count": 2
            }
        ]
    },
    {
        "type": "message",
        "subtype": "file_share",
        "text": "<@U08DH3ESU|aramkris> shared a file: <https:\/\/dattnetwork.slack.com\/files\/aramkris\/F09DVBQET\/dattmarketanalysis-sheet1|Datt Market Analysis>",
        "file": {
            "id": "F09DVBQET",
            "created": 1440160039,
            "timestamp": 1440160039,
            "name": "DattMarketAnalysis-Sheet1",
            "title": "Datt Market Analysis",
            "mimetype": "application\/vnd.google-apps.spreadsheet",
            "filetype": "gsheet",
            "pretty_type": "GDocs Spreadsheet",
            "user": "U08DH3ESU",
            "editable": false,
            "size": 2439,
            "mode": "external",
            "is_external": true,
            "external_type": "gdrive",
            "is_public": true,
            "public_url_shared": false,
            "display_as_bot": false,
            "username": "",
            "url_private": "https:\/\/docs.google.com\/spreadsheets\/d\/1Ztz735bCFQrnsjCoy-3Ll3j6PNmqri09cAqv2rUyLqY\/edit?usp=drivesdk",
            "thumb_64": "https:\/\/slack.global.ssl.fastly.net\/66f9\/img\/files\/gsheet_64.png",
            "thumb_360": "https:\/\/slack.global.ssl.fastly.net\/66f9\/img\/files\/gsheet_360.png",
            "thumb_360_w": 360,
            "thumb_360_h": 167,
            "permalink": "https:\/\/dattnetwork.slack.com\/files\/aramkris\/F09DVBQET\/dattmarketanalysis-sheet1",
            "channels": [
                "C08F62HEY"
            ],
            "groups": [

            ],
            "ims": [

            ],
            "comments_count": 0
        },
        "user": "U08DH3ESU",
        "upload": false,
        "display_as_bot": false,
        "username": "<@U08DH3ESU|aramkris>",
        "bot_id": null,
        "ts": "1440160039.000520"
    },
    {
        "type": "message",
        "user": "U08F438SK",
        "text": "wow, nice!",
        "ts": "1440160621.000521"
    },
    {
        "type": "message",
        "user": "U08DH3ESU",
        "text": "Update on the Business Thoughts - Misc document: I have responded to all the comments in the document. I would appreciate more critical comments so that it can be improved. In case, anyone wants to edit the document directly, please go ahead. <https:\/\/docs.google.com\/document\/d\/1vhLrVlBu7_l_xgXkUs9HCWd4nOuh9G4TagO2zjU9Gys\/edit?usp=sharing>",
        "ts": "1440161565.000522"
    },
    {
        "type": "message",
        "subtype": "file_share",
        "text": "<@U08DH3ESU|aramkris> shared a file: <https:\/\/dattnetwork.slack.com\/files\/aramkris\/F0983HV7H\/businessthoughts-misc|Business Thoughts - Misc>",
        "file": {
            "id": "F0983HV7H",
            "created": 1439890460,
            "timestamp": 1439890460,
            "name": "BusinessThoughts-Misc",
            "title": "Business Thoughts - Misc",
            "mimetype": "application\/vnd.google-apps.document",
            "filetype": "gdoc",
            "pretty_type": "GDocs Document",
            "user": "U08DH3ESU",
            "editable": false,
            "size": 14533,
            "mode": "external",
            "is_external": true,
            "external_type": "gdrive",
            "is_public": true,
            "public_url_shared": false,
            "display_as_bot": false,
            "username": "",
            "url_private": "https:\/\/docs.google.com\/document\/d\/1vhLrVlBu7_l_xgXkUs9HCWd4nOuh9G4TagO2zjU9Gys\/edit?usp=drivesdk",
            "thumb_64": "https:\/\/slack.global.ssl.fastly.net\/66f9\/img\/files\/gdraw_64.png",
            "thumb_360": "https:\/\/slack.global.ssl.fastly.net\/272a\/img\/files\/gdoc_360.png",
            "thumb_360_w": 360,
            "thumb_360_h": 167,
            "permalink": "https:\/\/dattnetwork.slack.com\/files\/aramkris\/F0983HV7H\/businessthoughts-misc",
            "channels": [
                "C08F62HEY"
            ],
            "groups": [

            ],
            "ims": [

            ],
            "comments_count": 0
        },
        "user": "U08DH3ESU",
        "upload": false,
        "display_as_bot": false,
        "username": "<@U08DH3ESU|aramkris>",
        "bot_id": null,
        "ts": "1440161565.000523"
    },
    {
        "type": "message",
        "user": "U08EZP01H",
        "text": "<@U08DH3ESU>: This is great. I think you're right, $3-4 sounds like the sweet spot.",
        "ts": "1440169741.000524"
    },
    {
        "type": "message",
        "user": "U08DH3ESU",
        "text": "Just to clarify, when I said USD 3-4 as spend, I was talking about it in an indirect way. I was looking at capping the spend around BTC 0.02. Assuming the charge per upvote is USD 0.02, this would mean 15-20 up votes a day which would lead to a spend of around USD 4. I am going with a lower number for upvotes as it costs money and it not just a value stored on the website.",
        "ts": "1440212928.000525"
    }
]