[
    {
        "type": "message",
        "user": "U08F2RTCN",
        "text": "lots of reading to catch up here. One question I have here is if the Content Creator is dissatisfied  with how the revenue is coming in and decides to pull the plug on the content and there are some users who have already paid for it, what kind of redressal  system do we have in place? or can  theContent Creator can pull out the content if she is not satisfied?",
        "ts": "1439343274.000225"
    },
    {
        "type": "message",
        "user": "U08DH3ESU",
        "text": "I would assume that the content creator has an option to make it private\/restricted in case they want to remove the content from further distribution. It would and should not be possible to remove content which has been paid for altogether. This is one of the primary reasons centralized systems don't ask for payment from users to consume specific content.",
        "ts": "1439343405.000226"
    },
    {
        "type": "message",
        "user": "U08DH3ESU",
        "text": "Also, this point would be a legal challenge. There are 2 scenarios with respect to content - Licensed or sold. In case the content is sold then there cannot be a resale. You can sell it only once.",
        "ts": "1439343470.000227"
    },
    {
        "type": "message",
        "user": "U08DH3ESU",
        "text": "In case, the content is being licensed then the sale of the license can be revoked in future if required and in this case the terms of the license would determine how the content is consumed.",
        "ts": "1439343510.000228"
    },
    {
        "type": "message",
        "user": "U08DH3ESU",
        "text": "So, technically the content creator would have the right to pull the content in entirety depending on the terms of the license and also maybe provide a refund to everyone who has paid for this.",
        "ts": "1439343569.000229"
    },
    {
        "type": "message",
        "user": "U08F2RTCN",
        "text": "<@U08DH3ESU>: Makes sense, I like the refund part from the Content Creator to everyone else, that's fair.",
        "ts": "1439343625.000230"
    },
    {
        "type": "message",
        "user": "U08F438SK",
        "text": "Does everyone remember Ello, the \"idealistic ad-free\"  social network so hyped last year? And the trust \/ monetization issues they had? I see this as a proxy for the frustration users have with current system (potentially good sign for us) but also likely a good case study in perils of ad-free social nets.",
        "ts": "1439343832.000231",
        "reactions": [
            {
                "name": "+1",
                "users": [
                    "U08ERPTQF"
                ],
                "count": 1
            }
        ]
    },
    {
        "type": "message",
        "user": "U08F438SK",
        "text": "They got very far just pitching that you wouldn't be the product -- which was a claim that was hard to make credible. Why? \n(1) their leverage (they can change their mind, they have the network)\n(2) need to offset hosting costs\n(3) need to provide a return to investors",
        "ts": "1439343967.000232"
    },
    {
        "type": "message",
        "user": "U08F438SK",
        "text": "1 and 2 would be basically eliminated in Datt, allowing us to credibly meet the claim. Which was a claim appealing to a much larger audience (check the hipster styling of site) than the libertarian technophile audience one could worry we are focusing on",
        "ts": "1439344080.000233"
    },
    {
        "type": "message",
        "user": "U08F438SK",
        "text": "FYI I am not suggesting we become a social network or change anything in the app, just saying Ello is a case worth analyzing for what it signals about the market. Link: <http:\/\/www.theverge.com\/2015\/6\/18\/8800035\/ello-ad-free-social-network-iphone-app-launch>",
        "attachments": [
            {
                "service_name": "The Verge",
                "title": "Ello thinks its new iPhone app might help it stay alive",
                "title_link": "http:\/\/www.theverge.com\/2015\/6\/18\/8800035\/ello-ad-free-social-network-iphone-app-launch",
                "text": "Ello, the ad-free, idealistic social network that captured our imagination when it launched in the fall before receding into the background, is ready for its second act. We called Ello...",
                "fallback": "The Verge: Ello thinks its new iPhone app might help it stay alive",
                "image_url": "https:\/\/cdn2.vox-cdn.com\/thumbor\/SMNmmTqZEChPVlgpisGVWh8_sDc=\/0x102:2039x1249\/1600x900\/cdn0.vox-cdn.com\/uploads\/chorus_image\/image\/46560018\/DSC04077.0.0.jpg",
                "ts": 1434600063,
                "from_url": "http:\/\/www.theverge.com\/2015\/6\/18\/8800035\/ello-ad-free-social-network-iphone-app-launch",
                "image_width": 444,
                "image_height": 250,
                "image_bytes": 271790,
                "id": 1
            }
        ],
        "ts": "1439344157.000234"
    },
    {
        "type": "message",
        "user": "U08DH3ESU",
        "text": "<@U08F2RTCN>: But it would be challenging to implement as the refund would have to be tracked at a node level. And every transaction would have to be reversed or another transaction performed to reverse the payment.",
        "ts": "1439344583.000236",
        "reactions": [
            {
                "name": "heavy_plus_sign",
                "users": [
                    "U08F438SK"
                ],
                "count": 1
            }
        ]
    },
    {
        "type": "message",
        "user": "U08DH3ESU",
        "text": "This is a social network based on interests you have and not the people you know. :simple_smile:",
        "ts": "1439345141.000237"
    },
    {
        "type": "message",
        "user": "U08F2RTCN",
        "text": "<@U08DH3ESU>: agreed that its going to be hard to implement, but our paying customers are users and we need to figure out a way to see if we can address that, <@U08F438SK> i thought ello was going to be a big hit when they launched and I liked their idea, but I think they became  too exclusive with hipsters only kind of crowd, the challenge for us is to not to be too exclusive as you rightly put.",
        "ts": "1439346295.000238"
    },
    {
        "user": "U08SX8YP5",
        "type": "message",
        "subtype": "channel_join",
        "text": "<@U08SX8YP5|dhulser> has joined the channel",
        "ts": "1439346310.000239"
    },
    {
        "type": "message",
        "user": "U08DH3ESU",
        "text": "True; That needs to be addressed definitively without any confusion on how the model will work. Both channels should be transparent; the only issue I see is that if a refund has to be processed the amount might be less than what the user actually paid for the content as the moderator (or network) would have taken a cut for the services rendered.",
        "ts": "1439347837.000240",
        "reactions": [
            {
                "name": "+1",
                "users": [
                    "U08F2RTCN"
                ],
                "count": 1
            }
        ]
    },
    {
        "type": "message",
        "user": "U08ERPTQF",
        "text": "Coming late to the conversation, but if we are using micropayment channels at the time content is interacted with, there is no issue with a user having paid but not having the content itself",
        "ts": "1439358072.000241"
    },
    {
        "type": "message",
        "user": "U08ERPTQF",
        "text": "Furthermore on a P2P model there is no way for a creator to remove content. If the content is encrypted they could stop sharing the key to decrypt it, but there is no way to prevent other nodes continuing to share both the content &amp; the key",
        "ts": "1439358272.000242"
    },
    {
        "type": "message",
        "user": "U08ERPTQF",
        "text": "Two biggest gotcha's for creators new to Datt: you can't edit your post once you submit &amp; you can't remove\/delete your post once you submit",
        "ts": "1439358434.000243"
    },
    {
        "type": "message",
        "user": "U08DH3ESU",
        "text": "that is true; in a P2P scenario once it is in the out there it cannot turn back; the T &amp; C's for the content creators need to reflect this, but if this kind of a mechanism (in a limited scenario) can be built into the application then it would be great",
        "ts": "1439358506.000244"
    },
    {
        "type": "message",
        "user": "U08DH3ESU",
        "text": "For example, if a creator wants has published some content and it lies in the system for a couple of day's and some users have paid for it; Now, if the creator wants to pull this content then keeping aside the users who have paid for it, it would be great if they can stop new users from accessing this content",
        "ts": "1439358589.000245"
    },
    {
        "type": "message",
        "user": "U08DH3ESU",
        "text": "the application can have a kind of lock mechanism for this; Just a thought from my side but this would be very tricky and we would be scraping the line between control over content and censorship even though the network might not do it",
        "ts": "1439358737.000246"
    },
    {
        "type": "message",
        "user": "U08F2RTCN",
        "text": "eave it there, that would leave some  unhappy creators, but I do agree that once its posted nothing else can be done, esp in the P2P model we have.",
        "ts": "1439358981.000247"
    },
    {
        "type": "message",
        "user": "U08ERPTQF",
        "text": "<@U08DH3ESU>: that sounds dangerously close to DRM. I don't think anyone wants that",
        "ts": "1439359026.000248"
    },
    {
        "type": "message",
        "user": "U08F2RTCN",
        "text": "yikes got cut, what I mean was that if the   only option content creators have is to leave the content in the network.",
        "ts": "1439359045.000249"
    },
    {
        "type": "message",
        "user": "U08DH3ESU",
        "text": "the lock is symbolic; I agree this is close to managing the rights, but thinking aloud is there absolutely nothing the creator can do for a scenario like this",
        "edited": {
            "user": "U08DH3ESU",
            "ts": "1439359154.000000"
        },
        "ts": "1439359139.000250"
    },
    {
        "type": "message",
        "user": "U08F2RTCN",
        "text": "The question I have is If I am Spending x amount of time creating a quality content and expect some users to pay for it, but there are no takers, can I take the content and move along?",
        "ts": "1439359234.000252"
    },
    {
        "type": "message",
        "user": "U08DH3ESU",
        "text": "the question is valid and needs more thought from us to help the creator of content",
        "ts": "1439359343.000253"
    },
    {
        "type": "message",
        "user": "U08F438SK",
        "text": "There's nothing stopping us from broadcasting \"forget X\" or \"This is an update to X\" and configuring vanilla clients to respect that",
        "ts": "1439359434.000254"
    },
    {
        "type": "message",
        "user": "U08F438SK",
        "text": "At least if signed by author, I think if we leave it open as a door it erodes trust",
        "ts": "1439359465.000255"
    },
    {
        "type": "message",
        "user": "U08F438SK",
        "text": "But it will not be enforceable, in the end",
        "ts": "1439359480.000256"
    },
    {
        "type": "message",
        "user": "U08DH3ESU",
        "text": "yes; but if the end user has the content saved locally, then this would be difficult to implement",
        "ts": "1439359493.000257"
    },
    {
        "type": "message",
        "user": "U08F438SK",
        "text": "But that's a problem always. Snapchat torrents are available ",
        "ts": "1439359524.000258"
    },
    {
        "type": "message",
        "user": "U08F438SK",
        "text": "Malicious clients never have to forget anything in any protocol",
        "ts": "1439359558.000259"
    },
    {
        "type": "message",
        "user": "U08F438SK",
        "text": "So if we configure it by default it's probably good except for the fact that we're open source so easier to disseminate a alternate client",
        "ts": "1439359623.000260"
    },
    {
        "type": "message",
        "user": "U08F438SK",
        "text": "You can scrape Reddit or the web or twitter, etc right now and keep deleted posts",
        "ts": "1439359705.000261"
    },
    {
        "type": "message",
        "user": "U08F2RTCN",
        "text": "<@U08F438SK> true,  its going to hard to control once its out there , true  we can scrape sites right now, but we are saying to our content creators that you will get paid for the content you create and the model for our monetization  is purely the BTC\/$ from the user and no ad revenue. If we are trying to be a kind of decentralized marketplace then a dissatisfied customer should be able to take his product to a different market, but again this is going to very tricky in our model",
        "ts": "1439359987.000262"
    },
    {
        "type": "message",
        "user": "U08F438SK",
        "text": "We can make it a violation of protocol to distribute content revoked by the author",
        "ts": "1439360236.000263",
        "reactions": [
            {
                "name": "+1",
                "users": [
                    "U08F2RTCN"
                ],
                "count": 1
            }
        ]
    },
    {
        "type": "message",
        "user": "U08DH3ESU",
        "text": "(Thought) To provide a bit of control to the creator, can something like this be implemented",
        "ts": "1439360299.000264"
    },
    {
        "type": "message",
        "user": "U08DH3ESU",
        "text": "Assuming that we have full nodes and light nodes, can the full nodes agree to terms that if the author has revoked rights to some content then they will stop further distribution",
        "ts": "1439360341.000265"
    },
    {
        "type": "message",
        "user": "U08DH3ESU",
        "text": "the light nodes can have the content if they have it available locally and can even distribute like what we do now-a-days",
        "edited": {
            "user": "U08DH3ESU",
            "ts": "1439360560.000000"
        },
        "ts": "1439360360.000266"
    },
    {
        "type": "message",
        "user": "U08DH3ESU",
        "text": "this is the same model that is used today where even though an creator can delete content from a platform like medium the company does not guarantee that everything gets removed instantly and says that for 30 days' everything might remain in the system",
        "ts": "1439360451.000267"
    },
    {
        "type": "message",
        "user": "U08DH3ESU",
        "text": "but alas, we are deviating from the core principles here to an extent",
        "ts": "1439360468.000268"
    },
    {
        "type": "message",
        "user": "U08F438SK",
        "text": "Legally I am no lawyer but I imagine we have to say we have zero control (because really we don't) but we can make good faith claims by engineering the open source protocol to encourage desired behavior and enforce it by consensus",
        "ts": "1439360615.000270",
        "reactions": [
            {
                "name": "+1",
                "users": [
                    "U08DH3ESU"
                ],
                "count": 1
            }
        ]
    },
    {
        "type": "message",
        "user": "U08F438SK",
        "text": "Light vs (heavy?) full node distinction is interesting",
        "ts": "1439360680.000271"
    },
    {
        "type": "message",
        "user": "U08DH3ESU",
        "text": "Light node -&gt; I refer to a client only system here; this might be the preferred usage in a mobile system",
        "ts": "1439360735.000272"
    },
    {
        "type": "message",
        "user": "U08F2RTCN",
        "text": "Yep I agree, a good thing to have is to have a fineprint and state that we dont have any control and once you publish the content, you cannot revoke it.",
        "ts": "1439360750.000273"
    }
]