[
    {
        "type": "message",
        "user": "U08ERPTQF",
        "text": "<@U08DH3ESU>: that may also include 50 or so votes on comments, since they are much  cheaper",
        "ts": "1440228681.000526"
    },
    {
        "type": "message",
        "user": "U08DH3ESU",
        "text": "<@U08ERPTQF>: Yes. That should also be possible.",
        "ts": "1440237730.000527"
    },
    {
        "type": "message",
        "user": "U08BY8MGV",
        "text": "I've updated the price per vote to $0.10. We'll see what people are comfortable with, but we hope the higher price will help select for premium content <https:\/\/docs.google.com\/presentation\/d\/1SlSlpEtZWa6g3jddrFdpY0hL9W8YePWItrOV0W4bPyc\/edit#slide=id.g63d6e66a7_0_272>",
        "ts": "1440303663.000528"
    },
    {
        "type": "message",
        "user": "U08BY8MGV",
        "text": "Also, I think Datt's fee could potentially be 5% of amount paid to the content creator",
        "ts": "1440303738.000529"
    },
    {
        "type": "message",
        "user": "U08ERPTQF",
        "text": "<@U08BY8MGV>: can we display the cost to vote in mBTC rather than USD? It would help appeal to non-US users and might help separate voting from a fixed cost that has to be converted",
        "ts": "1440304786.000530"
    },
    {
        "type": "message",
        "user": "U08ERPTQF",
        "text": "I believe there's a psychological separation that makes people more likely to tip frequently on Reddit or bet frequently on Satoshi Dice when the cost of doing so isn't in their local currency.",
        "ts": "1440305392.000531"
    },
    {
        "type": "message",
        "user": "U08BY8MGV",
        "text": "I think you can toggle it. If you click on the price, it will switch everything on the page to btc. If you click when it's btc, it will switch everything to $",
        "ts": "1440306005.000532"
    },
    {
        "type": "message",
        "user": "U08ERPTQF",
        "text": "Yea that's how most wallets work. I'd love to test this on the platform, give some users a client that toggles, and others a client that's fixed in mBTC. Marketers are always trying to get us to think in points\/miles\/rewards so that we don't perceive the same 'real cost' or 'opportunity cost'.\nSince our product isn't actually sold anywhere it would be nice to abstract away from fiat currency altogether - but we can decide on this later :)",
        "ts": "1440308680.000533",
        "reactions": [
            {
                "name": "+1",
                "users": [
                    "U08DH3ESU",
                    "U08EZP01H"
                ],
                "count": 2
            }
        ]
    },
    {
        "type": "message",
        "user": "U08DH3ESU",
        "text": "(Slightly off-topic) What do you think of using a something like \"recommend\" instead of \"Upvote' as part of the UI? When I recommend something I am doing it with a lot more sincerity (at least it looks that way) and this is important here as we are asking users to pay bits to do it.",
        "ts": "1440310368.000534"
    },
    {
        "type": "message",
        "user": "U08ERPTQF",
        "text": "How about 'endorse' it has that sincerity\/gravitas while also having a 'monetary' feel to it",
        "ts": "1440310481.000535"
    },
    {
        "type": "message",
        "user": "U08DH3ESU",
        "text": "yeah, that would also be nice. I want to move away from 'upvote'. The only reason I was leaning towards 'recommend' is that it has a more aligned antonym in 'reject'. Maybe endorse can also go with reject.",
        "ts": "1440310715.000536"
    },
    {
        "type": "message",
        "user": "U08ERPTQF",
        "text": "True endorse doesn't have an antonym. If we are going for more of a Twitter style we could adopt 'hide' as a way to signal content that you don't like - rather than down vote",
        "ts": "1440311031.000537"
    },
    {
        "type": "message",
        "user": "U08BY8MGV",
        "text": "What do you think of just 'vote'? We could have a share button where people can share a post on fb, twitter, or via link. Sharing is a recommendation action",
        "ts": "1440312008.000538"
    },
    {
        "type": "message",
        "user": "U08DH3ESU",
        "text": "Just 'Vote' might mean people may not know the action they are performing. They are merely finishing an action.",
        "ts": "1440312177.000539"
    },
    {
        "type": "message",
        "user": "U08DH3ESU",
        "text": "unless we can come up with an appropriate word for downvoting which would then convey that 'vote' means 'upvote'",
        "ts": "1440312216.000540"
    },
    {
        "type": "message",
        "user": "U08ERPTQF",
        "text": "If we stick with 'vote' then we need to educate users about the cost associated with voting on Datt. It's not impossible, but it could be easier to use a different term that isn't used on a bunch of other sites already",
        "ts": "1440312319.000541"
    }
]