[
    {
        "user": "U08G8DW66",
        "type": "message",
        "subtype": "channel_join",
        "text": "<@U08G8DW66|harsh54> has joined the channel",
        "ts": "1441104952.000035"
    },
    {
        "user": "U09V2FAR4",
        "type": "message",
        "subtype": "channel_join",
        "text": "<@U09V2FAR4|vrontis> has joined the channel",
        "ts": "1441105230.000036"
    },
    {
        "type": "message",
        "user": "U08G8DW66",
        "text": "<https:\/\/www.linkedin.com\/pulse\/blockchain-ware-next-stage-malware-evolution-harsh-patel> .",
        "ts": "1441105270.000037"
    },
    {
        "type": "message",
        "user": "U08G8DW66",
        "text": "Needs some ideation on this lines",
        "ts": "1441105279.000038"
    },
    {
        "type": "message",
        "user": "U08G8DW66",
        "text": "or crtitism \/ review ( Positive \/ negative ) :simple_smile:",
        "ts": "1441105305.000039"
    },
    {
        "type": "message",
        "user": "U08ERPTQF",
        "text": "<@U08G8DW66>: your post is a bit off-topic as this Slack channel is discussing the Business model for Datt.\nUsing transactions on a public blockchain to c&amp;c malware is an interesting idea nonetheless.",
        "ts": "1441106757.000040"
    },
    {
        "type": "message",
        "user": "U08DH3ESU",
        "text": "I put down a format for the business plan. Yet to update and make it comprehensive. Please have a look and let me know if something should be added\/updated. The format is detailed at this moment and we can knock off stuff later as that would be easier than adding and updating things again. <https:\/\/docs.google.com\/document\/d\/1k1bH3woxXLAH6glqEnsNZNyxCxnShVXD7moNsNGME54\/edit?usp=sharing>",
        "edited": {
            "user": "U08DH3ESU",
            "ts": "1441167226.000000"
        },
        "ts": "1441167164.000041"
    },
    {
        "type": "message",
        "subtype": "file_share",
        "text": "<@U08DH3ESU|aramkris> shared a file: <https:\/\/dattnetwork.slack.com\/files\/aramkris\/F0A18RA06\/datt_business_plan_v_0_1|datt_business_plan_v_0_1>",
        "file": {
            "id": "F0A18RA06",
            "created": 1441167165,
            "timestamp": 1441167165,
            "name": "datt_business_plan_v_0_1",
            "title": "datt_business_plan_v_0_1",
            "mimetype": "application\/vnd.google-apps.document",
            "filetype": "gdoc",
            "pretty_type": "GDocs Document",
            "user": "U08DH3ESU",
            "editable": false,
            "size": 13041,
            "mode": "external",
            "is_external": true,
            "external_type": "gdrive",
            "is_public": true,
            "public_url_shared": false,
            "display_as_bot": false,
            "username": "",
            "url_private": "https:\/\/docs.google.com\/document\/d\/1k1bH3woxXLAH6glqEnsNZNyxCxnShVXD7moNsNGME54\/edit?usp=drivesdk",
            "thumb_64": "https:\/\/slack.global.ssl.fastly.net\/66f9\/img\/files\/gdraw_64.png",
            "thumb_360": "https:\/\/slack.global.ssl.fastly.net\/272a\/img\/files\/gdoc_360.png",
            "thumb_360_w": 360,
            "thumb_360_h": 167,
            "permalink": "https:\/\/dattnetwork.slack.com\/files\/aramkris\/F0A18RA06\/datt_business_plan_v_0_1",
            "channels": [
                "C08F62HEY"
            ],
            "groups": [

            ],
            "ims": [

            ],
            "comments_count": 0
        },
        "user": "U08DH3ESU",
        "upload": false,
        "display_as_bot": false,
        "username": "<@U08DH3ESU|aramkris>",
        "bot_id": null,
        "ts": "1441167165.000042"
    },
    {
        "type": "message",
        "user": "U08ERPTQF",
        "text": "<@U08DH3ESU>: agree that we can pare back this doc. Good template to start with.",
        "ts": "1441172420.000044"
    }
]