[
    {
        "user": "U08C22VNW",
        "type": "message",
        "subtype": "channel_join",
        "text": "<@U08C22VNW|mhouston> has joined the channel",
        "ts": "1438364819.000002"
    },
    {
        "user": "U08C22VNW",
        "purpose": "Discuss the p2p aspects of the platform, to take it out of band from the general discussion.",
        "type": "message",
        "subtype": "channel_purpose",
        "text": "<@U08C22VNW|mhouston> set the channel purpose: Discuss the p2p aspects of the platform, to take it out of band from the general discussion.",
        "ts": "1438364819.000003"
    },
    {
        "type": "message",
        "user": "U08C22VNW",
        "text": "<@U08E5P0BZ>: Re: PeerJS - definitely a great place to start. As a layer on top of WebRTC it works really well, but still needs a central registry server to establish handshakes.",
        "ts": "1438364842.000004"
    },
    {
        "user": "U08E5P0BZ",
        "inviter": "U08C22VNW",
        "type": "message",
        "subtype": "channel_join",
        "text": "<@U08E5P0BZ|georgevaccaro> has joined the channel",
        "ts": "1438364856.000005"
    },
    {
        "type": "message",
        "user": "U08C22VNW",
        "text": "I was looking at the source code a while back, and it should be possible to replace (or augment) the central server with a DHT-based handshake if you know the ID of the node you want to connect to.",
        "ts": "1438364947.000006"
    },
    {
        "user": "U08D641AP",
        "type": "message",
        "subtype": "channel_join",
        "text": "<@U08D641AP|martindale> has joined the channel",
        "ts": "1438369366.000007"
    },
    {
        "user": "U08C9ML1Y",
        "type": "message",
        "subtype": "channel_join",
        "text": "<@U08C9ML1Y|chiguireitor> has joined the channel",
        "ts": "1438383177.000008"
    },
    {
        "type": "message",
        "user": "U08C9ML1Y",
        "text": "Priming of the peers database will always need a central server, but you could then begin globbing peers and stop relying on the central servers afterwards",
        "ts": "1438383241.000009"
    },
    {
        "type": "message",
        "user": "U08D641AP",
        "text": "why not pre-bake a known set of good peers into every release?",
        "edited": {
            "user": "U08D641AP",
            "ts": "1438383336.000000"
        },
        "ts": "1438383287.000010"
    },
    {
        "type": "message",
        "user": "U08C9ML1Y",
        "text": "that could work, but what would qualify a \"good\" peer",
        "ts": "1438383354.000014"
    },
    {
        "type": "message",
        "user": "U08D641AP",
        "text": "node health, uptime",
        "ts": "1438383370.000015"
    },
    {
        "type": "message",
        "user": "U08C9ML1Y",
        "text": "available connection \"ports\"",
        "ts": "1438383384.000016"
    },
    {
        "type": "message",
        "user": "U08D641AP",
        "text": "top 32 peers with the longest-lasting payment channel",
        "ts": "1438383389.000017"
    },
    {
        "type": "message",
        "user": "U08C9ML1Y",
        "text": "like bitcoin does on the amount of simultaneous connected peers?",
        "ts": "1438383405.000018"
    },
    {
        "type": "message",
        "user": "U08D641AP",
        "text": "ayup",
        "ts": "1438383421.000019"
    },
    {
        "type": "message",
        "user": "U08C9ML1Y",
        "text": "it would be nice if a node could be query'd for available connections",
        "ts": "1438383523.000020"
    },
    {
        "type": "message",
        "user": "U08D641AP",
        "text": "definitely, but note that they can lie",
        "ts": "1438383643.000021"
    },
    {
        "type": "message",
        "user": "U08C9ML1Y",
        "text": "indeed...",
        "ts": "1438383715.000022"
    },
    {
        "type": "message",
        "user": "U08C9ML1Y",
        "text": "how to cope with that",
        "ts": "1438383721.000023"
    },
    {
        "user": "U08F1FZE2",
        "type": "message",
        "subtype": "channel_join",
        "text": "<@U08F1FZE2|jgerber> has joined the channel",
        "ts": "1438394344.000024"
    },
    {
        "user": "U08ERPTQF",
        "type": "message",
        "subtype": "channel_join",
        "text": "<@U08ERPTQF|paul_xbt> has joined the channel",
        "ts": "1438400382.000025"
    },
    {
        "type": "message",
        "user": "U08ERPTQF",
        "text": "could the peerid be the user's public address, which is evident from the blockchain transaction that 'registered' the content by it's hash?",
        "ts": "1438400434.000026"
    },
    {
        "type": "message",
        "user": "U08ERPTQF",
        "text": "just uncovered this earlier post about <https:\/\/github.com\/tradle\/tim> - interesting P2P work <https:\/\/dattnetwork.slack.com\/archives\/general\/p1438371019001045>",
        "attachments": [
            {
                "service_name": "GitHub",
                "title": "tradle\/tim",
                "title_link": "https:\/\/github.com\/tradle\/tim",
                "text": "tim - p2p chat with OTR and externalization to blockchain+dht",
                "fallback": "GitHub: tradle\/tim",
                "thumb_url": "https:\/\/avatars2.githubusercontent.com\/u\/9482126?v=3&s=400",
                "from_url": "https:\/\/github.com\/tradle\/tim",
                "thumb_width": 400,
                "thumb_height": 400,
                "id": 1
            },
            {
                "color": "4D394B",
                "from_url": "https:\/\/dattnetwork.slack.com\/archives\/general\/p1438371019001045",
                "fallback": "[July 31st, 2015 12:30 PM] genevayngrib: <@U08E5P0BZ>: my team Tradle is deep into identity on-chain, I need to step out, but will be happy to share more later in the evening. Meanwhile here is link to our project, that is using identity as a foundational block for real-time and persistent messaging <https:\/\/github.com\/tradle\/tim> This could work for reddit-like DMs, and more",
                "author_subname": "genevayngrib",
                "ts": "1438371019.001045",
                "text": "<@U08E5P0BZ>: my team Tradle is deep into identity on-chain, I need to step out, but will be happy to share more later in the evening. Meanwhile here is link to our project, that is using identity as a foundational block for real-time and persistent messaging <https:\/\/github.com\/tradle\/tim> This could work for reddit-like DMs, and more",
                "author_name": "Gene Vayngrib",
                "author_link": "https:\/\/dattnetwork.slack.com\/team\/genevayngrib",
                "author_icon": "https:\/\/s3-us-west-2.amazonaws.com\/slack-files2\/avatars\/2015-07-31\/8500062871_a8dfc7a3e37439a07ea6_48.jpg",
                "mrkdwn_in": [
                    "text"
                ],
                "id": 2
            }
        ],
        "ts": "1438403087.000027"
    },
    {
        "user": "U07GDL0H5",
        "type": "message",
        "subtype": "channel_join",
        "text": "<@U07GDL0H5|ryanxcharles> has joined the channel",
        "ts": "1438407713.000029"
    }
]