[
    {
        "type": "message",
        "user": "U07GDL0H5",
        "text": "great <@U08ERPTQF> :simple_smile: i'm heading to bed imminently. see you guys tomorrow.",
        "ts": "1438758228.000258"
    },
    {
        "type": "message",
        "user": "U08ERPTQF",
        "text": "Ciao <@U07GDL0H5> ",
        "ts": "1438758888.000259"
    },
    {
        "type": "message",
        "user": "U08F2RTCN",
        "text": "Gnite <@U07GDL0H5> ",
        "ts": "1438758919.000260"
    },
    {
        "type": "message",
        "user": "U08ERPTQF",
        "text": "I've updated the spreadsheet to align bounties with the concepts of votes &amp; gilding\nWe should probably continue this discussion over in <#C08F62HEY> - although it's worth noting that bounties won't work unless we have a p2p protocol that will negotiate payment channels",
        "ts": "1438776311.000261"
    },
    {
        "type": "message",
        "user": "U08E2KZM4",
        "text": "<@U07GDL0H5>: agree, p2p work is done by so many people! Every multisig wallet needs it, other group sigs need it, lightning net needs it! It is insane that we do not have a standard yet. \n\nAt Tradle we have spent a huge amount of time designing p2p protocol associated with the blockchain and producing the associated OSS code. The basic ideas are:\n\n-  all actions are associated with the identity of your choice. Identity can be totally fake or verified by the government (as required on airbnb for example). You can create as many of them as u like and all identities, their keys and key restore\/revocation as anchored on blockchain, so the chain is your key server.\n- p2p messages can be ephemeral or permanent. Permanent can be anchored to the public blockchain and not (anchored to local\/federated chains, but for now we just use simpler logs)\n- p2p  messages have open ended structure (json for now) and types of messages (models) are loaded from github or other web sites freely. These msgs can be new community, new post, upvote\/downvote, moderator actions, etc. or could be verification of identity or any other stuff needed for the web of trust (or as <http:\/\/keybase.io|keybase.io> calls them - tracked identities)\n- discovery of peers and topic should be 100% decentralized (we use a combination of identities on chain for finding verified pub keys and the bittorrent DHT for finding IP\/Port of peers.\n- peer discovery leads to a NAT traversal and UDP-based rUDP or uTP for reliable delivery of jsons over this line. Could support webrtc too of course, but does not yet.",
        "ts": "1438787983.000262"
    },
    {
        "type": "message",
        "user": "U08E2KZM4",
        "text": "I can post a better explanation with the links to docs, code, etc. on datt github repo, if desired.",
        "ts": "1438788141.000263"
    },
    {
        "type": "message",
        "user": "U08E2KZM4",
        "text": "<@U07GDL0H5>: <@U08DD8LNP> \nI would say screw global unique names to avoid name squatting, trademark lawsuits and other issues that lead to centralization and government intervention. Instead in Tradle we use the the personal address book notion, which are the list of names, verified by me\/each user. The same way a list of topics\/communities could be added to my address book\/list of subscriptions.",
        "ts": "1438788493.000264"
    },
    {
        "type": "message",
        "user": "U08DH3ESU",
        "text": "<@U08E2KZM4>: On your first point, I think everyone agrees that identities need not be unique and you can have as many accounts as the number of key pairs you can maintain. But, for the network to gain mainstream adoption it might need some form of identification unique to the network, if the user wants it. This might be very useful when you are a creator\/publisher.",
        "ts": "1438790072.000265"
    }
]