[
    {
        "type": "message",
        "user": "U08F438SK",
        "text": "That's huge -- being able to reward your contributors after the fact with a surprise",
        "ts": "1439362915.000224"
    },
    {
        "type": "message",
        "user": "U08ERPTQF",
        "text": "Yea, and if you take the WeChat official pages use cases a level further, giving a voucher is as simple as transacting another asset type on the blockchain, or even go the whole hog and sell them a discounted ticket without a ticketing agent as the middleman :)",
        "ts": "1439363144.000225"
    },
    {
        "type": "message",
        "user": "U08ERPTQF",
        "text": "Perhaps being a distributed WeChat could be on the roadmap for V3 in 2016 :wink: ",
        "ts": "1439365015.000226"
    },
    {
        "type": "message",
        "user": "U08C464NS",
        "text": "<@U08ERPTQF>: that's fascinating. I had no idea WeChat existed. I think the power of Datt is that it's a protocol, and like Bitcoin, many smart people could build their own ideas on top of it, making layers that do all sorts of things",
        "ts": "1439373801.000227",
        "reactions": [
            {
                "name": "+1",
                "users": [
                    "U08EZP01H",
                    "U08ERPTQF"
                ],
                "count": 2
            }
        ]
    },
    {
        "type": "message",
        "user": "U08C464NS",
        "text": "Pretty exciting",
        "ts": "1439373807.000228"
    },
    {
        "type": "message",
        "user": "U08C464NS",
        "text": "I really like the idea that people could potentially make their own reskinned versions of <http:\/\/Datt.co|Datt.co>. One could be specifically for those blog\/twitter-like influencer profiles, or another adding extra things like a dogecoin version of datt that uses ShapeShift under the hood to automatically convert altcoins. Yet instead of fragmenting, they are all still part of the same network, allowing for the network effect to take place",
        "ts": "1439374023.000229"
    },
    {
        "type": "message",
        "user": "U08C464NS",
        "text": "and if you're running a node, there's still incentive to run it, regardless of what shape the service takes that is on the datt network",
        "ts": "1439374108.000230"
    },
    {
        "type": "message",
        "user": "U08C464NS",
        "text": "It could potentially just be a blogging system on it's own, replacing things like Medium, since a blog page is just a text post with comments below",
        "ts": "1439374449.000231"
    },
    {
        "type": "message",
        "user": "U08C464NS",
        "text": "(Sorry if this is the wrong channel for this)",
        "ts": "1439375023.000232"
    },
    {
        "type": "message",
        "user": "U08F438SK",
        "text": "Agreed. The A in datt will come into play over time, and we should keep protocol flexible as <@U08ERPTQF> suggests to allow this",
        "ts": "1439403508.000233"
    },
    {
        "type": "message",
        "user": "U08EZP01H",
        "text": "<@U08C464NS> I read somewhere that the mark of a billion dollar 'idea' is that it enables the emergence of additional market opportunities. Example: how many millionaires have been made from app stores? You make a great point. The true power of Datt might be found in the things we never saw coming.",
        "ts": "1439405269.000234"
    },
    {
        "type": "message",
        "user": "U08C464NS",
        "text": "and I think the difference between this and say something like Maidsafe is that since it's open and uses Bitcoin, potentially a tonne of people could get involved.",
        "ts": "1439405653.000235"
    },
    {
        "type": "message",
        "user": "U08C464NS",
        "text": "The business model pushes up against some interesting philosophical ideas too. Even the creators of the Datt app aren't sacred, and can be usurped by others if they do a better job. It's like the epitome of a free market, you can never rest on your laurels",
        "ts": "1439405976.000236",
        "reactions": [
            {
                "name": "+1",
                "users": [
                    "U08ERPTQF",
                    "U08DD8LNP",
                    "U08F438SK"
                ],
                "count": 3
            }
        ]
    },
    {
        "type": "message",
        "user": "U08EZP01H",
        "text": "I'm starting to feel like protocols are the new product.",
        "ts": "1439406120.000237"
    },
    {
        "type": "message",
        "user": "U08DD8LNP",
        "text": "<http:\/\/www.scribd.com\/doc\/47089238\/Remix>",
        "attachments": [
            {
                "service_name": "Scribd",
                "title": "Remix",
                "title_link": "http:\/\/www.scribd.com\/doc\/47089238\/Remix",
                "text": "Scribd is the world's largest social reading and publishing site.",
                "fallback": "Scribd: Remix",
                "thumb_url": "https:\/\/imgv2-2-f.scribdassets.com\/img\/word_document\/47089238\/164x212\/e0ece0de78\/1434526515",
                "from_url": "http:\/\/www.scribd.com\/doc\/47089238\/Remix",
                "thumb_width": 164,
                "thumb_height": 212,
                "id": 1
            }
        ],
        "ts": "1439407927.000238"
    },
    {
        "type": "message",
        "user": "U08DD8LNP",
        "text": "<http:\/\/thecolbertreport.cc.com\/videos\/wdzoh2\/lawrence-lessig>",
        "attachments": [
            {
                "title": "Lawrence Lessig",
                "title_link": "http:\/\/thecolbertreport.cc.com\/videos\/wdzoh2\/lawrence-lessig",
                "text": "Lawrence Lessig believes copyright protection has been a totally failed war.",
                "fallback": "Lawrence Lessig",
                "thumb_url": "http:\/\/colbertnation.mtvnimages.com\/images\/shows\/colbert_report\/videos\/season5\/05004\/cr_05004_05_v6.jpg?crop=true",
                "from_url": "http:\/\/thecolbertreport.cc.com\/videos\/wdzoh2\/lawrence-lessig",
                "thumb_width": 480,
                "thumb_height": 360,
                "id": 1
            }
        ],
        "ts": "1439407949.000240"
    },
    {
        "type": "message",
        "user": "U08DD8LNP",
        "text": "I\u2019ve actually not read that book yet, but I\u2019ve read most of his others, seems quite relevant to our interests",
        "ts": "1439407969.000242",
        "reactions": [
            {
                "name": "+1",
                "users": [
                    "U08ERPTQF"
                ],
                "count": 1
            }
        ]
    },
    {
        "type": "message",
        "user": "U08C464NS",
        "text": "<@U08EZP01H>: Yeah I agree. You could argue that the protocols that build up the internet were the first. It's interesting because the people who create them often don't profit directly, like they're a gift to the world (even though for-profit stuff can be built on-top). Something special about that.",
        "ts": "1439409299.000243"
    },
    {
        "type": "message",
        "user": "U08C464NS",
        "text": "Maybe this egalitarian angle is something we can get across when communicating in marketing",
        "ts": "1439409494.000244",
        "reactions": [
            {
                "name": "+1",
                "users": [
                    "U08ERPTQF"
                ],
                "count": 1
            }
        ]
    },
    {
        "type": "message",
        "user": "U08EZP01H",
        "text": "Definitely. And it follows the same trend pattern we see elsewhere in tech advancement. The barrier to the technology continues to drop until smaller and smaller teams can build using layers of tool (software) advancement. Then, after enough diversity can be brought to the innovation table, we get another wave of adoption.",
        "ts": "1439409523.000245"
    },
    {
        "type": "message",
        "user": "U08EZP01H",
        "text": "In college I remember them telling us that they used to have an entire lab in the 80s dedicated to specialized AV equipment. If everyone had one of those in their house, imagine the innovation we'd have seen. Then remember everyone has one in their pocket.",
        "ts": "1439409664.000246"
    },
    {
        "type": "message",
        "user": "U08EZP01H",
        "text": "So yea, we're forecasting nothing different than technology keeps doing. And that means this next advancement will be weird and awesome.",
        "ts": "1439409705.000247"
    },
    {
        "type": "message",
        "user": "U08EZP01H",
        "text": ":tada:",
        "ts": "1439410026.000248"
    },
    {
        "type": "message",
        "user": "U08ERPTQF",
        "text": "<@U08C464NS>: I'm hopeful that Datt Foundation could work with IDEO Labs to get this to a wider audience as a tool for the people",
        "ts": "1439410522.000249"
    },
    {
        "type": "message",
        "user": "U08ERPTQF",
        "text": "But we would likely need a mobile app to get any traction with creators outside of western culture",
        "ts": "1439410606.000250"
    },
    {
        "type": "message",
        "user": "U08C464NS",
        "text": "What are the factors that will get significant usage do you think?",
        "ts": "1439410721.000251"
    },
    {
        "type": "message",
        "user": "U08C464NS",
        "text": "What's going to make people ditch their current apps and use apps on the Datt network?",
        "ts": "1439410783.000252"
    },
    {
        "type": "message",
        "user": "U08DD8LNP",
        "text": "first off I don\u2019t think we should be talking about ditching or installing apps, apps are scary",
        "ts": "1439410810.000253"
    },
    {
        "type": "message",
        "user": "U08DD8LNP",
        "text": "heh maybe we should call it web 3.0 or 4.0",
        "ts": "1439410840.000254"
    },
    {
        "type": "message",
        "user": "U08DD8LNP",
        "text": "because really I think that\u2019s how we should position it, for the general masses it\u2019s another website",
        "ts": "1439410881.000255"
    },
    {
        "type": "message",
        "user": "U08C464NS",
        "text": "I agree man, if you guys can get the browser based P2P stuff down, I'd say its the next generation of the internet",
        "ts": "1439410889.000256"
    },
    {
        "type": "message",
        "user": "U08DD8LNP",
        "text": "or maybe even a network to power websites without technical experience",
        "ts": "1439410902.000257",
        "reactions": [
            {
                "name": "+1",
                "users": [
                    "U08ERPTQF"
                ],
                "count": 1
            }
        ]
    },
    {
        "type": "message",
        "user": "U08DD8LNP",
        "text": "yeah <@U08C464NS> I think that\u2019s one of the biggest differentiators we can shoot for.  If we can build a browser based app that contributes to the health of the network I think that\u2019s a hugely disruptive thing on the level of bittorrent at least, and maybe even the www itself",
        "ts": "1439411014.000258"
    },
    {
        "type": "message",
        "user": "U08C464NS",
        "text": "so yeah, first point must be that it's as easy to use as the current web",
        "ts": "1439411020.000259",
        "reactions": [
            {
                "name": "+1",
                "users": [
                    "U08EZP01H"
                ],
                "count": 1
            }
        ]
    },
    {
        "type": "message",
        "user": "U08DD8LNP",
        "text": "even if we fail at doing browser p2p, we want to at a minimum have the thing be fully usable from a web browser; even if it\u2019s powered by more federated nodes.  But we all want as much decentralization as possible",
        "ts": "1439411060.000260"
    },
    {
        "type": "message",
        "user": "U08DD8LNP",
        "text": "and to me that means that anyone can become a significant contributor to network health without technical experience or large financial investment",
        "ts": "1439411083.000261"
    },
    {
        "type": "message",
        "user": "U08DD8LNP",
        "text": "which I guess kind of mirrors the block size debate in the bitcoin community I\u2019ve seen people arguing against larger block sizes thinking that larger block sizes will push out smaller miners (which IMO has already pretty much happened)",
        "ts": "1439411154.000262"
    },
    {
        "type": "message",
        "user": "U08ERPTQF",
        "text": "totally agree, I see parallels with Medium and Scribd in that the UX is so simple they get huge traction above all the other platforms",
        "ts": "1439411155.000263"
    },
    {
        "type": "message",
        "user": "U08DD8LNP",
        "text": "IMO a good metric is that we can\u2019t be any more complex than reddit to use",
        "ts": "1439411183.000264"
    },
    {
        "type": "message",
        "user": "U08DD8LNP",
        "text": "reddit is on the edge of complexity that most users are willing to deal with.  Ideally we can make things clearer than them even despite the fact that we are building on rather esoteric technical infrastructure.  The users don\u2019t need to care ideally",
        "ts": "1439411228.000265"
    },
    {
        "type": "message",
        "user": "U08C464NS",
        "text": "yeah",
        "ts": "1439411245.000266"
    },
    {
        "type": "message",
        "user": "U08C464NS",
        "text": "in terms of function and UX, I always think fewer options is better. People will just get used to it and do their own work arounds if they need it",
        "ts": "1439411288.000267"
    },
    {
        "type": "message",
        "user": "U08C464NS",
        "text": "as long as the core functions are there",
        "ts": "1439411304.000268"
    },
    {
        "type": "message",
        "user": "U08DD8LNP",
        "text": "yeah, the flexibility should be in the network\/protocol.  but we only need to expose the basics in the standard client",
        "ts": "1439411338.000269"
    },
    {
        "type": "message",
        "user": "U08DD8LNP",
        "text": "the bitcoin protocol is a good example of this.  Lots of interesting features built into the protocol definition that aren\u2019t present at all in the default\/initial client",
        "ts": "1439411371.000270"
    },
    {
        "type": "message",
        "user": "U08EZP01H",
        "text": "I keep asking myself: How much easier will monetization make community growth? If our basic theory is that we're restructuring the advertising market around the content creator then the economic incentive is definitely there. With a really low UX hurdle, or none, whats to stop an exodus?",
        "ts": "1439411378.000271"
    },
    {
        "type": "message",
        "user": "U08C464NS",
        "text": "I think an important aspect is allowing a non technical person to set up a node",
        "ts": "1439411396.000272"
    },
    {
        "type": "message",
        "user": "U08C464NS",
        "text": "if it was all through a GUI or something",
        "ts": "1439411414.000273"
    },
    {
        "type": "message",
        "user": "U08DD8LNP",
        "text": "from a network perspective, the collective moderation model makes the need for exodus\u2019s from bad moderation ideally go away",
        "ts": "1439411421.000274"
    },
    {
        "type": "message",
        "user": "U08DD8LNP",
        "text": "the content on the network provides the network effects and should keep people on the network as it does with other sites",
        "ts": "1439411443.000275"
    },
    {
        "type": "message",
        "user": "U08DD8LNP",
        "text": "as a business we need to figure out a way to provide a value added experience on top of this uncensorable network",
        "ts": "1439411460.000276"
    },
    {
        "type": "message",
        "user": "U08DD8LNP",
        "text": "that will make people want to support us in our efforts to build out the network and provide an experience on top of it",
        "ts": "1439411485.000277"
    },
    {
        "type": "message",
        "user": "U08C464NS",
        "text": "yeah, relying on good will only gets you so far. there's gotta be a hook that makes ordinary folk take notice",
        "ts": "1439411556.000278"
    },
    {
        "type": "message",
        "user": "U08DD8LNP",
        "text": "if the network is our razor, (and a collectively owned razor at that) we are building our business on the blades",
        "ts": "1439411561.000279"
    },
    {
        "type": "message",
        "user": "U08EZP01H",
        "text": "Worldwide ad spend is $600b. Say you grab 1%. Divide that by users and you have a really coarse ceiling for individual average earnings.",
        "ts": "1439411582.000280"
    },
    {
        "type": "message",
        "user": "U08EZP01H",
        "text": "creators*",
        "ts": "1439411593.000281"
    },
    {
        "type": "message",
        "user": "U08EZP01H",
        "text": "Is that amount an actual incentive still?",
        "ts": "1439411611.000282"
    },
    {
        "type": "message",
        "user": "U08EZP01H",
        "text": "Or will it feel like fiverr",
        "ts": "1439411621.000283"
    },
    {
        "type": "message",
        "user": "U08DD8LNP",
        "text": "idk if ad spending is where to look for metrics for this, I don\u2019t think we will attract much of that revenue because it\u2019s a different product.",
        "ts": "1439411636.000284"
    },
    {
        "type": "message",
        "user": "U08EZP01H",
        "text": "Yea, it's not an accurate number because its so inclusive. Just a cap for learning boundaries.",
        "ts": "1439411671.000285"
    },
    {
        "type": "message",
        "user": "U08EZP01H",
        "text": "It's basically our 'killer app pop bottles limit'",
        "ts": "1439411684.000286"
    },
    {
        "type": "message",
        "user": "U08DD8LNP",
        "text": "there are many who think ad supported content as a model is dieing hard on the internet anyway, in many ways datt could be another nail in that coffin and decimate that sector.",
        "ts": "1439411692.000287"
    },
    {
        "type": "message",
        "user": "U08DD8LNP",
        "text": "I think a better place to look for revenue metrics is likely subscription services like netflix, book\/magazine purchases",
        "ts": "1439411732.000288"
    },
    {
        "type": "message",
        "user": "U08EZP01H",
        "text": "Wait are we talking our business model?",
        "ts": "1439411759.000289"
    },
    {
        "type": "message",
        "user": "U08EZP01H",
        "text": "Cause yea, that's a great idea.",
        "ts": "1439411784.000290"
    },
    {
        "type": "message",
        "user": "U08DD8LNP",
        "text": "because our direct customers aren\u2019t advertisers (though they will eventually try to use the system as well) they are readers\/participants",
        "ts": "1439411786.000291"
    },
    {
        "type": "message",
        "user": "U08DD8LNP",
        "text": "yeah I think we ended up tangenting over to business models, but business and community are highly related",
        "ts": "1439411806.000292"
    },
    {
        "type": "message",
        "user": "U08C464NS",
        "text": "Has there been any discussion on making every user a potential full node? I think a lot more folks would be interested if they could earn money in return for supporting the network with resources",
        "edited": {
            "user": "U08C464NS",
            "ts": "1439411966.000000"
        },
        "ts": "1439411845.000293"
    },
    {
        "type": "message",
        "user": "U08ERPTQF",
        "text": "<@U08C464NS>: I think the basis of the full node using node.js is sufficient that any client could flick a switch and become a full node using more of their resources",
        "ts": "1439411913.000294"
    },
    {
        "type": "message",
        "user": "U08DD8LNP",
        "text": "<@U08C464NS>: that\u2019s where we\u2019d like to get with the web app, but one thing we wont be able to do is have bitcoin network access directly from the browser",
        "ts": "1439411927.000295"
    },
    {
        "type": "message",
        "user": "U08DD8LNP",
        "text": "<https:\/\/github.com\/dattnetwork\/dattdocs\/blob\/master\/architecture.md>",
        "attachments": [
            {
                "service_name": "GitHub",
                "title": "dattnetwork\/dattdocs",
                "title_link": "https:\/\/github.com\/dattnetwork\/dattdocs\/blob\/master\/architecture.md",
                "text": "dattdocs - Document all the things.",
                "fallback": "GitHub: dattnetwork\/dattdocs",
                "thumb_url": "https:\/\/avatars0.githubusercontent.com\/u\/13266895?v=3&s=400",
                "from_url": "https:\/\/github.com\/dattnetwork\/dattdocs\/blob\/master\/architecture.md",
                "thumb_width": 214,
                "thumb_height": 214,
                "id": 1
            }
        ],
        "ts": "1439411963.000296"
    },
    {
        "type": "message",
        "user": "U08ERPTQF",
        "text": "<@U08DD8LNP>: I think <@U08F438SK> is working on bitcoin network access through WebCoin",
        "ts": "1439411970.000299"
    },
    {
        "type": "message",
        "user": "U08DD8LNP",
        "text": "<@U08ERPTQF>: that still requires gateways of some kind though right?",
        "ts": "1439411988.000300"
    },
    {
        "type": "message",
        "user": "U08DD8LNP",
        "text": "the reference client library is being developed in js that will be capable of running in browser or in node.  <https:\/\/github.com\/dattnetwork\/datt-node>",
        "attachments": [
            {
                "service_name": "GitHub",
                "title": "dattnetwork\/datt-node",
                "title_link": "https:\/\/github.com\/dattnetwork\/datt-node",
                "text": "datt-node - Javascript implementation of datt full node and light node.",
                "fallback": "GitHub: dattnetwork\/datt-node",
                "thumb_url": "https:\/\/avatars0.githubusercontent.com\/u\/13266895?v=3&s=400",
                "from_url": "https:\/\/github.com\/dattnetwork\/datt-node",
                "thumb_width": 214,
                "thumb_height": 214,
                "id": 1
            }
        ],
        "ts": "1439412030.000301"
    },
    {
        "type": "message",
        "user": "U08ERPTQF",
        "text": "I'll have to check. Perhaps WebCoin was for the SPV client then...",
        "ts": "1439412054.000303"
    },
    {
        "type": "message",
        "user": "U08DD8LNP",
        "text": "in a lot of ways the full node is just a headless node with the ability to run code faster (c\/asm libs) and more networking flexibility than the browser",
        "ts": "1439412090.000304"
    },
    {
        "type": "message",
        "user": "U08DD8LNP",
        "text": "I was talking with <@U07GDL0H5> about this earlier today.  Having the reference client as a javascript library will position us in a very good place for full nodes, web nodes and mobile clients",
        "ts": "1439412144.000305",
        "reactions": [
            {
                "name": "+1",
                "users": [
                    "U08ERPTQF"
                ],
                "count": 1
            }
        ]
    },
    {
        "type": "message",
        "user": "U08DD8LNP",
        "text": "it\u2019s possible for us to take the js protocol implementation and embed it in an otherwise native mobile app in order to get something going on that front quickly",
        "ts": "1439412192.000306"
    },
    {
        "type": "message",
        "user": "U08DD8LNP",
        "text": "though likely we\u2019ll want to eventually do native protocol implementations for performance\/battery",
        "ts": "1439412210.000307"
    },
    {
        "type": "message",
        "user": "U08DD8LNP",
        "text": "<@U08C464NS>: full nodes as in non-web nodes will be necessary for anything that requires heavy computation",
        "ts": "1439412248.000308"
    },
    {
        "type": "message",
        "user": "U08C464NS",
        "text": "ok",
        "ts": "1439412361.000309"
    },
    {
        "type": "message",
        "user": "U08C464NS",
        "text": "we got sidetracked a bit! so what are the other aspects that will help us grow the community?",
        "ts": "1439412546.000310"
    },
    {
        "type": "message",
        "user": "U08C464NS",
        "text": "(and thanks for the explanation <@U08DD8LNP> :simple_smile: )",
        "ts": "1439412571.000311"
    },
    {
        "type": "message",
        "user": "U08DD8LNP",
        "text": "so the novel approach of building a decentralized network with browser p2p will get us a lot of interest in tech circles I expect.  Another community that will have a natural affinity for datt are those who are opposed to censorship",
        "ts": "1439412648.000312"
    },
    {
        "type": "message",
        "user": "U08DD8LNP",
        "text": "People who think like this: <http:\/\/bits.are.notabug.com>",
        "ts": "1439412661.000313"
    },
    {
        "type": "message",
        "user": "U08C464NS",
        "text": "I think the unhappiness with Reddit is good, but it can only get us so far. If that wasn't going on, what'd make people take notice?",
        "ts": "1439412671.000314"
    },
    {
        "type": "message",
        "user": "U08DD8LNP",
        "text": "for content producers it\u2019s another potential outlet for getting paid, or at least not getting unilaterally suppressed.  No editors",
        "ts": "1439412711.000315"
    },
    {
        "type": "message",
        "user": "U08DD8LNP",
        "text": "reddit grew with this mantra: <http:\/\/sp.reddit.com\/propaganda.html>  \u201ctoday\u2019s headlines \u2014 chosen by readers, not editors\"",
        "ts": "1439412740.000316"
    },
    {
        "type": "message",
        "user": "U08DD8LNP",
        "text": "yesterday I came up with a slogan that I think describes how we should market that: \u201ccuration without elimination\"",
        "ts": "1439412771.000317"
    },
    {
        "type": "message",
        "user": "U08C464NS",
        "text": "I think the anti-censorship people are a good starting point, but I think we have an opportunity to be much bigger. Those circles are small and there's been a tonne of tools that very few people use. How can we be the first mass market product that has encryption, censorship resistance etc just as a natural by-product?",
        "ts": "1439412865.000318"
    },
    {
        "type": "message",
        "user": "U08EZP01H",
        "text": "For community growth, we should focus our initial efforts on 'top down' marketing.",
        "ts": "1439412867.000319"
    },
    {
        "type": "message",
        "user": "U08DD8LNP",
        "text": "<@U08C464NS>: a community like this is very chicken and egg.  you need consumers and producers but once you have a critical mass of both things start growing largely on their own",
        "ts": "1439412915.000320"
    },
    {
        "type": "message",
        "user": "U08DD8LNP",
        "text": "reddit started by being the producers of content themselves, and making it look like it was a bunch of people: <http:\/\/motherboard.vice.com\/read\/how-reddit-got-huge-tons-of-fake-accounts--2>",
        "attachments": [
            {
                "service_name": "Motherboard",
                "title": "How Reddit Got Huge: Tons of Fake Accounts",
                "title_link": "http:\/\/motherboard.vice.com\/read\/how-reddit-got-huge-tons-of-fake-accounts--2",
                "text": "According to Reddit cofounder Steve Huffman, in the early days the Reddit crew just faked it \u2018til they made it.",
                "fallback": "Motherboard: How Reddit Got Huge: Tons of Fake Accounts",
                "thumb_url": "http:\/\/motherboard-images.vice.com\/content-images\/contentimage\/283\/1399665590964.png?crop=0.5616438356164384xw:1xh;*,*&resize=500:*&output-format=jpeg&output-quality=90",
                "from_url": "http:\/\/motherboard.vice.com\/read\/how-reddit-got-huge-tons-of-fake-accounts--2",
                "thumb_width": 500,
                "thumb_height": 500,
                "id": 1
            }
        ],
        "ts": "1439412956.000321"
    },
    {
        "type": "message",
        "user": "U08DD8LNP",
        "text": "we\u2019re planning for anonymity by default, if we took the same strategy of just getting a few of us to religiously submit content it wouldn\u2019t even be deceptive.  A free market of ideas does not require identities.  But they can sometimes be nice to have",
        "ts": "1439413007.000323"
    },
    {
        "type": "message",
        "user": "U08C464NS",
        "text": "I think that's a good and honest strategy. It's got to be a great, useful product first and foremost",
        "ts": "1439413159.000324",
        "reactions": [
            {
                "name": "+1",
                "users": [
                    "U08ERPTQF"
                ],
                "count": 1
            }
        ]
    },
    {
        "type": "message",
        "user": "U08DD8LNP",
        "text": "all the talk about the web as a meritocracy is founded on that idea of anonymity.  traditional identity politics fall apart without identity.   I\u2019m reminded of this old post: <http:\/\/i.imgur.com\/3TY3Aya.png>",
        "attachments": [
            {
                "fallback": "1254x261px image",
                "image_url": "http:\/\/i.imgur.com\/3TY3Aya.png",
                "image_width": 1254,
                "image_height": 261,
                "image_bytes": 102013,
                "from_url": "http:\/\/i.imgur.com\/3TY3Aya.png",
                "id": 1
            }
        ],
        "ts": "1439413172.000325"
    },
    {
        "type": "message",
        "user": "U08DD8LNP",
        "text": "that thinking applies to all sorts of social classes.  if we can provide a community where anonymity is the default we can avoid a lot of the interpersonal drama that plagues reddit, and now voat as well",
        "ts": "1439413224.000327"
    },
    {
        "type": "message",
        "user": "U08DD8LNP",
        "text": "<https:\/\/voat.co\/v\/TopMindsOfVoat\/comments\/398082\/1758513> \n<https:\/\/voat.co\/v\/subVerseDrama\/comments\/402180>",
        "ts": "1439413262.000328"
    },
    {
        "type": "message",
        "user": "U08DD8LNP",
        "text": "the other way to avoid that is to not give anyone absolute control over someone elses experience.  mods should be king nothings.  In current communities mods are more powerful than most participants ever realize when it comes to shaping discourse",
        "ts": "1439413358.000329"
    },
    {
        "type": "message",
        "user": "U08ERPTQF",
        "text": "<@U08DD8LNP>: I think even the label Mod has strong connotations, changing the label to Curators could help reframe what their role is &amp; in doing so attract a broader participation from users",
        "ts": "1439415290.000330"
    },
    {
        "type": "message",
        "user": "U08DD8LNP",
        "text": "yeah I think we should avoid using the term moderator to help differentiate, similar to how we refer to collectives instead of communities as they are a different concept",
        "ts": "1439415329.000331"
    },
    {
        "type": "message",
        "user": "U08DD8LNP",
        "text": "curator is a good term for this I think.  I expect the first thing most people would think of when hearing that word would be a museum",
        "ts": "1439415378.000332"
    },
    {
        "type": "message",
        "user": "U08DD8LNP",
        "text": "museum curators don\u2019t destroy pieces they don\u2019t want :wink:",
        "ts": "1439415408.000333"
    },
    {
        "type": "message",
        "user": "U08ERPTQF",
        "text": "Haha yep",
        "ts": "1439415440.000334"
    },
    {
        "type": "message",
        "user": "U08EZP01H",
        "text": "i like that. new connotations.",
        "ts": "1439415604.000335"
    },
    {
        "type": "message",
        "user": "U08ERPTQF",
        "text": "Authors\/Creators could be Contributors as this is also more participatory, while maintaining a parallel with journalists that are rewarded for being contributors to publications ",
        "ts": "1439415632.000336"
    },
    {
        "type": "message",
        "user": "U08ERPTQF",
        "text": "Could we even relabel Nodes to something that has more meaning to a regular user so it sounds like something they could do?",
        "ts": "1439415729.000337"
    },
    {
        "type": "message",
        "user": "U08DD8LNP",
        "text": "I like contributors as a word and it\u2019s even more encompassing than that IMO.  running a node (keeping the site open) is ideally contributing to network health",
        "ts": "1439415809.000338"
    },
    {
        "type": "message",
        "user": "U08DD8LNP",
        "text": "also voting is a form of contribution, and likely in a very literal sense with what we have planned",
        "ts": "1439415821.000339"
    },
    {
        "type": "message",
        "user": "U08DD8LNP",
        "text": "maybe we should call everyone contributors, and call submitters authors",
        "ts": "1439415858.000340"
    },
    {
        "type": "message",
        "user": "U08DD8LNP",
        "text": "\u201cyou contribute, even by lurking\"",
        "ts": "1439415881.000341"
    },
    {
        "type": "message",
        "user": "U08ERPTQF",
        "text": "Hmmm Content Contributors, Network Contributors, ...",
        "ts": "1439415950.000342"
    },
    {
        "type": "message",
        "user": "U08ERPTQF",
        "text": "It's a but clumsy, but voters could be Endorsers as the endorse the quality of the content",
        "ts": "1439416170.000343"
    },
    {
        "type": "message",
        "user": "U08DD8LNP",
        "text": "hmm I like the idea of calling votes endorsements",
        "ts": "1439416186.000344"
    },
    {
        "type": "message",
        "user": "U08DD8LNP",
        "text": "but endorsers does feel a little clunky",
        "ts": "1439416194.000345"
    },
    {
        "type": "message",
        "user": "U08DD8LNP",
        "text": "endorsements especially fits if the votes are tied to an identity",
        "ts": "1439416216.000346"
    },
    {
        "type": "message",
        "user": "U08DD8LNP",
        "text": "hmm maybe we just go with \u201cmembers?\u201d as a term to describe anyone actively using the network",
        "ts": "1439416314.000347"
    },
    {
        "type": "message",
        "user": "U08DD8LNP",
        "text": "web nodes could be members, but mobile nodes would not be",
        "ts": "1439416345.000348"
    },
    {
        "type": "message",
        "user": "U08EZP01H",
        "text": "<http:\/\/thesaurus.com|thesaurus.com> and <http:\/\/wiktionary.com|wiktionary.com> are super useful when trying to pick the perfect word",
        "ts": "1439416359.000349"
    },
    {
        "type": "message",
        "user": "U08ERPTQF",
        "text": "Nodes are connecting, and distributing messages\/content perhaps they are Brokers or Agents",
        "ts": "1439416375.000350"
    },
    {
        "type": "message",
        "user": "U08DD8LNP",
        "text": "agents is a good synonym for clients as well",
        "ts": "1439416397.000351"
    },
    {
        "type": "message",
        "user": "U08DD8LNP",
        "text": "contributing vs non contributing agents",
        "ts": "1439416415.000352"
    },
    {
        "type": "message",
        "user": "U08DD8LNP",
        "text": "for web vs mobile, the mobile clients aren\u2019t likely to help network health",
        "ts": "1439416437.000353"
    },
    {
        "type": "message",
        "user": "U08DD8LNP",
        "text": "agents I think works better as a description of a thing than a person.  agents has negative connotations when applied to people for the most part",
        "ts": "1439416482.000354"
    },
    {
        "type": "message",
        "user": "U08EZP01H",
        "text": "The etymology of the word node is from latin 'nodus' which is a cognate of 'knot'",
        "ts": "1439416484.000355"
    },
    {
        "type": "message",
        "user": "U08ERPTQF",
        "text": "Nodes are also out of sight doing awesome shit, so they could be Ninjas",
        "ts": "1439416486.000356"
    },
    {
        "type": "message",
        "user": "U08DD8LNP",
        "text": "heh",
        "ts": "1439416517.000357"
    },
    {
        "type": "message",
        "user": "U08ERPTQF",
        "text": "<@U08EZP01H>: interesting I'm guessing that's a knot in the sense of a fishing net",
        "ts": "1439416531.000358"
    },
    {
        "type": "message",
        "user": "U08EZP01H",
        "text": "<https:\/\/en.wiktionary.org\/wiki\/node>",
        "ts": "1439416550.000359"
    },
    {
        "type": "message",
        "user": "U08EZP01H",
        "text": "if you go to <https:\/\/en.wiktionary.org\/wiki\/nodus#Latin>, yes it's fishing net plural",
        "ts": "1439416599.000360"
    },
    {
        "type": "message",
        "user": "U08DD8LNP",
        "text": "<https:\/\/quotabl.es\/quotes\/12561>",
        "attachments": [
            {
                "title": "A quote by Captain Picard",
                "title_link": "https:\/\/quotabl.es\/quotes\/12561",
                "text": "With the first link, the chain is forged. The first speech censored, the first thought forbidden, the first freedom denied, chains us all irrevocably.",
                "fallback": "A quote by Captain Picard",
                "from_url": "https:\/\/quotabl.es\/quotes\/12561",
                "thumb_url": "http:\/\/quotabl.es\/assets\/users\/avatar-200.gif",
                "thumb_width": 200,
                "thumb_height": 200,
                "id": 1
            }
        ],
        "ts": "1439416604.000361"
    },
    {
        "type": "message",
        "user": "U08ERPTQF",
        "text": "Ninjas are fighting for us :)",
        "ts": "1439416840.000363"
    },
    {
        "type": "message",
        "user": "U08ERPTQF",
        "text": "Keeping the network healthy and the content free of censorship",
        "ts": "1439416861.000364"
    },
    {
        "type": "message",
        "user": "U08ERPTQF",
        "text": "If we leave out Voters or Lurkers having dedicated Nouns as labels, then we have Contributors, Curators, &amp; Ninjas as the primary participants on the Datt network",
        "ts": "1439417058.000365"
    },
    {
        "type": "message",
        "user": "U08F438SK",
        "text": ":+1: <@U08DD8LNP>",
        "ts": "1439438028.000366",
        "reactions": [
            {
                "name": "+1",
                "users": [
                    "U08DD8LNP"
                ],
                "count": 1
            }
        ]
    },
    {
        "type": "message",
        "user": "U08DD8LNP",
        "text": "<https:\/\/archive.is\/LXG8Q>",
        "attachments": [
            {
                "service_name": "archive.is",
                "title": "workpuppy comments on What profession was once highly respected, but \u2026",
                "title_link": "https:\/\/archive.is\/LXG8Q",
                "text": "archived 12 Aug 2015 19:35:39 UTC",
                "fallback": "archive.is: workpuppy comments on What profession was once highly respected, but \u2026",
                "thumb_url": "https:\/\/archive.today\/LXG8Q\/da7e42ad70c3723310ae11155fe4a29794b932a0\/scr.png",
                "from_url": "https:\/\/archive.is\/LXG8Q",
                "thumb_width": 1024,
                "thumb_height": 768,
                "id": 1
            }
        ],
        "ts": "1439440439.000367",
        "reactions": [
            {
                "name": "+1",
                "users": [
                    "U08ERPTQF"
                ],
                "count": 1
            }
        ]
    }
]