[
    {
        "type": "message",
        "user": "U08EZP01H",
        "text": "\"The result, in one way or another, will be disintermediation: the dissolution of the complex relations and institutions that currently come between the producer and the consumer of goods and services, and their replacement by something much less costly to maintain.\" <http:\/\/blog.p2pfoundation.net\/the-coming-great-disintermediation-and-simplification-of-economic-life\/2014\/12\/06>",
        "attachments": [
            {
                "service_name": "P2P Foundation",
                "title": "The Coming Great Disintermediation and simplification of economic life | P2P Foundation",
                "title_link": "http:\/\/blog.p2pfoundation.net\/the-coming-great-disintermediation-and-simplification-of-economic-life\/2014\/12\/06",
                "text": "Excerpted from John Michael Greer: \u201cOne of the results of the contraction of the real economy is that the costs of intermediation, financial and otherwise, have not merely gone through the roof but zoomed off into the stratosphere, with low earth orbit the next logical stop. Health care, again, is among the most obvious examples. \u2026",
                "fallback": "P2P Foundation: The Coming Great Disintermediation and simplification of economic life | P2P Foundation",
                "image_url": "http:\/\/blog.p2pfoundation.net\/wp-content\/uploads\/p2pfoundation.png",
                "ts": 1417869335,
                "from_url": "http:\/\/blog.p2pfoundation.net\/the-coming-great-disintermediation-and-simplification-of-economic-life\/2014\/12\/06",
                "image_width": 250,
                "image_height": 250,
                "image_bytes": 37285,
                "id": 1
            }
        ],
        "ts": "1439486315.000242",
        "reactions": [
            {
                "name": "+1",
                "users": [
                    "U08DD8LNP",
                    "U08F438SK",
                    "U094X6WUT"
                ],
                "count": 3
            }
        ]
    }
]