[
    {
        "user": "U08MAKT70",
        "type": "message",
        "subtype": "channel_join",
        "text": "<@U08MAKT70|johan> has joined the channel",
        "ts": "1439668624.000385"
    },
    {
        "user": "U094X6WUT",
        "type": "message",
        "subtype": "channel_join",
        "text": "<@U094X6WUT|epsen> has joined the channel",
        "ts": "1439682994.000386"
    },
    {
        "type": "message",
        "user": "U08DD8LNP",
        "text": "This thread got removed from r\/bitcoin <http:\/\/r.go1dfish.me\/r\/Bitcoin\/comments\/3h424p\/_>",
        "ts": "1439688202.000387"
    },
    {
        "user": "U08R1E07Q",
        "type": "message",
        "subtype": "channel_join",
        "text": "<@U08R1E07Q|chrismarie> has joined the channel",
        "ts": "1439700134.000388"
    }
]