[
    {
        "type": "message",
        "user": "U08DD8LNP",
        "text": "another relevant article putting it here since it seems like a better fit for <#C08FM0F6G> <http:\/\/www.newyorker.com\/magazine\/2015\/08\/10\/the-hell-you-say>",
        "attachments": [
            {
                "service_name": "The New Yorker",
                "title": "Who\u2019s Fighting Free Speech?",
                "title_link": "http:\/\/www.newyorker.com\/magazine\/2015\/08\/10\/the-hell-you-say",
                "text": "Between the rise of online harassment and alarmist warnings about political correctness, it\u2019s hard to tell who\u2019s speaking and who\u2019s censoring.",
                "fallback": "The New Yorker: Who\u2019s Fighting Free Speech?",
                "image_url": "http:\/\/www.newyorker.com\/wp-content\/uploads\/2015\/08\/150810_r26835-1200-630-30133736.jpg",
                "from_url": "http:\/\/www.newyorker.com\/magazine\/2015\/08\/10\/the-hell-you-say",
                "image_width": 476,
                "image_height": 250,
                "image_bytes": 35546,
                "id": 1
            }
        ],
        "ts": "1438623920.000326",
        "reactions": [
            {
                "name": "+1",
                "users": [
                    "U08ERPTQF"
                ],
                "count": 1
            }
        ]
    },
    {
        "user": "U08BY8MGV",
        "type": "message",
        "subtype": "channel_join",
        "text": "<@U08BY8MGV|bradkam> has joined the channel",
        "ts": "1438670672.000328"
    },
    {
        "type": "message",
        "user": "U08BY8MGV",
        "text": "Why have a system where you pay for votes? \nBecause supporting the community is what gives you privileges. Here\u2019s what you get:\nRight to vote on the fee of the Mod and the app \nAbility to influence the public feed",
        "ts": "1438670697.000329"
    },
    {
        "type": "message",
        "user": "U08BY8MGV",
        "text": "Access to well filtered content (anyone who wants a vote can afford to get one, but spamming is too costly so votes must be selective and are therefore more considered)",
        "ts": "1438670711.000330"
    },
    {
        "type": "message",
        "user": "U08BY8MGV",
        "text": "Just a thought or two on why this might be helpful for content curation",
        "ts": "1438670736.000331"
    },
    {
        "type": "message",
        "user": "U08BY8MGV",
        "text": "Filtered content is a value that the user could get for free by refusing to vote, but they know that voting is both what curates the content and funds the whole system. So everyone should feel an obligation to vote for the sake of the community",
        "ts": "1438670903.000332"
    }
]