[
    {
        "type": "message",
        "user": "U08C9ML1Y",
        "text": "A QR code on the reference client could let you copy your identity to your mobile, then, you could copy your identity from your mobile to the HTML5 client scanning another QR code that has a \"session\" key that is used to encrypt a message to broadcast the identity encrypted",
        "ts": "1438729768.000177"
    },
    {
        "type": "message",
        "user": "U08F2RTCN",
        "text": "<@U08BY8MGV>: I am trying to find the google docs u did on the UI, can you resend it?,",
        "ts": "1438731886.000178"
    },
    {
        "type": "message",
        "user": "U08BY8MGV",
        "text": "<https:\/\/docs.google.com\/presentation\/d\/1SlSlpEtZWa6g3jddrFdpY0hL9W8YePWItrOV0W4bPyc\/edit#slide=id.g63d6e66a7_0_200>",
        "ts": "1438732311.000179"
    },
    {
        "type": "message",
        "user": "U08BY8MGV",
        "text": "That one?",
        "ts": "1438732331.000180"
    },
    {
        "type": "message",
        "user": "U08ERPTQF",
        "text": "<@U08C9ML1Y>: the WeChat app is a nice implementation of the opposite flow handing over an identity from Mobile app to Web app",
        "ts": "1438732442.000181"
    },
    {
        "type": "message",
        "user": "U08F2RTCN",
        "text": "cool thanks <@U08BY8MGV>",
        "ts": "1438732621.000182"
    },
    {
        "type": "message",
        "subtype": "pinned_item",
        "user": "U08F2RTCN",
        "item_type": "C",
        "attachments": [
            {
                "color": "D0D0D0",
                "fallback": "[August 4th, 2015 4:52 PM] bradkam: That one?",
                "author_subname": "bradkam",
                "ts": 1438732331,
                "text": "That one?",
                "author_name": "Bradley Kam",
                "author_link": "https:\/\/dattnetwork.slack.com\/team\/bradkam",
                "author_icon": "https:\/\/secure.gravatar.com\/avatar\/5305351f980d56efacf0395267d38f45.jpg?s=48&d=https%3A%2F%2Fslack.global.ssl.fastly.net%2F66f9%2Fimg%2Favatars%2Fava_0002-48.png",
                "mrkdwn_in": [
                    "text"
                ]
            }
        ],
        "text": "<@U08F2RTCN|deepakraous> pinned a message to this channel.",
        "ts": "1438732635.000183"
    },
    {
        "type": "message",
        "subtype": "pinned_item",
        "user": "U08F2RTCN",
        "item_type": "C",
        "attachments": [
            {
                "color": "D0D0D0",
                "fallback": "[August 4th, 2015 4:51 PM] bradkam: <https:\/\/docs.google.com\/presentation\/d\/1SlSlpEtZWa6g3jddrFdpY0hL9W8YePWItrOV0W4bPyc\/edit#slide=id.g63d6e66a7_0_200>",
                "author_subname": "bradkam",
                "ts": 1438732311,
                "text": "<https:\/\/docs.google.com\/presentation\/d\/1SlSlpEtZWa6g3jddrFdpY0hL9W8YePWItrOV0W4bPyc\/edit#slide=id.g63d6e66a7_0_200>",
                "author_name": "Bradley Kam",
                "author_link": "https:\/\/dattnetwork.slack.com\/team\/bradkam",
                "author_icon": "https:\/\/secure.gravatar.com\/avatar\/5305351f980d56efacf0395267d38f45.jpg?s=48&d=https%3A%2F%2Fslack.global.ssl.fastly.net%2F66f9%2Fimg%2Favatars%2Fava_0002-48.png",
                "mrkdwn_in": [
                    "text"
                ]
            }
        ],
        "text": "<@U08F2RTCN|deepakraous> pinned a message to this channel.",
        "ts": "1438732647.000184"
    },
    {
        "type": "message",
        "user": "U08C9ML1Y",
        "text": "<@U08ERPTQF>: Whatsapp does the same",
        "ts": "1438732704.000185"
    },
    {
        "type": "message",
        "user": "U08C9ML1Y",
        "text": "but there's no saying it could go both ways",
        "ts": "1438732716.000186"
    },
    {
        "type": "message",
        "user": "U08ERPTQF",
        "text": ":thumbsup:",
        "ts": "1438733176.000187"
    },
    {
        "type": "message",
        "user": "U08DH3ESU",
        "text": "Can't this idea be extrapolated to a larger collaboration platform which would operate in a decentralized fashion? Maybe it is far into the future, but the underlying protocol would predominantly involve sync with some form of identity (public keys or actual identities) and that would be supported. So, in effect people need not sign up to the T&amp;C's which are put forward by websites and need not store their content in other place(s) where it is open to marketing\/advertising.",
        "ts": "1438746389.000188"
    }
]