[
    {
        "type": "message",
        "user": "U08BY8MGV",
        "text": "Me:\n- Can a poster receive payment for posting an article written by someone else? (users will click on the link and be taken to the author's site)\n- What happens when the site takes money for content that is illegal? (The site would remove illegal content, but will often receive payment before being aware that the content is illegal)\n\nAttorney:\n(1) Online tipping is really new and I doubt there is any case law. That is not to say that a prominent journalist wouldn\u2019t be successful in a suit against a Reddit user who received substantial profits from posting the journalist\u2019s article on Reddit. However, if I am the Reddit user, I am going to argue that I am not getting paid for the content, I\u2019m getting paid for sharing it. If the content isn\u2019t behind a paywall, I am well within my rights to do so. \n\n(2) Illegal content is interesting - I wonder what Youtube does? They are constantly removing infringing content, but I have to imagine that they are generating at least some ad revenue while the infringing content was up. \n\nMe:\nWith regard to #2, I'm sure that Youtube makes some revenue from illegal content. My question is whether receiving money directly for illegal content would make someone more culpable than simply selling ads on a page that contains illegal content. Do you think there's a legal distinction between these two?\n\nAttorney:\nI doubt it\u2026in both cases the website operator is passively involved in the content.",
        "ts": "1440088901.000498"
    },
    {
        "type": "message",
        "user": "U08BY8MGV",
        "text": "Legal Opinion on 2 key questions from Andy Beal, of Crowley Strategy (btc focused attorney)",
        "ts": "1440088939.000499"
    },
    {
        "type": "message",
        "user": "U07GDL0H5",
        "text": "awesome, those are some great points",
        "ts": "1440089024.000500"
    },
    {
        "type": "message",
        "user": "U08DH3ESU",
        "text": "On point 2 this is what happens mostly (unless you can prove that the content was known to be illegal and when it was posted the company knew about it and did not take it down till it was pointed out)",
        "edited": {
            "user": "U08DH3ESU",
            "ts": "1440090117.000000"
        },
        "ts": "1440089715.000501"
    },
    {
        "type": "message",
        "user": "U08DH3ESU",
        "text": "As long as the company (in this case youtube and parent company google) takedown the illegal content when they get notices, they are protected under the DMCA Act",
        "ts": "1440089769.000502"
    },
    {
        "type": "message",
        "user": "U08C464NS",
        "text": "also, what is considered \"illegal\" changes from place to place",
        "ts": "1440089821.000503"
    },
    {
        "type": "message",
        "user": "U08DH3ESU",
        "text": "Viacom had sued Google for hosting illegal content on its servers (I think in 2006 or 2007) and Google successfully argued that the Safe Harbor provision of the DMCA act means that they don't have any liability",
        "ts": "1440089854.000504"
    },
    {
        "type": "message",
        "user": "U08DH3ESU",
        "text": "<https:\/\/en.wikipedia.org\/wiki\/Viacom_International_Inc._v._YouTube,_Inc.> \"On April 18, 2013, judge Stanton issued another order granting summary judgment in favor of YouTube.[3] Following the remand from the Second Circuit court of appeals, judge Stanton ruled on four issues in his decision:\n\n(A) Whether \u2026 YouTube had knowledge or awareness of any specific infringements \u2026 ; (B) Whether \u2026 YouTube willfully blinded itself \u2026; (C) Whether YouTube had the \u201cright and ability to control\u201d infringing activity \u2026; and (D) Whether any clips \u2026 were syndicated \u2026.\n\nJudge Stanton ruled in favor of YouTube on all four issues finding that YouTube had no actual knowledge of any specific instance of infringement of Viacom's works, and therefore could not have \"willfully blinded itself\".\n\nFurther, the court found that YouTube did not have the \u201cright and ability to control\u201d infringing activity because \"there is no evidence that YouTube induced its users to submit infringing videos, provided users with detailed instructions about what content to upload or edited their content, prescreened submissions for quality, steered users to infringing videos, or otherwise interacted with infringing users to a point where it might be said to have participated in their activity.",
        "edited": {
            "user": "U08DH3ESU",
            "ts": "1440090034.000000"
        },
        "ts": "1440089968.000505"
    },
    {
        "type": "message",
        "user": "U08MAKT70",
        "text": "Google also offers publishers a cut of the ad revenues if their content is illegally on YouTube (instead of taking it down)",
        "ts": "1440099098.000508"
    },
    {
        "type": "message",
        "user": "U08ERPTQF",
        "text": "<@U08BY8MGV>: you only have to look at MegaUpload to see some precedent for #2 even if the profit wasn't directly tied to any particular illegal content, the govt was able to convince a judge to seize everything",
        "ts": "1440099927.000509"
    },
    {
        "type": "message",
        "user": "U08ERPTQF",
        "text": "there is a difference in our case that we are acting much more like an ISP with a Squid cache... we are also only taking small fees on transactions between users, so we are at no point having the ability to freeze user's funds.",
        "ts": "1440100224.000510"
    },
    {
        "type": "message",
        "user": "U08ERPTQF",
        "text": "for #1 it is easiest for people to think of it as 'affiliate marketing' for content. The OP is getting rewarded for sharing the content in the same way that Brands pay affiliates to tweet about anything positive about their company\/brand\/products...",
        "ts": "1440100360.000511"
    },
    {
        "type": "message",
        "user": "U08ERPTQF",
        "text": "I've been talking to a solicitor here who has been closely following the Kim Dotcom Mega Upload case, and their advise has been to avoid charging users for access to content. Instead we should structure things like a service fee for 'network transfer' or 'escrow' etc",
        "ts": "1440100784.000512"
    },
    {
        "type": "message",
        "user": "U08ERPTQF",
        "text": "Another thought on #1 - if a publisher complains that an OP unfairly profited by posting a link to their content, then we tell them to directly push their content so they *are* the OP...",
        "ts": "1440109019.000513"
    },
    {
        "type": "message",
        "user": "U08BY8MGV",
        "text": "<@U08ERPTQF>: megaupload had issues because they refused to remove copywritten content. We could just remove it to avoid those issues ",
        "ts": "1440123402.000514"
    },
    {
        "type": "message",
        "user": "U08BY8MGV",
        "text": "Pressuring a publisher to publish 1st in order to make the money is a great incentive :)",
        "ts": "1440123437.000515"
    },
    {
        "type": "message",
        "user": "U08ERPTQF",
        "text": "<@U08BY8MGV>: yea DMCA takedowns are going to be tricky. We don't have any way to remove content from Datt P2P nodes. Last time this was discussed the solution seems to be lists for nodes to filter 'illegal' content, otherwise the takedown should be addressed to the node(s) hosting the content.",
        "ts": "1440124441.000516"
    },
    {
        "type": "message",
        "user": "U08DH3ESU",
        "text": "This should be left to the node hosting the content; DMCA cannot tell a ISP hosted in Europe to take down content; they might pull some strings but would be difficult",
        "ts": "1440125450.000517"
    },
    {
        "type": "message",
        "user": "U08DH3ESU",
        "text": "the same way country specific nodes or services are addressed",
        "ts": "1440125469.000518"
    }
]