[
    {
        "type": "message",
        "user": "U08ERPTQF",
        "text": "<@U08DH3ESU> &amp; <@U08DD8LNP> - I see that nodes and curators can each participate individually, but by cooperating together it's mutually beneficial. The more competition that exists between Nodes to serve the most popular content, the more they will be willing to pay Curators to filter the quality content for the Node.",
        "ts": "1439970085.000489"
    },
    {
        "type": "message",
        "user": "U08ERPTQF",
        "text": "I briefly considered this in DATTmodel2.md - such that a Node actually subscribes to a Curator. The Curator has an open web socket to the node so every new listing is immediately available to the Node",
        "ts": "1439970194.000490"
    },
    {
        "type": "message",
        "user": "U08DH3ESU",
        "text": "True; Interesting that you are looking at a node subscribing or working with a moderator rather than the other way around; Normally the person who hosts the content generally gets the upper hand while others follow down the value chain, however in this scenario the reverse is true; It is like the celebrity curation (a16z article); A good curator can get paid by node and users if required",
        "ts": "1439970338.000491"
    },
    {
        "type": "message",
        "user": "U08ERPTQF",
        "text": "The micropayment channel between the Curator and the Node is incremented for every minute\/hour that the Node is subscribed.",
        "ts": "1439970359.000492"
    },
    {
        "type": "message",
        "user": "U08ERPTQF",
        "text": "Yea the Node profits from having a large volume of small transactions, whereas the Curator profits from how frequently they aggregate good content",
        "ts": "1439970428.000493"
    },
    {
        "type": "message",
        "user": "U08ERPTQF",
        "text": "Some Nodes may have long term arrangements with individual\/groups Curators (not unlike a subreddit), others may be doing trend analysis to switch to the hottest content right now.",
        "ts": "1439970497.000494"
    },
    {
        "type": "message",
        "user": "U08DH3ESU",
        "text": "Question: As part of the design UMLs that were created did anyone attempt to draw these relationships? How would a request flow from the user to node to moderator and how the payment flow would happen?",
        "ts": "1439970573.000495"
    },
    {
        "type": "message",
        "user": "U08ERPTQF",
        "text": "I've been thinking through it a lot, and it's only taking shape in my head. I will try and get it into a UML soon :simple_smile:",
        "ts": "1439970614.000496"
    },
    {
        "type": "message",
        "user": "U08ERPTQF",
        "text": "What you've described as MicroEarn is a hybrid of Contributors and Curators combined. So you are an expert\/celebrity\/public figure that can attract an audience on your own merit. You can share some public posts that get upvotes, and you can share some subscriber posts and earn a subscription revenue that way too.",
        "ts": "1439970701.000497"
    }
]