[
    {
        "type": "message",
        "user": "U08EZP01H",
        "text": "Great marketing tools <http:\/\/www.growthverse.com\/welcome>",
        "attachments": [
            {
                "title": "GROWTHVERSE | Marketing Landscape",
                "title_link": "http:\/\/www.growthverse.com\/welcome",
                "text": "The Growthverse is an interactive visualization of the marketing technology universe. Through a combination of more than 10 years both investing and operating in the ecosystem and polling over 100 CMOs, the Growthverse represents a taxonomy of the marketing technology ecosystem.",
                "fallback": "GROWTHVERSE | Marketing Landscape",
                "image_url": "http:\/\/www.growthverse.com\/assets\/images\/Beutler_accel_fb-teaser.png",
                "image_width": 470,
                "image_height": 246,
                "from_url": "http:\/\/www.growthverse.com\/welcome",
                "image_bytes": 16498,
                "id": 1
            }
        ],
        "ts": "1442340811.000002"
    }
]