[
    {
        "type": "message",
        "user": "U08ELNFTP",
        "text": "So, I try not to promote my stuff here but the marketing strategy at Augur has shifted to one targeted at developers so I wanted to just share our github page with this community. I\u2019m more than happy to answer any general questions about Augur and would also be happy to invite anyone interested to our Slack as we want as many eyes on the project as possible! <http:\/\/github.com\/augurproject>",
        "attachments": [
            {
                "service_name": "GitHub",
                "title": "Augur Project",
                "title_link": "http:\/\/github.com\/augurproject",
                "text": "Decentralized, open-source platform for prediction markets.",
                "fallback": "GitHub: Augur Project",
                "thumb_url": "https:\/\/avatars1.githubusercontent.com\/u\/9636524?v=3&s=280",
                "from_url": "http:\/\/github.com\/augurproject",
                "thumb_width": 280,
                "thumb_height": 280,
                "id": 1
            }
        ],
        "ts": "1444455575.000010",
        "reactions": [
            {
                "name": "+1",
                "users": [
                    "U07GDL0H5"
                ],
                "count": 1
            }
        ]
    },
    {
        "type": "message",
        "user": "U08ELNFTP",
        "text": "I\u2019m a non-dev doing outreach to developers, I completely realize how important this phase is so I don\u2019t want anyone thinking I\u2019m trying to be something I\u2019m not. What I do know is that Augur is open source for a reason and we really want the community to contribute as much as possible as everyone involved wants Augur to be as great as possible when it launches!",
        "ts": "1444455650.000012"
    },
    {
        "type": "message",
        "user": "U0AV4U333",
        "text": "what\u2019s the entry project?",
        "ts": "1444455671.000013"
    }
]