[
    {
        "type": "message",
        "user": "U07GDL0H5",
        "text": "i'm now on my longest streak on github ever ... 14 solid days in a row of commits :simple_smile:",
        "ts": "1443720780.000052",
        "reactions": [
            {
                "name": "taco",
                "users": [
                    "U08C464NS",
                    "U08EZP01H",
                    "U08MAKT70",
                    "U08CBD41G"
                ],
                "count": 4
            },
            {
                "name": "rocket",
                "users": [
                    "U08DDGSNQ",
                    "U0AV4U333",
                    "U08F438SK",
                    "U08BU3AA2"
                ],
                "count": 4
            },
            {
                "name": "pizza",
                "users": [
                    "U08C464NS"
                ],
                "count": 1
            }
        ]
    }
]