[
    {
        "type": "message",
        "user": "U08EZP01H",
        "text": "this summit ryan did is filled with gems: <https:\/\/www.zapchain.com\/a\/W7M8nphtCU>",
        "attachments": [
            {
                "service_name": "ZapChain",
                "title": "Decentralization Summit",
                "title_link": "https:\/\/www.zapchain.com\/a\/W7M8nphtCU",
                "text": "ZapChain is the best place to discuss emerging technology.",
                "fallback": "ZapChain: Decentralization Summit",
                "image_url": "https:\/\/s3.amazonaws.com\/files.parsetfss.com\/f4ce45fa-ab12-4c24-a33c-a100a8133f3f\/tfss-537086a2-10ea-4d32-8773-8d9fa27980c7-zapchain_logo_square.png",
                "from_url": "https:\/\/www.zapchain.com\/a\/W7M8nphtCU",
                "image_width": 238,
                "image_height": 238,
                "image_bytes": 9835,
                "id": 1
            }
        ],
        "ts": "1440114594.000254"
    },
    {
        "type": "message",
        "user": "U08EZP01H",
        "text": "especially the bit on augur talking with 3-letter agencies to explain their technology",
        "ts": "1440114646.000256"
    },
    {
        "type": "message",
        "user": "U08BZE91C",
        "text": "nice",
        "ts": "1440114657.000257"
    },
    {
        "type": "message",
        "user": "U08FMHVJ4",
        "text": "No one should talk about Bitcoin XT or the so-called \u201cblock size debate\u201d until they\u2019ve read this article in full: <http:\/\/spectrum.ieee.org\/tech-talk\/computing\/networks\/the-bitcoin-for-is-a-coup>",
        "attachments": [
            {
                "id": 1
            }
        ],
        "ts": "1440122600.000258"
    },
    {
        "type": "message",
        "user": "U08FMHVJ4",
        "text": "as best as i can tell there\u2019s a massive coordinated dis-info campaign going on",
        "ts": "1440122629.000260"
    },
    {
        "type": "message",
        "user": "U08FMHVJ4",
        "text": "biggest attack on Bitcoin i\u2019ve ever seen",
        "ts": "1440122659.000261"
    },
    {
        "type": "message",
        "user": "U08FMHVJ4",
        "text": "blacklisting mechanism is already implemented into Bitcoin XT",
        "ts": "1440122741.000262"
    },
    {
        "type": "message",
        "user": "U08FMHVJ4",
        "text": "Proof of concerted sock puppetry: <https:\/\/twitter.com\/taoeffect\/status\/634547929869488129>",
        "ts": "1440123029.000265"
    },
    {
        "type": "message",
        "user": "U08F438SK",
        "text": ":+1: ",
        "ts": "1440123704.000266"
    },
    {
        "type": "message",
        "user": "U08DH3ESU",
        "text": "Bitcoin XT will simply make it centralized. The way this has been done is just against the ethos of how bitcoin is supposed to operate. The core principle of building a consensus due to the decentralized nature is being overlooked. This ideological shift is more dangerous than the spam attacks.",
        "ts": "1440124050.000267",
        "reactions": [
            {
                "name": "+1",
                "users": [
                    "U08FMHVJ4",
                    "U08F438SK",
                    "U08DH3ESU",
                    "U08D641AP"
                ],
                "count": 4
            }
        ]
    },
    {
        "type": "message",
        "user": "U08F438SK",
        "text": "And Mike Hearn -- who has 50% vote in BitcoinXT is really, really radical. He literally suggested that if the majority of hash power votes against Bitcoin-XT, the software should be updated to ignore the longest chain if it can't prove that it is from Bitcoin-XT. He also wants the ability to revert to \"checkpoint\" blocks, censor blocks and transactions. Checkpoints and block censoring discussed by Hearn here: (video unfortunately) <https:\/\/youtu.be\/DB9goUDBAR0>",
        "attachments": [
            {
                "service_name": "YouTube",
                "service_url": "https:\/\/www.youtube.com\/",
                "title": "Mike Hearn's \"Worst Case\" XT Fork Scenario: Checkpoints, Ignore Longest Chain",
                "title_link": "https:\/\/youtu.be\/DB9goUDBAR0",
                "author_name": "W. Landon Cox",
                "author_link": "https:\/\/www.youtube.com\/channel\/UCN1Z9peQt0GJBa3zNRX-Wsg",
                "thumb_url": "https:\/\/i.ytimg.com\/vi\/DB9goUDBAR0\/hqdefault.jpg",
                "thumb_width": 480,
                "thumb_height": 360,
                "fallback": "YouTube Video: Mike Hearn's \"Worst Case\" XT Fork Scenario: Checkpoints, Ignore Longest Chain",
                "video_html": "<iframe width=\"400\" height=\"225\" src=\"https:\/\/www.youtube.com\/embed\/DB9goUDBAR0?feature=oembed\" frameborder=\"0\" allowfullscreen><\/iframe>",
                "video_html_width": 400,
                "video_html_height": 225,
                "from_url": "https:\/\/youtu.be\/DB9goUDBAR0",
                "id": 1
            }
        ],
        "ts": "1440128114.000268"
    },
    {
        "type": "message",
        "user": "U08F438SK",
        "text": "Anyway, just got out of work and time to push some damned code. ",
        "ts": "1440128171.000270"
    },
    {
        "type": "message",
        "user": "U08FMHVJ4",
        "text": "wow",
        "ts": "1440129940.000271"
    },
    {
        "type": "message",
        "user": "U08FMHVJ4",
        "text": "<@U08F438SK>: this appears to be the text of it: <https:\/\/bitcointalk.org\/index.php?topic=1089283.0>",
        "attachments": [
            {
                "text": "Hearn's Worst Case Scenario: Checkpoints in XT to \"ignore the longest chain\"",
                "fallback": "Hearn's Worst Case Scenario: Checkpoints in XT to \"ignore the longest chain\"",
                "from_url": "https:\/\/bitcointalk.org\/index.php?topic=1089283.0",
                "id": 1
            }
        ],
        "ts": "1440134705.000272"
    }
]