[
    {
        "type": "message",
        "user": "U08ERPTQF",
        "text": "<https:\/\/medium.com\/@matthewscarroll\/the-front-page-is-dead-long-live-the-social-media-platform-a580683bdbeb>",
        "attachments": [
            {
                "service_name": "Medium",
                "title": "The front page is dead! Long live the social media platform!",
                "title_link": "https:\/\/medium.com\/@matthewscarroll\/the-front-page-is-dead-long-live-the-social-media-platform-a580683bdbeb",
                "text": "A Q&amp;A: Why newsrooms are partnering with social media &amp; how it\u2019s changing the business of news",
                "fallback": "Medium: The front page is dead! Long live the social media platform!",
                "image_url": "https:\/\/cdn-images-1.medium.com\/max\/800\/1*j4wn6oU2HOEPNY-R5Srj0A.jpeg",
                "ts": 1441802209,
                "from_url": "https:\/\/medium.com\/@matthewscarroll\/the-front-page-is-dead-long-live-the-social-media-platform-a580683bdbeb",
                "image_width": 375,
                "image_height": 250,
                "image_bytes": 68735,
                "id": 1
            }
        ],
        "ts": "1442800859.000012",
        "reactions": [
            {
                "name": "+1",
                "users": [
                    "U08F438SK"
                ],
                "count": 1
            }
        ]
    },
    {
        "type": "message",
        "user": "U08F438SK",
        "text": "thanks Paul for the link",
        "ts": "1442808720.000014"
    }
]