[
    {
        "type": "message",
        "user": "U07GDL0H5",
        "text": "my tweet is currently the top post on r\/bitcoin <https:\/\/www.reddit.com\/r\/Bitcoin\/comments\/3pk26r\/do_you_accept_bitcoin_dude_my_bank_is_listening\/>",
        "attachments": [
            {
                "service_name": "reddit",
                "title": "\"Do you accept bitcoin?\" \"Dude my bank is listening - don't ask that.\" \"Do you accept blockchain?\" \"YES! That will be 0.25 blockchains.\"\" \u2022 \/r\/Bitcoin",
                "title_link": "https:\/\/www.reddit.com\/r\/Bitcoin\/comments\/3pk26r\/do_you_accept_bitcoin_dude_my_bank_is_listening\/",
                "text": "141 points and 17 comments so far on reddit",
                "fallback": "reddit: \"Do you accept bitcoin?\" \"Dude my bank is listening - don't ask that.\" \"Do you accept blockchain?\" \"YES! That will be 0.25 blockchains.\"\" \u2022 \/r\/Bitcoin",
                "thumb_url": "https:\/\/i.redditmedia.com\/YIJCl3c5-hHpOqZMsT1gQJABnXvrvXThIeAEtXC7as4.jpg?w=320&s=eb9361f11040060fcbcf36ed42db3a8b",
                "from_url": "https:\/\/www.reddit.com\/r\/Bitcoin\/comments\/3pk26r\/do_you_accept_bitcoin_dude_my_bank_is_listening\/",
                "thumb_width": 320,
                "thumb_height": 320,
                "id": 1
            }
        ],
        "ts": "1445402542.000028",
        "reactions": [
            {
                "name": "smile",
                "users": [
                    "U08MAKT70",
                    "U08EZP01H"
                ],
                "count": 2
            }
        ]
    },
    {
        "type": "message",
        "user": "U08F438SK",
        "text": ":+1: ",
        "ts": "1445406717.000030"
    }
]