[
    {
        "type": "message",
        "user": "U08EZP01H",
        "text": "<https:\/\/i.imgur.com\/fZBreBJ.jpg>",
        "attachments": [
            {
                "fallback": "480x471px image",
                "image_url": "https:\/\/i.imgur.com\/fZBreBJ.jpg",
                "image_width": 480,
                "image_height": 471,
                "image_bytes": 30866,
                "from_url": "https:\/\/i.imgur.com\/fZBreBJ.jpg",
                "id": 1
            }
        ],
        "ts": "1439053594.000184",
        "reactions": [
            {
                "name": "+1",
                "users": [
                    "U08E2KZM4"
                ],
                "count": 1
            }
        ]
    },
    {
        "user": "U08R1E07Q",
        "type": "message",
        "subtype": "channel_join",
        "text": "<@U08R1E07Q|chrismarie> has joined the channel",
        "ts": "1439072016.000186"
    },
    {
        "user": "U08R6QWP3",
        "type": "message",
        "subtype": "channel_join",
        "text": "<@U08R6QWP3|msfeldstein> has joined the channel",
        "ts": "1439101576.000187"
    }
]