[
    {
        "type": "message",
        "user": "U08C464NS",
        "text": "\"I am Datt and I fight for the user\" <http:\/\/www.risdall.com\/wp-content\/uploads\/2013\/03\/Tron-fight-for-the-user.jpg>",
        "attachments": [
            {
                "fallback": "873x428px image",
                "image_url": "http:\/\/www.risdall.com\/wp-content\/uploads\/2013\/03\/Tron-fight-for-the-user.jpg",
                "image_width": 873,
                "image_height": 428,
                "image_bytes": 59118,
                "from_url": "http:\/\/www.risdall.com\/wp-content\/uploads\/2013\/03\/Tron-fight-for-the-user.jpg",
                "id": 1
            }
        ],
        "ts": "1439298038.004026",
        "reactions": [
            {
                "name": "+1",
                "users": [
                    "U08CG8V89",
                    "U08F438SK",
                    "U07GDL0H5",
                    "U08ERPTQF"
                ],
                "count": 4
            }
        ]
    },
    {
        "type": "message",
        "user": "U08F438SK",
        "text": "<@U08D641AP> wow, one man army over there :simple_smile:. Looking into your arty repo now for a few mins before day job.",
        "ts": "1439304639.004028"
    },
    {
        "type": "message",
        "user": "U08D641AP",
        "text": "it's highly alpha, I have it working between nodes (via `test.js` all the way up to the final ICE negotiation, but it just isn't opening the data channel",
        "ts": "1439315145.004029"
    },
    {
        "type": "message",
        "user": "U08D641AP",
        "text": "and, not a one man army \u2013 some old coworkers are taking care of the hard things :wink:",
        "ts": "1439315276.004030"
    },
    {
        "type": "message",
        "user": "U08D641AP",
        "text": "(they're not crypto folks, yet)",
        "ts": "1439315294.004031"
    },
    {
        "type": "message",
        "user": "U08ERPTQF",
        "text": "<@U08C464NS>: It would be great to explore the parallels between Datt &amp; Tron for communicating our values to regular users :)",
        "ts": "1439321033.004032"
    },
    {
        "type": "message",
        "user": "U08C464NS",
        "text": "<@U08ERPTQF>: yeah man, I think it's a good angle that a lot of people can get behind.",
        "ts": "1439324068.004033"
    },
    {
        "type": "message",
        "user": "U08FFU90F",
        "text": "fyi, <@U07GDL0H5> will be participating in the online ZapChain Decentralization Summit this Friday at 11am PST (along with Ethereum, Augur, and OpenBazaar). Register here to get notified when it starts: <https:\/\/www.zapchain.com\/event\/decentralization\/>",
        "attachments": [
            {
                "service_name": "ZapChain",
                "title": "Decentralization Summit - August 14th, 2015 at 11am PST",
                "title_link": "https:\/\/www.zapchain.com\/event\/decentralization\/",
                "text": "Join a community discussion with Ethereum, Augur, OpenBazaar, and Ryan X. Charles, to discuss the decentralization of products and organizations.",
                "fallback": "ZapChain: Decentralization Summit - August 14th, 2015 at 11am PST",
                "image_url": "https:\/\/s3.amazonaws.com\/files.parsetfss.com\/f4ce45fa-ab12-4c24-a33c-a100a8133f3f\/tfss-b1ee43a2-40b2-474a-874a-88183bf1cbf6-ut2fjxHnvizap_decentralized.png",
                "from_url": "https:\/\/www.zapchain.com\/event\/decentralization\/",
                "image_width": 477,
                "image_height": 250,
                "image_bytes": 634741,
                "id": 1
            }
        ],
        "ts": "1439331170.004034",
        "reactions": [
            {
                "name": "+1",
                "users": [
                    "U07GDL0H5",
                    "U08ERPTQF",
                    "U08F438SK",
                    "U08DH3ESU",
                    "U08MEV56D"
                ],
                "count": 5
            }
        ]
    },
    {
        "type": "message",
        "user": "U08F438SK",
        "text": "Ello's manifesto: <https:\/\/ello.co\/wtf\/about\/ello-manifesto\/>",
        "attachments": [
            {
                "service_name": "Ello",
                "title": "Ello Manifesto \u2013 About | Ello | wtf | Help and other resources for Ello",
                "title_link": "https:\/\/ello.co\/wtf\/about\/ello-manifesto\/",
                "text": "Ello Manifesto \u2013 About \u2013 Your social network is owned by advertisers.",
                "fallback": "Ello: Ello Manifesto \u2013 About | Ello | wtf | Help and other resources for Ello",
                "from_url": "https:\/\/ello.co\/wtf\/about\/ello-manifesto\/",
                "thumb_url": "https:\/\/ello.co\/apple-touch-icon-precomposed.png",
                "thumb_width": 144,
                "thumb_height": 144,
                "id": 1
            }
        ],
        "ts": "1439344515.004036"
    },
    {
        "type": "message",
        "user": "U08F438SK",
        "text": "They cannot credibly (IMHO) claim that they will keep this philosophy, as they *can* change their policies and are under financial pressure to do so",
        "ts": "1439344574.004038"
    },
    {
        "type": "message",
        "user": "U07GDL0H5",
        "text": "nice",
        "edited": {
            "user": "U07GDL0H5",
            "ts": "1439344588.000000"
        },
        "ts": "1439344581.004039"
    },
    {
        "type": "message",
        "user": "U08F438SK",
        "text": "I like the example (more detail in <#C08F62HEY>) because they have non-technophile marketing",
        "ts": "1439344610.004041"
    },
    {
        "type": "message",
        "user": "U08F438SK",
        "text": "Making no recommendation about us changing our marketing",
        "ts": "1439344803.004042"
    },
    {
        "type": "message",
        "user": "U08F438SK",
        "text": "I just think this is really fucking huge :-) and whether we do it or not social is going user-owned , decentralized",
        "ts": "1439344853.004043"
    },
    {
        "type": "message",
        "user": "U08F438SK",
        "text": "And that it won't be limited to a bunch of crypto-libertarians, it'll be the hipsters on Ello , and prob everyone else",
        "ts": "1439344932.004044"
    },
    {
        "type": "message",
        "user": "U08F438SK",
        "text": "Like the audience for Search Engines turns out to be a LOT bigger than a bunch of graduate students or journalists who love to read and would be at the library otherwise :-P",
        "ts": "1439345026.004045"
    },
    {
        "type": "message",
        "user": "U08F438SK",
        "text": "Will take a long time and be hugely competitive if true -- but it's great to enter the race",
        "ts": "1439345166.004046"
    },
    {
        "type": "message",
        "user": "U08F438SK",
        "text": "Social, economic, and technological forces all suggest the time is now:  Socially, we have billions online, and for long enough to be jaded bout centralized networks; economically, labor participation rate is going down, more and more are unemployed or self-employed; people are ready for an attention economy, and automation will only increase that; technologically, Bitcoin enables micropayments and trustless coordination like never before, webrtc has hit browsers, and open source collaboration is easier than ever :-)\n",
        "ts": "1439345520.004047",
        "reactions": [
            {
                "name": "+1",
                "users": [
                    "U08F2RTCN",
                    "U07GDL0H5",
                    "U08MEV56D",
                    "U08EZP01H",
                    "U08ERPTQF"
                ],
                "count": 5
            }
        ]
    },
    {
        "type": "message",
        "subtype": "pinned_item",
        "user": "U07GDL0H5",
        "item_type": "C",
        "attachments": [
            {
                "color": "D0D0D0",
                "fallback": "[August 11th, 2015 7:12 PM] willy: Social, economic, and technological forces all suggest the time is now:  Socially, we have billions online, and for long enough to be jaded bout centralized networks; economically, labor participation rate is going down, more and more are unemployed or self-employed; people are ready for an attention economy, and automation will only increase that; technologically, Bitcoin enables micropayments and trustless coordination like never before, webrtc has hit browsers, and open source collaboration is easier than ever :-)\n",
                "author_subname": "willy",
                "ts": "1439345520.004047",
                "text": "Social, economic, and technological forces all suggest the time is now:  Socially, we have billions online, and for long enough to be jaded bout centralized networks; economically, labor participation rate is going down, more and more are unemployed or self-employed; people are ready for an attention economy, and automation will only increase that; technologically, Bitcoin enables micropayments and trustless coordination like never before, webrtc has hit browsers, and open source collaboration is easier than ever :-)\n",
                "author_name": "Willy Bruns",
                "author_link": "https:\/\/dattnetwork.slack.com\/team\/willy",
                "author_icon": "https:\/\/avatars.slack-edge.com\/2015-08-10\/8881099074_93016e5116d3dbdb683b_48.jpg",
                "mrkdwn_in": [
                    "text"
                ]
            }
        ],
        "text": "<@U07GDL0H5|ryanxcharles> pinned a message to this channel.",
        "ts": "1439349974.004048"
    }
]