[
    {
        "type": "message",
        "user": "U08C464NS",
        "text": "Any updates on the backend progress for the prototype?",
        "ts": "1442173095.000045"
    },
    {
        "type": "message",
        "user": "U08ERPTQF",
        "text": "From my perspective it's still a week or two away, but I know <@U08F438SK> &amp; <@U08MAKT70> are working feverishly to plug it all together",
        "ts": "1442173706.000046",
        "reactions": [
            {
                "name": "taco",
                "users": [
                    "U08C464NS",
                    "U08ERPTQF",
                    "U08F438SK",
                    "U08EZP01H",
                    "U07GDL0H5"
                ],
                "count": 5
            }
        ]
    },
    {
        "type": "message",
        "user": "U08C464NS",
        "text": "<@U08ERPTQF>: nice. looking forward to it",
        "ts": "1442173870.000047"
    },
    {
        "type": "message",
        "user": "U094X6WUT",
        "text": "After having just rewatched Everything is a Remix I'm confident Datt is product of, and catalyst for social evolution.",
        "ts": "1442203513.000048",
        "reactions": [
            {
                "name": "+1",
                "users": [
                    "U07GDL0H5",
                    "U08ERPTQF"
                ],
                "count": 2
            }
        ]
    }
]