[
    {
        "type": "message",
        "user": "U08F438SK",
        "text": "Submitted PR for Content + ContentStore . More on way but wanted to get that in. It's a little WIP but 55 tests passing, using <@U07GDL0H5> AsyncCrypto, error handling, etc.",
        "ts": "1440748378.000052",
        "reactions": [
            {
                "name": "+1",
                "users": [
                    "U08ERPTQF",
                    "U08MAKT70",
                    "U08EZP01H",
                    "U07GDL0H5"
                ],
                "count": 4
            }
        ]
    },
    {
        "type": "message",
        "user": "U08F438SK",
        "text": "Tear it apart ;-) . ContentStore searching methods will have tests added tomorrow.\nGetting to network abstraction stuff PR this weekend unless <@U08MAKT70> beats me to it.",
        "ts": "1440748551.000053"
    },
    {
        "type": "message",
        "user": "U08MAKT70",
        "text": "Nice work <@U08F438SK>! I have been looking into ContentDiscovery this week (flooding for now). Most of the time has been used to understand how q and testing works. Will look at your code and learn from it :wink:",
        "ts": "1440750228.000054"
    },
    {
        "type": "message",
        "user": "U07GDL0H5",
        "text": "awesome work <@U08F438SK> . will review today.",
        "ts": "1440779298.000055"
    },
    {
        "type": "message",
        "user": "U08F438SK",
        "text": "thanks. btw <@U08MAKT70>, I briefly broke your storage demo this AM. but if you pull from my fork, I just fixed it using the new ContentStore for the local storage and retrieval. Fixing it for remote retrieval now.",
        "ts": "1440818300.000056"
    },
    {
        "type": "message",
        "user": "U08F438SK",
        "text": "also, ContentStore is an event emitter and when tests are finished I will push Datt as event emitter and rewrite web example to listen directly to Datt for UI. Then will do same for Peer object (make it an event emitter, have Datt echo the events, and update UI from there)",
        "ts": "1440818404.000057"
    },
    {
        "type": "message",
        "user": "U08F438SK",
        "text": "FYI w.r.t to the DHT blog entry I think Kademelia should be used as it is in BitTorrent, for routing information and other metadata which is constantly changing and thus appropriate for it to be temporary",
        "ts": "1440819439.000058"
    },
    {
        "type": "message",
        "user": "U07GDL0H5",
        "text": "i'm working on it right now actually. fixing a bunch of minor issues. i'll publish my notes on your PR.",
        "ts": "1440820690.000059"
    },
    {
        "type": "message",
        "user": "U08F438SK",
        "text": "Awesome. Feel free to pull from my fork a couple of fixes\/updates there. And was just replacing hash in content.js w\/ AsyncCrypto . Which pieces are you attacking so I can leave them to you?",
        "ts": "1440821153.000060"
    },
    {
        "type": "message",
        "user": "U08F438SK",
        "text": "OK see your comments just came in, thanks!",
        "ts": "1440821341.000061"
    },
    {
        "type": "message",
        "user": "U08F438SK",
        "text": "Should I bother pushing the removal of non-AsyncCrypto or do you have something?",
        "ts": "1440821919.000062"
    },
    {
        "type": "message",
        "user": "U07GDL0H5",
        "text": "nope, i'm not working on that. i'm working on all the other nits",
        "ts": "1440822372.000063"
    },
    {
        "type": "message",
        "user": "U07GDL0H5",
        "text": "there were a few silently broken tests that i fixed due to promise issues",
        "ts": "1440822402.000064"
    },
    {
        "type": "message",
        "user": "U07GDL0H5",
        "text": "if you want to work on removing non-asynccrypto stuff i won't touch that",
        "ts": "1440822468.000065"
    },
    {
        "type": "message",
        "user": "U08F438SK",
        "text": "Really appreciate it. Been trying to err on the side of moving fast here, but we can't let the bar fall too low or we'll pay in a few weeks.",
        "ts": "1440822544.000066"
    },
    {
        "type": "message",
        "user": "U08F438SK",
        "text": "Sure, I'll finish that now then. Want me to put it in a separate branch\/PR to reduce merge conflicts?",
        "ts": "1440822585.000067"
    },
    {
        "type": "message",
        "user": "U08F438SK",
        "text": "(Merge conflicts during your review of current PR)",
        "ts": "1440822614.000068"
    },
    {
        "type": "message",
        "user": "U07GDL0H5",
        "text": "hmm not really sure. note that i'm working on your code before your latest commits. i think however you go about changing the asynccrypto stuff it will probably be easy to merge. you could just build it on top of your latest commits.",
        "edited": {
            "user": "U07GDL0H5",
            "ts": "1440822790.000000"
        },
        "ts": "1440822777.000069"
    },
    {
        "type": "message",
        "user": "U07GDL0H5",
        "text": "karma seems to randomly fail sometimes. no idea why. i've never had this problem with karma before, but i wonder if it's the same thing Johan noticed.",
        "ts": "1440822837.000071"
    },
    {
        "type": "message",
        "user": "U07GDL0H5",
        "text": "it's either karma or the version of chrome i have",
        "ts": "1440822851.000072"
    },
    {
        "type": "message",
        "user": "U08F438SK",
        "text": "nondeterministic failure sucks",
        "ts": "1440823429.000073"
    },
    {
        "type": "message",
        "user": "U08F438SK",
        "text": "btw, the failure of ContentStore test in NodeJS is because I failed to commit a \"dbs\" folder, which is where it is trying to put the PouchDB content",
        "ts": "1440823466.000074"
    },
    {
        "type": "message",
        "user": "U08F438SK",
        "text": "I just pushed the fix for that (a .\/dbs\/README.md file to ensure folder is present for new cloners) if you want to see ContentStore tests pass.",
        "ts": "1440823528.000075"
    },
    {
        "type": "message",
        "user": "U08F438SK",
        "text": "hey, any downside to instantiating a new AsyncCrypto in each module? like a fresh one in user.js, content.js, etc?",
        "ts": "1440826363.000076"
    },
    {
        "type": "message",
        "user": "U08F438SK",
        "text": "allocates a new worker pool it seems, so maybe we want to do some kind of singleton thing with that down the road.",
        "ts": "1440826384.000077"
    },
    {
        "type": "message",
        "user": "U07GDL0H5",
        "text": "nope, that's how it's intended to be used. i want to update it though so that's not necessary. maybe i'll do that right now.",
        "ts": "1440826390.000078"
    },
    {
        "type": "message",
        "user": "U07GDL0H5",
        "text": "it doesn't allocate a new workerpool. or at least it's not supposed to. it caches the global workerpool.",
        "ts": "1440826410.000079"
    },
    {
        "type": "message",
        "user": "U08F438SK",
        "text": "oh, great",
        "ts": "1440826426.000080"
    },
    {
        "type": "message",
        "user": "U08F438SK",
        "text": "<@U08MAKT70> please don't hesitate to ping me if there's anything I can do to help you get up to speed with all the stuff getting pushed recently",
        "ts": "1440827364.000081"
    }
]