[
    {
        "type": "message",
        "user": "U08DH3ESU",
        "text": "(My comments are specific to this case and by journalistic content I am referring to content in newspapers.) As far as newspapers are concerned, most of the content is ephemeral. The content (98%) printed\/published in newspapers does not hold a lot of value a couple of days' from now. There is searching for archives involved, but that would be minimal. If 100 people read a newspaper, maybe 8-10 people look in archives actively for items. So, it does not make sense for people to be storing news items. The value of that item diminishes rapidly. Even for the 'Why' articles, there is a lot of contextual relevance that is needed. So, the 'why' articles might be useful for research or to someone looking at the archives to gain a better understanding, but for the general public it may not matter.",
        "ts": "1443605492.000211"
    },
    {
        "type": "message",
        "user": "U08DH3ESU",
        "text": "Since I don't get an extra value holding on to that content for longer than a day (in most cases), there is no long term reason for me to buy it. Niche journalism is different. Financial papers will provide quick analysis of the day's happenings which might make sense for you to buy (not for holding them long term, but for immediate gains). But, the larger point holds true.",
        "ts": "1443605615.000212"
    },
    {
        "type": "message",
        "user": "U08DH3ESU",
        "text": "Please note that, I am not referring to web content like what you might find on research journals, technology blogs which provide analysis and not just information on new gadgets\/apps etc. These have an intrinsic value to them which is not there in newspaper articles.",
        "ts": "1443605719.000213"
    },
    {
        "type": "message",
        "user": "U08DH3ESU",
        "text": "The general model which people compare a newspaper \"pay per article\" with is that of a \"Pay per song\" or a fixed amount for streaming songs. This is not a correct comparison just going by human psychology. Good (:)) Songs provide value way beyond what you pay for and it might make sense to pay to keep the content with you and not just take a subscription service where it is available for streaming.",
        "ts": "1443605834.000214"
    },
    {
        "type": "message",
        "user": "U0AV4U333",
        "text": "interesting",
        "ts": "1443630277.000215"
    },
    {
        "type": "message",
        "user": "U07GDL0H5",
        "text": "great points <@U08DH3ESU>",
        "ts": "1443640352.000216"
    },
    {
        "type": "message",
        "user": "U08F438SK",
        "text": "<@U08FELZL7>: Blendle is a fantastic example, thank you. Agree 100% with <@U08ERPTQF> that Datt is like Blendle for everything on the web, not just mainstream news -- or more importantly IMHO, Datt can be Blendle for *everyone* on the web, not just established journalists.",
        "ts": "1443649927.000217"
    },
    {
        "type": "message",
        "user": "U08F438SK",
        "text": "My hope is that Datt enables everyone to earn a living, not just journalists associated with existing publications. Let's make it happen.",
        "ts": "1443650012.000218",
        "reactions": [
            {
                "name": "+1",
                "users": [
                    "U08EZP01H",
                    "U07GDL0H5",
                    "U08FELZL7"
                ],
                "count": 3
            }
        ]
    },
    {
        "user": "U0BKFML4T",
        "type": "message",
        "subtype": "channel_join",
        "text": "<@U0BKFML4T|bencxr> has joined the channel",
        "ts": "1443651281.000219"
    },
    {
        "type": "message",
        "user": "U08F438SK",
        "text": "loving <@U07GDL0H5> ' change to put everything in one repo",
        "ts": "1443651320.000220"
    },
    {
        "user": "U0BKHMSJ0",
        "type": "message",
        "subtype": "channel_join",
        "text": "<@U0BKHMSJ0|arichnad> has joined the channel",
        "ts": "1443653599.000221"
    }
]