[
    {
        "type": "message",
        "user": "U0AV4U333",
        "text": "do we have a specific initial use case that we\u2019re gearing ourselves towards?",
        "ts": "1444180238.000011"
    },
    {
        "type": "message",
        "user": "U0AV4U333",
        "text": "e.g. replace Reddit Gold type scenarios",
        "ts": "1444180367.000012"
    },
    {
        "type": "message",
        "user": "U07GDL0H5",
        "text": "sure ... i think aiming to have a higher quality level of content is where we're going ... i believe some of that is written about in dattdocs",
        "ts": "1444180496.000013"
    },
    {
        "type": "message",
        "user": "U07GDL0H5",
        "text": "see the \"community plan\" in the master plan ... it's not finished, but it's where the \"initial use case\" belongs: <https:\/\/github.com\/dattnetwork\/dattdocs\/blob\/master\/plan.md>",
        "attachments": [
            {
                "service_name": "GitHub",
                "title": "dattnetwork\/dattdocs",
                "title_link": "https:\/\/github.com\/dattnetwork\/dattdocs\/blob\/master\/plan.md",
                "text": "dattdocs - Document all the things.",
                "fallback": "GitHub: dattnetwork\/dattdocs",
                "thumb_url": "https:\/\/avatars0.githubusercontent.com\/u\/13266895?v=3&s=400",
                "from_url": "https:\/\/github.com\/dattnetwork\/dattdocs\/blob\/master\/plan.md",
                "thumb_width": 214,
                "thumb_height": 214,
                "id": 1
            }
        ],
        "ts": "1444180806.000014"
    },
    {
        "type": "message",
        "user": "U0AV4U333",
        "text": "Totally understand the implication of our actions but what\u2019s the immediate actions we\u2019re taking to get closer",
        "ts": "1444181932.000016"
    },
    {
        "type": "message",
        "user": "U07GDL0H5",
        "text": "building a prototype. will almost certainly focus on bitcoin users on day 1.",
        "ts": "1444182185.000017"
    },
    {
        "type": "message",
        "user": "U07GDL0H5",
        "text": "<https:\/\/github.com\/dattnetwork\/datt\/milestones\/Prototype>",
        "attachments": [
            {
                "service_name": "GitHub",
                "title": "dattnetwork\/datt",
                "title_link": "https:\/\/github.com\/dattnetwork\/datt\/milestones\/Prototype",
                "text": "datt - Own your content.",
                "fallback": "GitHub: dattnetwork\/datt",
                "thumb_url": "https:\/\/avatars0.githubusercontent.com\/u\/13266895?v=3&s=400",
                "from_url": "https:\/\/github.com\/dattnetwork\/datt\/milestones\/Prototype",
                "thumb_width": 214,
                "thumb_height": 214,
                "id": 1
            }
        ],
        "ts": "1444182237.000018"
    }
]