[
    {
        "type": "message",
        "user": "U07GDL0H5",
        "text": "yay! i got a beta invite to \"let's encrypt\" and can get free SSL certificates for <http:\/\/datt.co|datt.co> and <http:\/\/datt.net|datt.net>",
        "ts": "1446237734.000273",
        "reactions": [
            {
                "name": "tada",
                "users": [
                    "U08EZP01H",
                    "U08C464NS"
                ],
                "count": 2
            }
        ]
    },
    {
        "type": "message",
        "user": "U08EKTS7P",
        "text": "noice!",
        "ts": "1446239049.000274"
    },
    {
        "type": "message",
        "user": "U07GDL0H5",
        "text": "i just informally agreed with onename\/blockstack and streamium to stop using the term \"bitcoin\" and use the term \"genesis blockchain\" instead <https:\/\/twitter.com\/ryanxcharles\/status\/660174988989763584>",
        "attachments": [
            {
                "fallback": "<https:\/\/twitter.com\/ryanxcharles|@ryanxcharles>: I'm changing my title from \"bitcoin engineer\" to \"blockchain engineer\". Same exact thing, but catchier to mainstream.",
                "ts": 1446232957,
                "author_name": "Ryan X. Charles",
                "author_link": "https:\/\/twitter.com\/ryanxcharles\/status\/660174988989763584",
                "author_icon": "https:\/\/pbs.twimg.com\/profile_images\/2843317961\/06eecfd8db67d57ed4c5718c8db35aa5_normal.jpeg",
                "author_subname": "@ryanxcharles",
                "text": "I'm changing my title from \"bitcoin engineer\" to \"blockchain engineer\". Same exact thing, but catchier to mainstream.",
                "service_name": "twitter",
                "service_url": "https:\/\/twitter.com\/",
                "from_url": "https:\/\/twitter.com\/ryanxcharles\/status\/660174988989763584",
                "id": 1
            }
        ],
        "ts": "1446239573.000275",
        "reactions": [
            {
                "name": "+1",
                "users": [
                    "U08ERPTQF",
                    "U0DFQM8NM"
                ],
                "count": 2
            }
        ]
    },
    {
        "type": "message",
        "user": "U08EZP01H",
        "text": "Linguistic jujitsu. A smart idea; I'll follow suit.",
        "ts": "1446240111.000277"
    },
    {
        "type": "message",
        "user": "U08C464NS",
        "text": "<@U07GDL0H5>: What are you aiming to get out of the Launch incubator?",
        "ts": "1446248111.000278"
    },
    {
        "type": "message",
        "user": "U07GDL0H5",
        "text": "not sure ... to be honest i applied mostly because i liked jason calacanis. people have recommended YC is the only accelerator worth going to. i will try to get input from other LAUNCH founders to see if it might be worth doing.",
        "ts": "1446248308.000279"
    },
    {
        "type": "message",
        "user": "U07GDL0H5",
        "text": "FWIW the probability of getting funded after LAUNCH is pretty high, just not on terms as good as YC",
        "ts": "1446248337.000280"
    },
    {
        "type": "message",
        "user": "U07GDL0H5",
        "text": "well at least that is according to jason calacanis, who might be biased :simple_smile:",
        "ts": "1446248351.000281"
    },
    {
        "type": "message",
        "user": "U08C464NS",
        "text": "I've never met the guy, but there's something about him that doesn't sit right. Totally could be my perception though",
        "ts": "1446248410.000282"
    },
    {
        "type": "message",
        "user": "U08C464NS",
        "text": "You ever see <https:\/\/en.wikipedia.org\/wiki\/Jason_Calacanis#Controversy> ? The bit about Leo Laporte and how he stole the name",
        "ts": "1446248495.000283"
    },
    {
        "type": "message",
        "user": "U07GDL0H5",
        "text": "i don't see anything particularly damning there. they all seem pretty minor.",
        "ts": "1446248597.000284"
    },
    {
        "type": "message",
        "user": "U08C464NS",
        "text": "ok, well as long as you know",
        "ts": "1446248804.000285"
    },
    {
        "type": "message",
        "user": "U08BY8MGV",
        "text": "Also 500 startups could be worth looking into. They've had some wins",
        "ts": "1446250450.000286"
    },
    {
        "type": "message",
        "user": "U07GDL0H5",
        "text": "i may have missed the 500 startups deadline ... it says applications are closed right nwo",
        "ts": "1446259837.000287"
    }
]