[
    {
        "type": "message",
        "user": "U0AV4U333",
        "text": "<@U08EZP01H>: I\u2019ve done both TechStars &amp; YC with friends in 500 and YC is the best accelerator today",
        "ts": "1446399154.000294"
    },
    {
        "type": "message",
        "user": "U0AV4U333",
        "text": "TS has less large wins, less supportive network, and is less sophisticated overall",
        "ts": "1446399183.000295"
    },
    {
        "type": "message",
        "user": "U0AV4U333",
        "text": "also the YC ecosystem is by far the most supportive and will help you land big wins immediately",
        "ts": "1446399211.000296"
    },
    {
        "type": "message",
        "user": "U0AV4U333",
        "text": "and it makes it much easier to test your business",
        "ts": "1446399220.000297"
    },
    {
        "type": "message",
        "user": "U0AV4U333",
        "text": "plus the continuity fund is a huge huge win for future companies as well as the YC Research lab over long term",
        "ts": "1446399312.000298"
    },
    {
        "type": "message",
        "user": "U08EZP01H",
        "text": "Thanks for the info. It's good to hear from someone who's seen it first hand. In the midwest, you turn down accelerators usually. The feeling out there is 'A teams execute, B teams join accelerators' but the ecosystem was entirely different that what I see here in Seattle.",
        "ts": "1446399376.000299"
    },
    {
        "type": "message",
        "user": "U0AV4U333",
        "text": "because accelerators over there are run by \u201cB\u201d players",
        "ts": "1446399403.000300"
    },
    {
        "type": "message",
        "user": "U08EZP01H",
        "text": "Yes. Unsophisticated money is what drives the brain drain still.",
        "ts": "1446399420.000301"
    },
    {
        "type": "message",
        "user": "U0AV4U333",
        "text": "it\u2019s insane how unsophisticated the midwestern investors are",
        "ts": "1446399442.000302"
    },
    {
        "type": "message",
        "user": "U0AV4U333",
        "text": "and how little value they add",
        "ts": "1446399446.000303"
    }
]