[
    {
        "type": "message",
        "user": "U07GDL0H5",
        "text": "How did the US government solve the bootstrapping problem for the dollar? <https:\/\/twitter.com\/ryanxcharles\/status\/642067581789077504>",
        "attachments": [
            {
                "fallback": "<https:\/\/twitter.com\/ryanxcharles|@ryanxcharles>: How did the US Government solve the bootstrapping problem for the dollar?",
                "ts": 1441915815,
                "author_name": "Ryan X. Charles",
                "author_link": "https:\/\/twitter.com\/ryanxcharles\/status\/642067581789077504",
                "author_icon": "https:\/\/pbs.twimg.com\/profile_images\/2843317961\/06eecfd8db67d57ed4c5718c8db35aa5_normal.jpeg",
                "author_subname": "@ryanxcharles",
                "text": "How did the US Government solve the bootstrapping problem for the dollar?",
                "service_name": "twitter",
                "service_url": "https:\/\/twitter.com\/",
                "from_url": "https:\/\/twitter.com\/ryanxcharles\/status\/642067581789077504",
                "id": 1
            }
        ],
        "ts": "1441917517.000033"
    },
    {
        "type": "message",
        "user": "U08EZP01H",
        "text": "Maybe some clues? <https:\/\/en.wikipedia.org\/wiki\/Demand_Note#Pre-issuance>",
        "ts": "1441918044.000035",
        "reactions": [
            {
                "name": "+1",
                "users": [
                    "U08ERPTQF",
                    "U07GDL0H5",
                    "U08D641AP"
                ],
                "count": 3
            }
        ]
    },
    {
        "type": "message",
        "user": "U08EZP01H",
        "text": "\"One response from Congress was the Act of July 17, 1861, which allowed for $250,000,000 to be borrowed on the credit of the United States. Of this sum, up to $50,000,000 was authorized as non-interest bearing Treasury Notes, payable upon demand, in denominations less than fifty dollars and not less than ten dollars.[6] These were called Demand Notes to distinguish them from the interest-bearing Treasury Notes in existence at the time.\"",
        "ts": "1441918051.000036"
    },
    {
        "type": "message",
        "user": "U08EZP01H",
        "text": "After that they just started paying debts in notes.",
        "ts": "1441918116.000037"
    },
    {
        "type": "message",
        "user": "U08EZP01H",
        "text": "The paragraph on Post-Issuance is great too.",
        "ts": "1441918145.000038"
    }
]