[
    {
        "user": "U0E84CA4D",
        "type": "message",
        "subtype": "channel_join",
        "text": "<@U0E84CA4D|mattmckibbin> has joined the channel",
        "ts": "1447180290.000002"
    },
    {
        "type": "message",
        "user": "U0E84CA4D",
        "text": "Hey all! I just wanted to introduce myself.  I am a partnership consultant for the formerly named Coin Congress into the new brand d10e (<http:\/\/d10e.org|d10e.org>) We are a community, conference, and network for those passionate about decentralization.  Our upcoming event is in Amsterdam February 17-18th.",
        "ts": "1447180575.000003"
    },
    {
        "type": "message",
        "user": "U07GDL0H5",
        "text": "welcome :simple_smile:",
        "ts": "1447194196.000004"
    }
]