[
    {
        "user": "U095A29EK",
        "type": "message",
        "subtype": "channel_join",
        "text": "<@U095A29EK|essofluffy> has joined the channel",
        "ts": "1439750992.000379"
    },
    {
        "type": "message",
        "user": "U094X6WUT",
        "text": "As a person, who has only watched Bitcoin from afar until very recently this looks like a point where it has to prove itself as a currency people trust. It's going to be interesting how the community and general society handles the fork, as I understand the technology is solid via XT. The profit possibilities via double spending sound pretty crazy though, wonder whether big capital will go in and out quickly...",
        "ts": "1439752445.000380"
    },
    {
        "type": "message",
        "user": "U08F438SK",
        "text": "Re: XT I think the discussion should never be censored, but I do worry we are weakening the case for the 21M cap on Bitcoins being a hard cap",
        "ts": "1439753108.000381"
    },
    {
        "type": "message",
        "user": "U08F438SK",
        "text": "Why can't a coalition of miners just push forward with a new client which prints more BTC once they are practiced at these hard fork upgrades",
        "ts": "1439753149.000382"
    },
    {
        "type": "message",
        "user": "U08F438SK",
        "text": "\"We need more inflation to keep adoption high and to compete with BoogeyCoin \" etc",
        "ts": "1439753199.000383"
    },
    {
        "type": "message",
        "user": "U08F438SK",
        "text": "And if 21M cap is not firm, how much could it move? How can we possibly justify a $\/BTC in hundreds of $ without cap? ",
        "ts": "1439753268.000384"
    },
    {
        "type": "message",
        "user": "U095A29EK",
        "text": "Wouldn't \"printing\" more Bitcoins devalue current Bitcoins and therefore provide an economic incentive not to do that?",
        "ts": "1439753307.000385"
    },
    {
        "type": "message",
        "user": "U08F438SK",
        "text": "This batch of miners wouldn't but imagine miners in future who have sold their BTC to highly liquid market as they mined it",
        "ts": "1439753358.000386"
    },
    {
        "type": "message",
        "user": "U08F438SK",
        "text": "They just want to get paid more than they make in Tx fees",
        "ts": "1439753371.000387"
    },
    {
        "type": "message",
        "user": "U08F438SK",
        "text": "But if those actors could have that motivation, it devalues BTC today",
        "ts": "1439753392.000388"
    },
    {
        "type": "message",
        "user": "U08F438SK",
        "text": "We're already seeing a price movement last 24hrs",
        "ts": "1439753408.000389"
    },
    {
        "type": "message",
        "user": "U07GDL0H5",
        "text": "i'm not sure, but i think it will be a lot harder to change the 21 M cap than changing the block size. a lot fewer people would be in favor of such a change. but it is social - any of the rules can change if people decide.",
        "ts": "1439753409.000390"
    },
    {
        "type": "message",
        "user": "U08F438SK",
        "text": "twobitidiot already called for it",
        "ts": "1439753445.000391"
    },
    {
        "type": "message",
        "user": "U08R1E07Q",
        "text": "<@U08DD8LNP>: for your comment yesterday: \"This exactly why it needs to be possible to fork a community without losing it\u2026\"",
        "ts": "1439753510.000392"
    },
    {
        "type": "message",
        "user": "U08F438SK",
        "text": "The argument is for another place but if we remove hardcap I would start feeling more comfortable at $2 \/ BTC or perhaps less, whereas now I am optimistic that equilibrium price is &gt;10x higher than now and it wouldn't blow my mind if it surged to 100x during a transition period",
        "ts": "1439753560.000393"
    },
    {
        "type": "message",
        "user": "U095A29EK",
        "text": "Doesn't that assume mining is done in the same way as it is today. We could end up with many more 21inc's, but not centralized.",
        "ts": "1439753565.000394"
    },
    {
        "type": "message",
        "user": "U095A29EK",
        "text": "This fork is going to be very interesting",
        "ts": "1439753652.000395"
    },
    {
        "type": "message",
        "user": "U08F438SK",
        "text": "Hope not! I want interesting developments on top of core infrastructure, not premature turbulence in core infrastructure before the ecosystem really takes off",
        "ts": "1439753804.000396"
    },
    {
        "type": "message",
        "user": "U08F438SK",
        "text": "<@U07GDL0H5>  I would hope that would be a more controversial change. But you're right that it's just a fact that these things are social, software can always be changed",
        "ts": "1439753889.000397"
    },
    {
        "type": "message",
        "user": "U08R1E07Q",
        "text": "<@U08DD8LNP>: ---sorry, don't know how to reply to specific message. Anyway, yesterday at the meeting, we were discussing the focus of, at least the initial launch, that this would be more focused on content creator economy than discussion board and the result would look closer to a decentralized, twitter with payments than a decentralized reddit with payments.  How do you think the community will respond to this? As the content creation community who needs to get paid is larger than discussion board and reddit communities, it looks like leaning toward that. Personally, I think that if twitter had a slightly different viewing pattern, it could be successfully used a discussion board and if reddit were better organized, it would be easier for content creators to use. I think with a little design help, we could try for a simpler tool that serves both communities.",
        "ts": "1439753979.000398"
    },
    {
        "type": "message",
        "user": "U095A29EK",
        "text": "Why would you want changes to the platform before it has to deal with a massive ecosystem?",
        "ts": "1439754080.000399"
    },
    {
        "type": "message",
        "user": "U08F438SK",
        "text": "Wouldn't?*",
        "ts": "1439754117.000400"
    },
    {
        "type": "message",
        "user": "U08F438SK",
        "text": "Once the ecosystem is there, if it breaks, we'll find a way to fix it. Before it exists, when it is a dream fueled by speculative efforts and money, if it gets shaken too much it may cease to be believed possible for a decade or two",
        "ts": "1439754212.000401"
    },
    {
        "type": "message",
        "user": "U08F438SK",
        "text": "Anyway I'm more excited than ever and all this talk aside I have bought some BTC during the dip. ",
        "ts": "1439754445.000402"
    },
    {
        "type": "message",
        "user": "U08F438SK",
        "text": "(Tiny dip at that, really, considering order imbalance; someone put a lot of limit buys in place yesterday)",
        "ts": "1439754495.000403"
    },
    {
        "type": "message",
        "user": "U08F438SK",
        "text": "(24hr volume on Bitfinex is up 400% , with 2.6 sell-to-buy ratio -- 21k BTC sold to 8k bought, but only &lt;3% dip )",
        "ts": "1439754721.000404"
    },
    {
        "type": "message",
        "user": "U08DD8LNP",
        "text": "<@U08R1E07Q>: I think the disaffected redditors would be understanding and still appreciative, reddit started without comments.",
        "ts": "1439756977.000405"
    },
    {
        "type": "message",
        "user": "U08ERPTQF",
        "text": "<@U08R1E07Q>: as long as Datt has content curation by both users and mods, then it can be used as a distributed Medium\/Twitter\/Reddit\/[Whatever]",
        "ts": "1439758267.000406"
    },
    {
        "type": "message",
        "user": "U095A29EK",
        "text": "What type of powers would Datt moderators have over the communities they moderate?",
        "ts": "1439758328.000407"
    },
    {
        "type": "message",
        "user": "U08ERPTQF",
        "text": "<@U08R1E07Q>: it wasn't so clear from your post, what exactly is getting descoped? Is it the concept of having a board or channel?\nBTW I totally agree with your last point about a different viewing pattern that fits between twitter and reddit, and personally believe this is the path we are on with Datt already :simple_smile:",
        "edited": {
            "user": "U08ERPTQF",
            "ts": "1439758497.000000"
        },
        "ts": "1439758485.000408"
    },
    {
        "type": "message",
        "user": "U08R1E07Q",
        "text": "It sounded that channel functionality was leaning less towards moderated subreddit-type channels and more like youtube user channels that people would say follow or subscribe to - this is where the discussion channel-style content with communal moderation disappears a bit. I suppose the discussion board style still exists, but no down votes and it would look like twitter conversations.",
        "ts": "1439759034.000410"
    },
    {
        "type": "message",
        "user": "U08ERPTQF",
        "text": "for sure the communal moderation takes a bit of a back seat, but it's still there and the best mods will have a big following. Back in the day when twitter introduced public lists, there was a sense of I should follow that person's public list on TopicX because they've already done the work to discover those people posting good content about TopicX - Datt takes it a bit further in that the Listings are on a per post level rather than individual authors\/creators",
        "ts": "1439759319.000411"
    },
    {
        "type": "message",
        "user": "U08F438SK",
        "text": "Makes sense. I think initially we're just implementing listings and treating them 1-1 W\/ \"users\" in UI",
        "ts": "1439760461.000412"
    },
    {
        "type": "message",
        "user": "U08F438SK",
        "text": "Then we can provide UI for sharing access to a listing, creating a listing w\/out moderation, then could do <@U08DD8LNP> 's full collectives as views based on multiple listings",
        "ts": "1439760563.000413"
    },
    {
        "type": "message",
        "user": "U08F438SK",
        "text": "Meant to write \"for sharing access to a listing, creating a collective W\/out moderation\"",
        "ts": "1439760612.000414"
    },
    {
        "type": "message",
        "user": "U08DD8LNP",
        "text": "listings are moderation :wink: it\u2019s just a matter of how you treat them.",
        "ts": "1439760616.000415"
    },
    {
        "type": "message",
        "user": "U08DD8LNP",
        "text": "ah yeah that makes more sense",
        "ts": "1439760621.000416"
    },
    {
        "user": "U08T3P50D",
        "type": "message",
        "subtype": "channel_join",
        "text": "<@U08T3P50D|yanislav> has joined the channel",
        "ts": "1439774368.000417"
    },
    {
        "type": "message",
        "user": "U08F438SK",
        "text": " @lopp just tweeted us in reference to \/r\/Bitcoin debate: <https:\/\/twitter.com\/lopp\/status\/633092055716249601?s=09> gotta get this up now!",
        "ts": "1439776332.000418"
    },
    {
        "type": "message",
        "user": "U08F438SK",
        "text": ":wink: by now I mean as fast as we can.  will push something bringing us closer to MVP stuff we talked about yesterday sooooon. It's exciting to have this community to test with",
        "ts": "1439776482.000419",
        "reactions": [
            {
                "name": "+1",
                "users": [
                    "U07GDL0H5",
                    "U08ERPTQF",
                    "U094X6WUT",
                    "U08DD8LNP"
                ],
                "count": 4
            }
        ]
    }
]