[
    {
        "type": "message",
        "user": "U08DD8LNP",
        "text": "does anyone want a <https:\/\/keybase.io> invite?  I have a few",
        "attachments": [
            {
                "text": "Public key crypto for everyone, publicly auditable proofs of identity.",
                "fallback": "Public key crypto for everyone, publicly auditable proofs of identity.",
                "image_url": "https:\/\/keybase.io\/images\/chalkboard_900_630.png",
                "image_width": 357,
                "image_height": 250,
                "from_url": "https:\/\/keybase.io",
                "image_bytes": 217784,
                "id": 1
            }
        ],
        "ts": "1438505451.000097"
    },
    {
        "type": "message",
        "user": "U08C9ML1Y",
        "text": "send one my way plz",
        "ts": "1438519389.000099"
    },
    {
        "user": "U08FSH97D",
        "type": "message",
        "subtype": "channel_join",
        "text": "<@U08FSH97D|matan.field> has joined the channel",
        "ts": "1438524251.000100"
    },
    {
        "type": "message",
        "user": "U08F2RTCN",
        "text": "Need one too <@U08DD8LNP> .Ty",
        "ts": "1438530317.000101"
    },
    {
        "user": "U08FTT15M",
        "type": "message",
        "subtype": "channel_join",
        "text": "<@U08FTT15M|sujatamenon> has joined the channel",
        "ts": "1438531002.000102"
    },
    {
        "user": "U08FVLJR4",
        "type": "message",
        "subtype": "channel_join",
        "text": "<@U08FVLJR4|akshithg> has joined the channel",
        "ts": "1438538436.000103"
    },
    {
        "user": "U08FW063C",
        "type": "message",
        "subtype": "channel_join",
        "text": "<@U08FW063C|jordan> has joined the channel",
        "ts": "1438539532.000104"
    },
    {
        "user": "U08FWU9ST",
        "type": "message",
        "subtype": "channel_join",
        "text": "<@U08FWU9ST|primavera> has joined the channel",
        "ts": "1438543831.000105"
    },
    {
        "type": "message",
        "user": "U08DD8LNP",
        "text": "<@U08C9ML1Y>: <@U08F2RTCN> PM me what email you want the invite sent to",
        "ts": "1438544153.000106"
    },
    {
        "type": "message",
        "user": "U08DN0E5S",
        "text": "<@U07GDL0H5> I'm downstairs",
        "ts": "1438546179.000107"
    },
    {
        "type": "message",
        "user": "U08DN0E5S",
        "text": "Got in!",
        "ts": "1438547230.000108"
    },
    {
        "type": "message",
        "user": "U08EZP01H",
        "text": "How can I work with the blue angels in the city? Best distraction.",
        "ts": "1438547795.000109"
    }
]