[
    {
        "type": "message",
        "user": "U08BY8MGV",
        "text": "Hey Everyone - Changetip is willing to host the group on Sat August 16th at their office. Until we can find a permanent working space,  many btc companies might be willing to do this. Are we interested in Changetip's offer? Do we want to wait and decide or go ahead and lock this down?",
        "ts": "1438793142.003556"
    },
    {
        "type": "message",
        "user": "U07GDL0H5",
        "text": "um, yes! <@U08BY8MGV>",
        "ts": "1438796774.003557"
    },
    {
        "type": "message",
        "user": "U07GDL0H5",
        "text": "that is, we do want to accept the offer and be there on the 16th :simple_smile:",
        "ts": "1438796812.003558"
    },
    {
        "type": "message",
        "user": "U07GDL0H5",
        "text": "we can still talk with other btc companies as well and maybe hang out at some other places at other times",
        "ts": "1438796866.003559"
    },
    {
        "type": "message",
        "user": "U08BY8MGV",
        "text": "What are reasonable hours? 12 to 6?",
        "ts": "1438796896.003560"
    },
    {
        "type": "message",
        "user": "U07GDL0H5",
        "text": "yeah that sounds pretty reasonable to me",
        "ts": "1438796911.003561"
    },
    {
        "type": "message",
        "user": "U08BY8MGV",
        "text": "Cool. I'll coordinate with them and then send out a meeting invite on slack",
        "ts": "1438797873.003562"
    }
]