[
    {
        "user": "U08F438SK",
        "type": "message",
        "subtype": "channel_join",
        "text": "<@U08F438SK|willy> has joined the channel",
        "ts": "1439286629.000126"
    },
    {
        "type": "message",
        "user": "U08DD8LNP",
        "text": "<https:\/\/archive.is\/20150811145244\/https:\/\/np.reddit.com\/r\/offmychest\/comments\/3gk56y\/i_get_paid_to_chat_on_reddit\/>",
        "attachments": [
            {
                "service_name": "archive.is",
                "title": "I get Paid to Chat on Reddit : offmychest",
                "title_link": "https:\/\/archive.is\/20150811145244\/https:\/\/np.reddit.com\/r\/offmychest\/comments\/3gk56y\/i_get_paid_to_chat_on_reddit\/",
                "text": "archived 11 Aug 2015 14:52:44 UTC",
                "fallback": "archive.is: I get Paid to Chat on Reddit : offmychest",
                "thumb_url": "https:\/\/archive.today\/JkqQ6\/e9713f67a999ae20628df1747766ee436992f7ee\/scr.png",
                "from_url": "https:\/\/archive.is\/20150811145244\/https:\/\/np.reddit.com\/r\/offmychest\/comments\/3gk56y\/i_get_paid_to_chat_on_reddit\/",
                "thumb_width": 1024,
                "thumb_height": 768,
                "id": 1
            }
        ],
        "ts": "1439325069.000127"
    },
    {
        "type": "message",
        "user": "U08DD8LNP",
        "text": "that\u2019s a usage pattern we may want to consider with our incentive\/cost structures.  Whether or not that specific claim is legit it\u2019s pretty well agreed that this happens to some degree.  That user got shadowbanned btw",
        "ts": "1439325115.000129"
    },
    {
        "type": "message",
        "user": "U08EZP01H",
        "text": "<@U08DD8LNP>: The influence of think tanks and PR groups on online discussion is most likely a bigger issue than anyone realizes. In 2011, there was a rash of articles around the idea of creating 'sock puppet' accounts to frame online discussion. Just last week we saw \"What happens in the hour after you drink Coke\" and then, just days later, a sarcastic \"What happens in the hour after you drink Kale\"... except it even had the logo of a think tank company on Coke's payroll. Make me almost not want to go looking...",
        "ts": "1439327910.000130"
    },
    {
        "type": "message",
        "user": "U08EZP01H",
        "text": "That being said, how might one mitigate what's essentially a Fox News Sybil attack?",
        "ts": "1439327970.000131"
    },
    {
        "type": "message",
        "user": "U08C464NS",
        "text": "What would the incentive be for the mods to block this sort of paid promotional stuff if they are getting money? Wouldn't that be relying on their good will?",
        "ts": "1439327998.000132"
    },
    {
        "type": "message",
        "user": "U08ERPTQF",
        "text": "<@U08DD8LNP>: yep worth considering. However it's hard to differentiate between someone exercising their right to speak freely and someone that has sold their right in order to speak on behalf of another.",
        "ts": "1439328042.000133"
    },
    {
        "type": "message",
        "user": "U08DD8LNP",
        "text": "<@U08ERPTQF>: totally, its not something that you can fully eliminate",
        "ts": "1439328070.000134"
    },
    {
        "type": "message",
        "user": "U08EZP01H",
        "text": "Maybe we just need \"Content Seal Team 6\" to just fight the tide of bullshit.",
        "ts": "1439328083.000135"
    },
    {
        "type": "message",
        "user": "U08C464NS",
        "text": "Could there be a way to punish mods if a large enough contingent of users disliked a post?",
        "ts": "1439328085.000136"
    },
    {
        "type": "message",
        "user": "U08DD8LNP",
        "text": "basically we have to approach it like spam, and make it costly to do, and at least beneficial to others for happening",
        "ts": "1439328090.000137"
    },
    {
        "type": "message",
        "user": "U08C464NS",
        "text": "That could be their incentive to stay on top of things. Though I bet co-ordinated disliking could be paid for too",
        "ts": "1439328153.000138"
    },
    {
        "type": "message",
        "user": "U08DD8LNP",
        "text": "yeah I don\u2019t think programatically punishing moderators is a good idea",
        "ts": "1439328189.000139"
    },
    {
        "type": "message",
        "user": "U08DD8LNP",
        "text": "all we need is a way for users to escape\/improve bad moderation for themselves and others",
        "ts": "1439328210.000140",
        "reactions": [
            {
                "name": "+1",
                "users": [
                    "U08ERPTQF"
                ],
                "count": 1
            }
        ]
    },
    {
        "type": "message",
        "user": "U08EZP01H",
        "text": "Could communities have something akin to a slush fund?",
        "ts": "1439328216.000141"
    },
    {
        "type": "message",
        "user": "U08DD8LNP",
        "text": "I like the idea of having a percentage of the costs associated with participation being redistributed to the communities participants",
        "ts": "1439328248.000142"
    },
    {
        "type": "message",
        "user": "U08EZP01H",
        "text": "Or would you just end up with a fund for witch hunts?",
        "ts": "1439328249.000143"
    },
    {
        "type": "message",
        "user": "U08DD8LNP",
        "text": "likely a difficult thing to automate though",
        "ts": "1439328262.000144"
    },
    {
        "type": "message",
        "user": "U08DD8LNP",
        "text": "but with that, at least the shills are paying people to listen to them",
        "ts": "1439328270.000145"
    },
    {
        "type": "message",
        "user": "U08DD8LNP",
        "text": "if we support free speech, shilling is also a form of speech and ought to be allowed, but for quality reasons it should likely be prohibitively costly to do at scale",
        "ts": "1439328321.000146"
    },
    {
        "type": "message",
        "user": "U08EZP01H",
        "text": "Keeps taking me back to wishing for a solid rep system to build on.",
        "ts": "1439328324.000147"
    },
    {
        "type": "message",
        "user": "U08C464NS",
        "text": "rep systems can be gamed too",
        "ts": "1439328353.000148"
    },
    {
        "type": "message",
        "user": "U08EZP01H",
        "text": "We need the bitcoin of rep systems :simple_smile:",
        "ts": "1439328365.000149"
    },
    {
        "type": "message",
        "user": "U08ERPTQF",
        "text": "In an incentive system anything\/one can be bought, so we rely on giving users a choice and giving users a voice",
        "ts": "1439328418.000150"
    },
    {
        "type": "message",
        "user": "U08DD8LNP",
        "text": "You can remove everything before \u201canything\u201d in that sentence and it\u2019s still just as true",
        "ts": "1439328465.000151"
    },
    {
        "type": "message",
        "user": "U08DD8LNP",
        "text": "money is influence, we can at best mitigate the negative effects it has on discourse",
        "ts": "1439328497.000152"
    },
    {
        "type": "message",
        "user": "U08ERPTQF",
        "text": "With advances in sentiment analysis &amp; natural language generation, this problem is going to get much bigger as the PR shills are no longer constrained by how many temps they can cram in a room",
        "ts": "1439328520.000153"
    },
    {
        "type": "message",
        "user": "U08C464NS",
        "text": "maybe a way to look for automated voting\/paying?",
        "ts": "1439328535.000154"
    },
    {
        "type": "message",
        "user": "U08C464NS",
        "text": "since time is an important part of what is on the frontpage or top of a board.",
        "ts": "1439328570.000155"
    },
    {
        "type": "message",
        "user": "U08C464NS",
        "text": "they wouldn't have as much incentive to bump up something slowly if it's going to fall off the top spots",
        "ts": "1439328612.000156"
    },
    {
        "type": "message",
        "user": "U08EZP01H",
        "text": "The implication of giving full choice of information to the users is that we ask them to have competency in filtering information that is\/isn't good for them (accurate). Most of our country does not know how to do this, and that is the reason why PR shills do what they do.",
        "ts": "1439328731.000157"
    },
    {
        "type": "message",
        "user": "U08EZP01H",
        "text": "Is that sound logic?",
        "ts": "1439328751.000158"
    },
    {
        "type": "message",
        "user": "U08DD8LNP",
        "text": "it\u2019s more accurate to say we give the users full choice of who they delegate to filter for them",
        "ts": "1439328757.000159"
    },
    {
        "type": "message",
        "user": "U08DD8LNP",
        "text": "or not to delegate at all",
        "ts": "1439328766.000160"
    },
    {
        "type": "message",
        "user": "U08EZP01H",
        "text": "that's a great point.",
        "ts": "1439328768.000161"
    },
    {
        "type": "message",
        "user": "U08DD8LNP",
        "text": "and the crucial difference is we plan to make that choice of delegation not limit the incoming pool of content, just the curation of it so you don\u2019t get network effects for curators",
        "ts": "1439328815.000162"
    },
    {
        "type": "message",
        "user": "U08DD8LNP",
        "text": "curators succeed or fail on their choices, not the size of their own growth (though that will play some effect due to word of mouth at a minimum)",
        "ts": "1439328845.000163"
    },
    {
        "type": "message",
        "user": "U08C464NS",
        "text": "You're right. Even if mods don't stop paid promotions because they are getting paid for it, then over time the users will disappear, leaving them with less",
        "ts": "1439328896.000164"
    },
    {
        "type": "message",
        "user": "U08C464NS",
        "text": "The way predators don't go around killing 24\/7 because they'd eventually starve",
        "ts": "1439328929.000165"
    },
    {
        "type": "message",
        "user": "U08C464NS",
        "text": "Shills pay for content on a board &gt; Mods let it slide\/get paid &gt; Users enjoy the board less and leave &gt; Shills also leave because their potential audience disappears",
        "ts": "1439329210.000166"
    },
    {
        "type": "message",
        "user": "U08EZP01H",
        "text": "That's a good explanation. Perhaps even a mod gets 'found out' and there's an exodus.",
        "ts": "1439329313.000167"
    },
    {
        "type": "message",
        "user": "U08EZP01H",
        "text": "Depending on each community culture, etc.",
        "ts": "1439329324.000168"
    },
    {
        "type": "message",
        "user": "U08C464NS",
        "text": "Yeah man :simple_smile:. You know I'm excited just to see how this all plays out. It's a psychological and economic testbed",
        "ts": "1439329526.000169"
    },
    {
        "type": "message",
        "user": "U08C464NS",
        "text": "Many people want stuff for free, so it will be interesting to see whether they are greedy or generous. Whether the content quality increases or decreases",
        "ts": "1439329670.000170"
    },
    {
        "type": "message",
        "user": "U08CG8V89",
        "text": "without intending to either sound like a broken record or spam, why can't it work like this: <http:\/\/valme.io\/c\/gettingstarted\/faq\/5qqqs\/whats-a-modqueue-what-are-moderators-mods>? tl\/dr: puppet accounts upvote their posts (which transfers bitcoin to the OP). users flag the posts as spam (or something). the mods agree and remove from their node. as a result of the mod's action, the users who flagged the content each split the full amount the OP received (from the OP of course, as he loses it). but, to prevent brigading, you charge the users for flagging",
        "attachments": [
            {
                "text": "FAQ - 'nuff said | valME. Put value in. Get value out.",
                "fallback": "FAQ - 'nuff said | valME. Put value in. Get value out.",
                "from_url": "http:\/\/valme.io\/c\/gettingstarted\/faq\/5qqqs\/whats-a-modqueue-what-are-moderators-mods",
                "id": 1
            }
        ],
        "ts": "1439329894.000171"
    },
    {
        "type": "message",
        "user": "U07GDL0H5",
        "text": "<@U08CG8V89>: i only see how to do that in a centralized manner, or with a more complicated payment scheme. sounds like a good idea if we can make it work.",
        "ts": "1439329956.000173"
    },
    {
        "type": "message",
        "user": "U07GDL0H5",
        "text": "i.e., if you pay directly to the user, you can't \"take back\" the funds and give them to someone else",
        "ts": "1439329971.000174"
    },
    {
        "type": "message",
        "user": "U08CG8V89",
        "text": "i don't think it's specific only to a centralized solution. for example, all upvotes could go into a waiting pool to be paid out (based on the node's specific rules even)",
        "ts": "1439330030.000175"
    },
    {
        "type": "message",
        "user": "U08CG8V89",
        "text": "once the date passes, if no one has flagged it or if the mod has said it shouldn't be banned, the funds are released to the OP",
        "ts": "1439330062.000176"
    },
    {
        "type": "message",
        "user": "U08CG8V89",
        "text": "it's effectively a bitcoin contract with a timeframe defined",
        "ts": "1439330098.000177"
    },
    {
        "type": "message",
        "user": "U08C464NS",
        "text": "how would that stop flag spamming?",
        "ts": "1439330105.000178"
    },
    {
        "type": "message",
        "user": "U08C464NS",
        "text": "you could flood the mods with too much work that they are overwhelmed",
        "ts": "1439330121.000179"
    },
    {
        "type": "message",
        "user": "U08CG8V89",
        "text": "because you make flagging cost bitcoin <@U08C464NS>",
        "ts": "1439330126.000180"
    },
    {
        "type": "message",
        "user": "U07GDL0H5",
        "text": "interesting. yeah there may be a better way to do it then. maybe you use nlocktime to make the payment to the user not valid yet ... and have another tx that double spends sending the funds to a some other kind of contract that requires being spent by mods ... maybe.",
        "ts": "1439330154.000181"
    },
    {
        "type": "message",
        "user": "U08CG8V89",
        "text": "and, additionally, if the mods agree with the flagging users, the users could get the cost to flag back",
        "ts": "1439330156.000182"
    },
    {
        "type": "message",
        "user": "U08C464NS",
        "text": "interesting",
        "ts": "1439330185.000183"
    }
]