[
    {
        "user": "U08K9N7PU",
        "type": "message",
        "subtype": "channel_join",
        "text": "<@U08K9N7PU|bitappend> has joined the channel",
        "ts": "1438977300.000093"
    },
    {
        "type": "message",
        "user": "U08DH3ESU",
        "text": "I put together a document which contains all the ideas mentioned about building a community along with a few thoughts of my own. Please find it at <https:\/\/github.com\/dattnetwork\/dattdocs\/blob\/master\/community>. (Some formatting is pending)",
        "attachments": [
            {
                "service_name": "GitHub",
                "title": "dattnetwork\/dattdocs",
                "title_link": "https:\/\/github.com\/dattnetwork\/dattdocs\/blob\/master\/community",
                "text": "dattdocs - Document all the things.",
                "fallback": "GitHub: dattnetwork\/dattdocs",
                "thumb_url": "https:\/\/avatars0.githubusercontent.com\/u\/13266895?v=3&s=400",
                "from_url": "https:\/\/github.com\/dattnetwork\/dattdocs\/blob\/master\/community",
                "thumb_width": 214,
                "thumb_height": 214,
                "id": 1
            }
        ],
        "ts": "1439014877.000094"
    },
    {
        "type": "message",
        "user": "U08ERPTQF",
        "text": "<@U08DH3ESU>: best to use Markdown formatting for Datt docs",
        "ts": "1439016300.000096"
    },
    {
        "type": "message",
        "user": "U08DH3ESU",
        "text": "Yes. <@U07GDL0H5> mentioned that yesterday. Will update. ",
        "ts": "1439016377.000097"
    }
]