[
    {
        "type": "message",
        "user": "U08BY8MGV",
        "text": "Just updated the mocks so the symbol is an upvote instead of a + sign. Now as long as we display the price of an upvote at the top, will it be clear to the users?",
        "ts": "1440317391.000542"
    },
    {
        "type": "message",
        "user": "U08F438SK",
        "text": "looks clear to me",
        "ts": "1440320058.000543"
    },
    {
        "type": "message",
        "user": "U08ERPTQF",
        "text": "Yep pretty clear in your mockup. However, <@U08C464NS> was pretty keen on having a dot in his design instead of an up arrow. So we probably need to reconcile the differences",
        "ts": "1440320582.000544"
    },
    {
        "type": "message",
        "user": "U08C464NS",
        "text": "I think either could work. I was more concerned with having points and up\/down arrows that'd clutter everything",
        "ts": "1440320738.000545"
    },
    {
        "type": "message",
        "user": "U08ERPTQF",
        "text": "Cool, so a simple up arrow works :)",
        "ts": "1440320794.000546"
    },
    {
        "type": "message",
        "user": "U08C464NS",
        "text": "you could set it up so that the first time users get an onscreen notification telling them how it works, and they could continue to get them until they tell it to hide",
        "ts": "1440320795.000547"
    },
    {
        "type": "message",
        "user": "U08ERPTQF",
        "text": "Yea <@U08EZP01H> &amp; <@U08DD8LNP> mocked up that sort of intro UI last week",
        "ts": "1440320838.000548"
    },
    {
        "type": "message",
        "user": "U08C464NS",
        "text": "k",
        "ts": "1440320852.000549"
    },
    {
        "type": "message",
        "user": "U08BY8MGV",
        "text": "Another thing that needs to be addressed is the distinction between a user profile page and a hashtag with the same name. For example, Paul Krugman creates a user name like this: paulkrugman. However, users create a #hashtag like this: #paulkrugman. How will they conflict and will users be confused? The hashtag will not necessarily contain things posted by Paul Krugman himself",
        "ts": "1440359736.000550"
    },
    {
        "type": "message",
        "user": "U08ERPTQF",
        "text": "<@U08BY8MGV>: good point. At this stage we don't have any identities tied to users, so it's not an issue. To do user profile pages requires some centralization and profile information doesn't propagate across P2P very well. When you are following a person, you are asking the network to provide all content that is signed by that person's key. When you are following a hashtag, you are asking the network to filter content that matches a certain rule (i.e. contains #paulkrugman but not #paulkrugmanAMA)",
        "ts": "1440363081.000551"
    },
    {
        "type": "message",
        "user": "U08DH3ESU",
        "text": "Assuming that users are able to create identities, I would imagine that the difference between #user and user should work exactly as the way twitter handles it today. At a full node level, we anyway have a public address associated with an account. So, storing another field which has a alphanumeric name associated should not be difficult though it would be very difficult to guarantee its uniqueness.Maybe we should use something like Onename if someone wants to establish an identity for themselves.",
        "ts": "1440380077.000552"
    },
    {
        "type": "message",
        "user": "U08ERPTQF",
        "text": "<@U08DH3ESU>: if you consider that Twitter has a \"Display Name\" that maps to a \"User Handle\", it's not necessarily required that we have \"Display Name\" -&gt; \"User Handle\" -&gt; \"Public Address\". We could just map \"Display Name\" -&gt; \"Public Address\"... This avoids enforcing uniqueness of user handles. The only thing lost is the ability to mention users by their handle, but this didn't stop Facebook from adopting mentions ",
        "edited": {
            "user": "U08ERPTQF",
            "ts": "1440380543.000000"
        },
        "ts": "1440380498.000553"
    },
    {
        "type": "message",
        "user": "U08DH3ESU",
        "text": "True; agreed. We basically have an public address associated with an user. How we use it is a matter of policy.",
        "ts": "1440380774.000555"
    },
    {
        "type": "message",
        "user": "U08ERPTQF",
        "text": "Exactly. So far we've managed to avoid any dependencies on other projects - except perhaps lightning. This is good as we are likely to need flexibility when building v2 or pivoting :)",
        "ts": "1440380972.000556"
    }
]