[
    {
        "user": "U08ERPTQF",
        "type": "message",
        "subtype": "channel_join",
        "text": "<@U08ERPTQF|paul_xbt> has joined the channel",
        "ts": "1438664134.000002"
    },
    {
        "user": "U08ERPTQF",
        "purpose": "ideas how to get content in and out of Datt",
        "type": "message",
        "subtype": "channel_purpose",
        "text": "<@U08ERPTQF|paul_xbt> set the channel purpose: ideas how to get content in and out of Datt",
        "ts": "1438664135.000003"
    },
    {
        "user": "U08EZP01H",
        "inviter": "U08ERPTQF",
        "type": "message",
        "subtype": "channel_join",
        "text": "<@U08EZP01H|darrenm> has joined the channel",
        "ts": "1438664174.000004"
    },
    {
        "user": "U08E5P0BZ",
        "inviter": "U08ERPTQF",
        "type": "message",
        "subtype": "channel_join",
        "text": "<@U08E5P0BZ|georgevaccaro> has joined the channel",
        "ts": "1438664174.000005"
    },
    {
        "user": "U07GDL0H5",
        "inviter": "U08ERPTQF",
        "type": "message",
        "subtype": "channel_join",
        "text": "<@U07GDL0H5|ryanxcharles> has joined the channel",
        "ts": "1438664175.000006"
    },
    {
        "type": "message",
        "user": "U07GDL0H5",
        "text": "on \"getting content into and out of datt\" ... if you're using a web app, should be easy to switch to <http:\/\/OtherDattNode.com|OtherDattNode.com> and authenticate and still have your data",
        "ts": "1438664247.000007"
    },
    {
        "type": "message",
        "user": "U07GDL0H5",
        "text": "of course we could conceivably autopost stuff elsewhere, or autoimport things.",
        "ts": "1438664284.000008"
    },
    {
        "type": "message",
        "user": "U07GDL0H5",
        "text": "and of course if you're running your own node, all your data is there. even in the web app, your data should be stored client-side in IndexedDB.",
        "ts": "1438664312.000009"
    },
    {
        "type": "message",
        "user": "U07GDL0H5",
        "text": "other types of integrations are e.g. twitter or facebook login.",
        "ts": "1438664347.000010"
    },
    {
        "type": "message",
        "user": "U07GDL0H5",
        "text": "i think twitter would be easy ... just sign a statment and post it to your twitter feed, like keybase.",
        "ts": "1438664359.000011"
    },
    {
        "type": "message",
        "user": "U08ERPTQF",
        "text": "Agree content is pervasive across different client implementations until the ephemeral drop off",
        "ts": "1438664490.000012"
    },
    {
        "type": "message",
        "user": "U08EZP01H",
        "text": "autoimport is an interesting concept. didn't reddit start by posting the type of content they wanted to attract?",
        "ts": "1438664525.000013"
    },
    {
        "type": "message",
        "user": "U08ERPTQF",
        "text": "\"getting data out of Datt\" I was thinking more of the SEO or webspider use case",
        "ts": "1438664711.000014"
    },
    {
        "type": "message",
        "user": "U08EZP01H",
        "text": "Could that be a revenue stream itself?",
        "ts": "1438664776.000015"
    },
    {
        "type": "message",
        "user": "U08ERPTQF",
        "text": "<@U08EZP01H>: for sure most sites start with a bootstrap of content that is currently popular on one of it's competitors",
        "ts": "1438664796.000016"
    },
    {
        "type": "message",
        "user": "U08ERPTQF",
        "text": "it could be a service offered by certain nodes, they may both cache and expose crawler friendly post content for a small fee",
        "ts": "1438664916.000017"
    },
    {
        "type": "message",
        "user": "U08EZP01H",
        "text": "Oh that's cool. Make it a value add. If our model is to build 'Content Node 1', that's low hanging fruit with network effects.",
        "ts": "1438665020.000018"
    },
    {
        "type": "message",
        "user": "U08EZP01H",
        "text": "Down the road we could expand on the concept by letting nodes value-add storage at a competitive $\/GB",
        "ts": "1438665178.000019"
    },
    {
        "type": "message",
        "user": "U08EZP01H",
        "text": "Or bandwidth.",
        "ts": "1438665277.000020"
    },
    {
        "type": "message",
        "user": "U08ERPTQF",
        "text": ":thumbsup: ",
        "ts": "1438667894.000021"
    }
]