[
    {
        "user": "U09RYHDME",
        "type": "message",
        "subtype": "channel_join",
        "text": "<@U09RYHDME|kendamagendale> has joined the channel",
        "ts": "1440879797.000040"
    },
    {
        "type": "message",
        "user": "U08DD8LNP",
        "text": "<@U08ERPTQF>: I like the thinking, RE: the sound but I think a startup sound for a webpage is probably obnoxious",
        "ts": "1440886521.000041"
    },
    {
        "type": "message",
        "user": "U08DD8LNP",
        "text": "it might make sense for some other event though?",
        "ts": "1440886545.000042"
    },
    {
        "type": "message",
        "user": "U08ERPTQF",
        "text": "<@U08DD8LNP>: yea perhaps it's on post submission? Still weird for any web app to have sounds",
        "ts": "1440894120.000043"
    },
    {
        "type": "message",
        "user": "U08DD8LNP",
        "text": "maybe have it optional for incoming replies\/coin",
        "ts": "1440894166.000044"
    }
]