[
    {
        "user": "U08DGB0F2",
        "type": "message",
        "subtype": "channel_join",
        "text": "<@U08DGB0F2|travispatron> has joined the channel",
        "ts": "1439196142.000060"
    },
    {
        "user": "U08CCGGG1",
        "type": "message",
        "subtype": "channel_join",
        "text": "<@U08CCGGG1|ryan_onename> has joined the channel",
        "ts": "1439229043.000061"
    },
    {
        "user": "U08THCD7S",
        "type": "message",
        "subtype": "channel_join",
        "text": "<@U08THCD7S|brayton> has joined the channel",
        "ts": "1439270367.000062"
    },
    {
        "user": "U08F438SK",
        "type": "message",
        "subtype": "channel_join",
        "text": "<@U08F438SK|willy> has joined the channel",
        "ts": "1439275444.000063"
    }
]