[
    {
        "type": "message",
        "user": "U08E2KZM4",
        "text": "<!channel> we have a web demo of an iOS native app demo which adds Communities on top of Tradle\u2019s open source mobile (React Native-based) stack that uses bitcoin chain, bittorrent, p2p serverless DMs with OTR, NAT traversal, etc. \n\n<https:\/\/appetize.io\/app\/kk8ajnmfvw4narbm4m4wc6k858>\n\nWe started hacking it last weekend, but with the whole team moving to London for 3 month, could not work on it full time. It is far from perfect yet, so here are the instructions to work around some glitches:\n1. switch to iPhone 6 format (below the iphone simulator)\n2. Click Reload DB on the home screen. This loads up some sample data for the demo.\n3. Click on Tradle\u2019s bull logo.\n4. Enter some name \/ alias to create an identity on testnet\n5. Click Communities on home page. You should see 2 communities, they are like subreddits. Click + at the bottom to add more. Same way when you click on a community you can add posts. Same to add comments on a post. Post is a link post (text post coming later) for now. Nicely opens a webview if you click on a link.",
        "edited": {
            "user": "U08E2KZM4",
            "ts": "1439113985.000000"
        },
        "ts": "1439113958.003909"
    },
    {
        "type": "message",
        "user": "U08ERPTQF",
        "text": "<@U08E2KZM4>: I'm interested to understand in your demo, what is getting written to the blockchain and how do you envisage tipping working in the communities?",
        "ts": "1439114823.003912"
    },
    {
        "type": "message",
        "user": "U08E2KZM4",
        "text": "<@U08ERPTQF>: the main technical idea is that you can create all kinds of apps if you treat the blockchain in the same way as LinkedIn treats Apache Kafka - a log, which is a master copy of all the data.",
        "ts": "1439114935.003913"
    },
    {
        "type": "message",
        "user": "U08E2KZM4",
        "text": "that said as the blockchain can not and should not hold all the data, we approach messaging as a spectrum: 1) real time messages that are sent p2p and not logged. 2) persistent messages that are logged but not to the blockchain (this in the near future will use private, federated chains and sidechains, but for now uses a simple log implementation) 3) on-chain messages. The hash goes on-chain, the message body is saved by the keeper network that uses a standard bittorrent protocol but adds replication and incentives.",
        "edited": {
            "user": "U08E2KZM4",
            "ts": "1439115178.000000"
        },
        "ts": "1439115147.003914"
    },
    {
        "type": "message",
        "user": "U08E2KZM4",
        "text": "re: tipping - will rely on others to come up with the good scheme.",
        "ts": "1439115244.003917"
    },
    {
        "user": "U08R9090A",
        "type": "message",
        "subtype": "channel_join",
        "text": "<@U08R9090A|zucca> has joined the channel",
        "ts": "1439118674.003918"
    },
    {
        "type": "message",
        "user": "U08CG8V89",
        "text": "<@U07GDL0H5> et. al. - is the copyright datt 2015 on <http:\/\/datt.co> inconsistent with this being open source code and datt's principles? also, would it make sense to mention that this is an open source project (primarily from a getting others involved perspective but even just for the SEO aspects too)?",
        "ts": "1439124183.003919"
    },
    {
        "type": "message",
        "user": "U08C464NS",
        "text": "(Random thought). It'd be cool if there was a ShapeShift.io-like browser extension people could use that automatically converted cryptocoins into BTC, so the Datt network was cryptocurrency agnostic. Not sure how feasible that is with the technical backend you're using, but it'd open things a lot wider, bringing together the different \"clans\" in one place. The Doge army love tipping and community shizzle for example :stuck_out_tongue:",
        "ts": "1439127477.003920"
    },
    {
        "type": "message",
        "user": "U08C464NS",
        "text": "(It is already exists) <https:\/\/shapeshift.io\/site\/tools\/lens>",
        "attachments": [
            {
                "text": "Buy anything with your altcoins. Use the Shapeshift Lens to automatically pay any Bitcoin address with the altcoin of your choice.",
                "fallback": "Buy anything with your altcoins. Use the Shapeshift Lens to automatically pay any Bitcoin address with the altcoin of your choice.",
                "from_url": "https:\/\/shapeshift.io\/site\/tools\/lens",
                "id": 1
            }
        ],
        "ts": "1439127915.003921"
    },
    {
        "type": "message",
        "user": "U08C464NS",
        "text": "Obviously this adds a layer of centralization, but it'd be cool for users to have an option, even if it's not officially from Datt",
        "ts": "1439127985.003923",
        "reactions": [
            {
                "name": "+1",
                "users": [
                    "U08ERPTQF"
                ],
                "count": 1
            }
        ]
    },
    {
        "user": "U08REPG4T",
        "type": "message",
        "subtype": "channel_join",
        "text": "<@U08REPG4T|wanderer> has joined the channel",
        "ts": "1439144776.003924"
    },
    {
        "type": "message",
        "user": "U07GDL0H5",
        "text": "<@U08E2KZM4>: please do not use the \"channel\" name has that sends a notification to everyone on slack who has not disabled the notifications",
        "ts": "1439155785.003925"
    },
    {
        "type": "message",
        "user": "U07GDL0H5",
        "text": "<@U08CG8V89>: we haven't thought through the legal implications of the copyright, but i believe the simplest way to handle it is the way most open source projects go, which is a foundation ends up owning the copyright on the software. yet to be decided.",
        "ts": "1439155854.003926"
    },
    {
        "type": "message",
        "user": "U07GDL0H5",
        "text": "<@U08C464NS>: sounds like a fine idea to me, but not a priority for MVP",
        "ts": "1439155909.003927"
    },
    {
        "type": "message",
        "user": "U07GDL0H5",
        "text": "22 people have submitted an email on the \"beta signup\" form",
        "ts": "1439156154.003928",
        "reactions": [
            {
                "name": "tada",
                "users": [
                    "U08EZP01H",
                    "U08F438SK",
                    "U08ERPTQF",
                    "U08D641AP",
                    "U08F2RTCN"
                ],
                "count": 5
            }
        ]
    },
    {
        "type": "message",
        "user": "U08F438SK",
        "text": "congrats on website and twitter -- beautifully done :simple_smile:",
        "ts": "1439156694.003929"
    },
    {
        "type": "message",
        "user": "U08F438SK",
        "text": "my update: submitting pull req on datt-node this evening, tracking status on Trello board from yesterday",
        "ts": "1439156696.003930",
        "reactions": [
            {
                "name": "+1",
                "users": [
                    "U08ERPTQF",
                    "U08D641AP"
                ],
                "count": 2
            }
        ]
    },
    {
        "user": "U08RJJ1B8",
        "type": "message",
        "subtype": "channel_join",
        "text": "<@U08RJJ1B8|northben> has joined the channel",
        "ts": "1439160047.003931"
    },
    {
        "type": "message",
        "user": "U08E2KZM4",
        "text": "<@U07GDL0H5>: sorry, what is the less intrusive way to show what we have been working on?",
        "ts": "1439162599.003932"
    },
    {
        "user": "U08RK4T6Y",
        "type": "message",
        "subtype": "channel_join",
        "text": "<@U08RK4T6Y|ryan> has joined the channel",
        "ts": "1439162919.003933"
    },
    {
        "type": "message",
        "user": "U08RK4T6Y",
        "text": "re: copyright: Creating a company that can go non-profit later, and assigning copyright for anything that you want it to relicence out is a normal open source best practice. It also puts you in a good position to register the trademark which is usually the most important legal protection an open source project can have.",
        "ts": "1439163142.003934",
        "reactions": [
            {
                "name": "+1",
                "users": [
                    "U08ERPTQF"
                ],
                "count": 1
            }
        ]
    },
    {
        "type": "message",
        "user": "U08RK4T6Y",
        "text": "btw, hello everyone!",
        "ts": "1439163177.003935"
    },
    {
        "type": "message",
        "user": "U08RK4T6Y",
        "text": "How long until I can run a buggy version of the MVP?",
        "ts": "1439163198.003936"
    },
    {
        "type": "message",
        "user": "U08ERPTQF",
        "text": "<@U08RK4T6Y>: I agree the code is obviously licensed as open source, but the logo trademark is not (assuming <@U08C464NS> grants the copyright to Datt inc)\nBy my estimate the MVP is a few weeks away, but we need to work out exactly what that timeline looks like &amp; what resources are available to the project going forward",
        "ts": "1439173977.003937",
        "reactions": [
            {
                "name": "+1",
                "users": [
                    "U08RK4T6Y"
                ],
                "count": 1
            }
        ]
    },
    {
        "type": "message",
        "user": "U08BY8MGV",
        "text": "Meetup for  Datt working group next week: <http:\/\/www.meetup.com\/Decentralize-All-The-Things-Working-Group\/events\/224502242\/>.  Please text me at <tel:404-550-3746|404-550-3746> or message the slack channel to get in",
        "attachments": [
            {
                "service_name": "Meetup",
                "title": "Decentralize All The Things - Working Group",
                "title_link": "http:\/\/www.meetup.com\/Decentralize-All-The-Things-Working-Group\/events\/224502242\/",
                "text": "Come to Changetip's Office and help work on the Datt project. On most social media apps such as reddit, twitter, and facebook, users provide all the value, and a company at the middle earns all the mo",
                "fallback": "Meetup: Decentralize All The Things - Working Group",
                "thumb_url": "http:\/\/img1.meetupstatic.com\/img\/004881038276245959070\/new_logo_big.png",
                "from_url": "http:\/\/www.meetup.com\/Decentralize-All-The-Things-Working-Group\/events\/224502242\/",
                "thumb_width": 567,
                "thumb_height": 392,
                "id": 1
            }
        ],
        "ts": "1439180755.003938"
    },
    {
        "type": "message",
        "user": "U08F438SK",
        "text": "awesome location!",
        "ts": "1439180771.003940"
    },
    {
        "type": "message",
        "user": "U08BY8MGV",
        "text": "Please RSVP if you plan to make it so we can give Changetip an estimate of the group size in advance of Saturday. Excited to see everyone again!",
        "ts": "1439180831.003941"
    },
    {
        "type": "message",
        "user": "U08F438SK",
        "text": "RSVP-ed. Can I share the link with potentially interested parties (blockchain devs)?",
        "ts": "1439181183.003942"
    },
    {
        "type": "message",
        "user": "U08BY8MGV",
        "text": "Sure",
        "ts": "1439185434.003943"
    }
]