[
    {
        "type": "message",
        "user": "U07GDL0H5",
        "text": "Towards a Prototype <http:\/\/blog.datt.co\/articles\/2015-09-27-towards-a-prototype\/>",
        "ts": "1443410181.000169",
        "reactions": [
            {
                "name": "+1",
                "users": [
                    "U08DH3ESU",
                    "U08ERPTQF",
                    "U08MAKT70",
                    "U08F438SK"
                ],
                "count": 4
            }
        ]
    },
    {
        "type": "message",
        "subtype": "pinned_item",
        "user": "U08DH3ESU",
        "item_type": "C",
        "attachments": [
            {
                "color": "D0D0D0",
                "fallback": "[September 27th, 2015 8:16 PM] ryanxcharles: Towards a Prototype <http:\/\/blog.datt.co\/articles\/2015-09-27-towards-a-prototype\/>",
                "author_subname": "ryanxcharles",
                "ts": "1443410181.000169",
                "text": "Towards a Prototype <http:\/\/blog.datt.co\/articles\/2015-09-27-towards-a-prototype\/>",
                "author_link": "https:\/\/dattnetwork.slack.com\/team\/ryanxcharles",
                "author_icon": "https:\/\/secure.gravatar.com\/avatar\/17e6619ba42a009b25f1883641e64e1c.jpg?s=48&d=https%3A%2F%2Fslack.global.ssl.fastly.net%2F3654%2Fimg%2Favatars%2Fava_0021-48.png",
                "mrkdwn_in": [
                    "text"
                ]
            }
        ],
        "text": "<@U08DH3ESU|aramkris> pinned a message to this channel.",
        "ts": "1443412747.000170"
    },
    {
        "type": "message",
        "user": "U08C464NS",
        "text": "<@U07GDL0H5>: what has changed since the last estimate date for the prototype (Sep10) ? Now it's pushed back 2 more months",
        "ts": "1443423393.000171"
    }
]