[
    {
        "user": "U0BRYST8Q",
        "type": "message",
        "subtype": "channel_join",
        "text": "<@U0BRYST8Q|mwilcox> has joined the channel",
        "ts": "1444032820.000004"
    },
    {
        "type": "message",
        "user": "U0BRYST8Q",
        "text": "o\/",
        "ts": "1444032917.000005"
    },
    {
        "type": "message",
        "user": "U07GDL0H5",
        "text": "Towards a Prototype 2 <http:\/\/blog.datt.co\/articles\/2015-10-05-towards-a-prototype-2\/>",
        "ts": "1444082176.000006",
        "reactions": [
            {
                "name": "+1",
                "users": [
                    "U08MAKT70"
                ],
                "count": 1
            }
        ]
    },
    {
        "type": "message",
        "user": "U08F438SK",
        "text": ":+1: ",
        "ts": "1444099852.000007"
    },
    {
        "type": "message",
        "user": "U08FELZL7",
        "text": "Reddit finally introduces content curation in their new project:\n<http:\/\/www.wired.com\/2015\/10\/no-comments-allowed-reddits-new-news-site-upvoted\/?mbid=social_fb>\nSeems like the whole Internet finally understands that masses are quite bad at choosing what is truly interesting, and that you actually need editors.\n\u2018The team of around ten will find stories on Reddit, verify the details, interview the original posters, and then write articles for Upvoted. At launch, the site will share around 10 to 20 stories a day, but eventually they hope to post closer to 40\u2019. \n\nSounds like the group of people on Facebook who decide what\u2019s \u2018Trending\u2019 today\u2026",
        "attachments": [
            {
                "service_name": "WIRED",
                "title": "Reddit is now in the publishing game\u2014and its news site is comment-free",
                "title_link": "http:\/\/www.wired.com\/2015\/10\/no-comments-allowed-reddits-new-news-site-upvoted\/?mbid=social_fb",
                "text": "Like any Silicon Valley tech outfit, Reddit is trying something new. Today the company\u00a0is launching a standalone news site, Upvoted, to capitalize on what it does best:\u00a0surfacing interesting stuff from the Internet.",
                "fallback": "WIRED: Reddit is now in the publishing game\u2014and its news site is comment-free",
                "image_url": "http:\/\/www.wired.com\/wp-content\/uploads\/2015\/10\/reddit_news-01NEW-660x330.jpg",
                "image_width": 500,
                "image_height": 250,
                "from_url": "http:\/\/www.wired.com\/2015\/10\/no-comments-allowed-reddits-new-news-site-upvoted\/?mbid=social_fb",
                "image_bytes": 33546,
                "id": 1
            }
        ],
        "ts": "1444106348.000008"
    },
    {
        "type": "message",
        "user": "U07GDL0H5",
        "text": "that's pretty fascinating",
        "ts": "1444109717.000010"
    }
]