[
    {
        "type": "message",
        "user": "U08EZP01H",
        "text": "Was on HN today <http:\/\/zohaib.me\/p2p-webrtc-file-sharing-app-broker-using-phoenix\/>",
        "attachments": [
            {
                "service_name": "zabirauf || Zohaib",
                "title": "P2P WebRTC file sharing app: Broker using Phoenix",
                "title_link": "http:\/\/zohaib.me\/p2p-webrtc-file-sharing-app-broker-using-phoenix\/",
                "text": "WebRTC was created primarily for video and voice communication but it has the API to send raw binary data between two browsers as well. This opens up a lot of opportunities to create more peer to peer web application which...",
                "fallback": "zabirauf || Zohaib: P2P WebRTC file sharing app: Broker using Phoenix",
                "ts": 1439195854,
                "from_url": "http:\/\/zohaib.me\/p2p-webrtc-file-sharing-app-broker-using-phoenix\/",
                "id": 1
            }
        ],
        "ts": "1439519522.004080"
    },
    {
        "type": "message",
        "user": "U08ERPTQF",
        "text": "<@U08EZP01H>: that seems really similar to EphemeralP2P but adapted to send the raw binary data instead of JSON content.",
        "ts": "1439520441.004082"
    },
    {
        "type": "message",
        "user": "U08F2RTCN",
        "text": "<@U08EZP01H>: thanks for sharing the P2P link , yep it does look like EphermeralP2P, btw there are tons of good links on Slack and its hard to keep track, how do we put this in our reading list or export it to github.",
        "ts": "1439520808.004083"
    },
    {
        "type": "message",
        "user": "U08ERPTQF",
        "text": "Ryan keeps adding links to GitHub dattdocs readme.md but anyone with repo access can :simple_smile:",
        "ts": "1439522939.004084"
    },
    {
        "type": "message",
        "user": "U08F2RTCN",
        "text": "cool, thanks <@U08ERPTQF>",
        "ts": "1439523851.004085"
    },
    {
        "type": "message",
        "user": "U08DH3ESU",
        "text": "Attribution is the new currency, and the stakes are high. Can verification be accomplished with today\u2019s Internet? Perhaps. Can finding the source of any type of intellectual property be done in a way that also provides credit, attribution, ability to use\/re-use\/build upon, and compensate the creator be accomplished with any type of speed or ease? Absolutely not. A central concern, therefore, of a newly-imagined Internet would be to utilize Blockchain technology to address these issues.\n\nWhat if, for instance, there was a CMS of sorts that allowed for content creators to not only publish their work to the Internet, but also \u2013 at the same time \u2013 to register their work and the associated \u201crules\u201d around their work to the Blockchain.  <http:\/\/www.forbes.com\/sites\/georgehoward\/2015\/08\/12\/blockchain-technology-is-our-chance-to-rebuild-the-internet-in-a-way-that-benefits-creators\/>",
        "attachments": [
            {
                "service_name": "Forbes",
                "title": "Blockchain Technology Is Our Chance To Rebuild The Internet In A Way That Benefits Creators",
                "title_link": "http:\/\/www.forbes.com\/sites\/georgehoward\/2015\/08\/12\/blockchain-technology-is-our-chance-to-rebuild-the-internet-in-a-way-that-benefits-creators\/",
                "text": "Blockchain technology could allow us to reinvent the Internet in a way that provides the proper credit and attribution to content creators while facilitating the usage of sharing and building upon their works in a way that benefits everyone.",
                "fallback": "Forbes: Blockchain Technology Is Our Chance To Rebuild The Internet In A Way That Benefits Creators",
                "thumb_url": "http:\/\/blogs-images.forbes.com\/georgehoward\/files\/2015\/08\/colu-logo-1940x1116.jpg",
                "ts": 1439362800,
                "from_url": "http:\/\/www.forbes.com\/sites\/georgehoward\/2015\/08\/12\/blockchain-technology-is-our-chance-to-rebuild-the-internet-in-a-way-that-benefits-creators\/",
                "thumb_width": 1940,
                "thumb_height": 1116,
                "id": 1
            }
        ],
        "ts": "1439526858.004086"
    }
]