[
    {
        "type": "message",
        "user": "U08MAKT70",
        "text": "The CoinDesk Datt article was just included in my bitcoin Google news alert digest :simple_smile:",
        "ts": "1441184383.000100"
    },
    {
        "user": "U0A2DMSSF",
        "type": "message",
        "subtype": "channel_join",
        "text": "<@U0A2DMSSF|rupy> has joined the channel",
        "ts": "1441215647.000101"
    },
    {
        "user": "U0A2ZC6VB",
        "type": "message",
        "subtype": "channel_join",
        "text": "<@U0A2ZC6VB|suren> has joined the channel",
        "ts": "1441235252.000102"
    }
]